version 2
JvmtiExport can_access_local_variables 0
JvmtiExport can_hotswap_or_post_breakpoint 1
JvmtiExport can_post_on_exceptions 0
# 235 ciObject found
instanceKlass sun/security/ec/ECOperations
ciInstanceKlass java/lang/Cloneable 1 0 7 100 1 100 1 1 1
instanceKlass  @bci sun/security/util/MemoryCache put (Ljava/lang/Object;Ljava/lang/Object;Z)V 126 <appendix> member <vmtarget> ; # sun/security/util/MemoryCache$$TypeSwitch+0x0000000023809e10
instanceKlass sun/net/www/protocol/http/AuthCacheValue
instanceKlass sun/security/ssl/TransportContext$NotifyHandshake
instanceKlass com/sun/crypto/provider/GaloisCounterMode$EncryptOp
instanceKlass sun/security/ssl/SSLBasicKeyDerivation
instanceKlass sun/security/ssl/Finished$1
instanceKlass sun/security/ssl/Finished$T13VerifyDataGenerator
instanceKlass sun/security/ssl/Finished$T12VerifyDataGenerator
instanceKlass sun/security/ssl/Finished$T10VerifyDataGenerator
instanceKlass sun/security/ssl/Finished$S30VerifyDataGenerator
instanceKlass sun/security/ssl/Finished$VerifyDataGenerator
instanceKlass sun/security/util/math/IntegerModuloP$MultiplicativeInverser$Secp256R1Field
instanceKlass sun/security/ssl/X509Authentication$X509Credentials
instanceKlass sun/security/util/HostnameChecker
instanceKlass sun/security/util/AnchorCertificates
instanceKlass sun/security/validator/CamerfirmaTLSPolicy
instanceKlass sun/security/validator/EntrustTLSPolicy
instanceKlass sun/security/validator/SymantecTLSPolicy
instanceKlass java/security/cert/PKIXCertPathValidatorResult
instanceKlass java/security/cert/CertPathValidatorResult
# instanceKlass sun/security/ec/ECDSASignature$$Lambda+0x0000000023804bd8
instanceKlass  @bci sun/security/ec/ECDSASignature engineVerify ([B)Z 37 <appendix> member <vmtarget> ; # sun/security/ec/ECDSASignature$$Lambda+0x00000000238049a8
# instanceKlass sun/security/ec/ECDSAOperations$$Lambda+0x0000000023804758
instanceKlass  @bci sun/security/ec/ECDSAOperations forParameters (Ljava/security/spec/ECParameterSpec;)Ljava/util/Optional; 7 <appendix> member <vmtarget> ; # sun/security/ec/ECDSAOperations$$Lambda+0x0000000023804508
instanceKlass sun/security/ec/ECDSAOperations
instanceKlass java/security/interfaces/DSAPublicKey
instanceKlass java/security/interfaces/DSAKey
instanceKlass sun/security/provider/certpath/CertPathConstraintsParameters
instanceKlass sun/security/provider/certpath/PKIXMasterCertPathValidator
instanceKlass sun/security/provider/certpath/PolicyNodeImpl
instanceKlass java/security/cert/PolicyNode
instanceKlass sun/security/util/DisabledAlgorithmConstraints$CertPathHolder
# instanceKlass sun/security/x509/X509CertImpl$$Lambda+0x0000000023802dd0
instanceKlass  @bci sun/security/x509/X509CertImpl getFingerprint (Ljava/lang/String;Lsun/security/util/Debug;)Ljava/lang/String; 7 <appendix> member <vmtarget> ; # sun/security/x509/X509CertImpl$$Lambda+0x0000000023802b80
instanceKlass sun/security/util/UntrustedCertificates
instanceKlass java/security/cert/X509CertSelector
instanceKlass java/security/cert/CertSelector
instanceKlass sun/security/provider/certpath/PKIX$ValidatorParams
instanceKlass sun/security/provider/certpath/PKIX
instanceKlass java/security/cert/CertPathValidatorSpi
instanceKlass java/security/cert/CertPathValidator
instanceKlass java/security/cert/PKIXCertPathChecker
instanceKlass java/security/cert/CertPathChecker
instanceKlass sun/security/ssl/SSLAlgorithmConstraints$SupportedSignatureAlgorithmConstraints
instanceKlass java/security/cert/PKIXParameters
instanceKlass java/security/cert/CertPathParameters
instanceKlass sun/security/provider/certpath/CertPathHelper
instanceKlass java/security/cert/TrustAnchor
instanceKlass sun/security/validator/EndEntityChecker
instanceKlass sun/security/validator/Validator
instanceKlass javax/net/ssl/SSLEngine
instanceKlass sun/security/provider/certpath/CertId
instanceKlass sun/security/provider/certpath/OCSPResponse$SingleResponse
instanceKlass sun/security/provider/certpath/OCSP$RevocationStatus
instanceKlass sun/security/provider/certpath/ResponderId
instanceKlass sun/security/provider/certpath/OCSPResponse
instanceKlass sun/security/ssl/CertStatusExtension$CertStatusResponse
instanceKlass sun/security/ssl/CertStatusExtension$CertStatusResponseSpec
instanceKlass sun/security/ssl/CertificateMessage$CertificateEntry
instanceKlass sun/security/ssl/ServerNameExtension$SHServerNamesSpec
instanceKlass com/sun/crypto/provider/GaloisCounterMode$DecryptOp
instanceKlass com/sun/crypto/provider/GaloisCounterMode$GCMOperation
instanceKlass com/sun/crypto/provider/GHASH
instanceKlass com/sun/crypto/provider/GCM
instanceKlass com/sun/crypto/provider/GaloisCounterMode$GCMEngine
instanceKlass javax/crypto/spec/GCMParameterSpec
instanceKlass sun/security/ssl/ChangeCipherSpec$T13ChangeCipherSpecConsumer
instanceKlass sun/security/ssl/ChangeCipherSpec$T10ChangeCipherSpecProducer
instanceKlass sun/security/ssl/ChangeCipherSpec$T10ChangeCipherSpecConsumer
instanceKlass sun/security/ssl/ChangeCipherSpec
instanceKlass javax/crypto/spec/IvParameterSpec
instanceKlass sun/security/ssl/SSLTrafficKeyDerivation$T13TrafficKeyDerivation
instanceKlass sun/security/ssl/SSLTrafficKeyDerivation$1
instanceKlass sun/security/ssl/SSLTrafficKeyDerivation$T13TrafficKeyDerivationGenerator
instanceKlass sun/security/ssl/SSLTrafficKeyDerivation$T12TrafficKeyDerivationGenerator
instanceKlass sun/security/ssl/SSLTrafficKeyDerivation$T10TrafficKeyDerivationGenerator
instanceKlass sun/security/ssl/SSLTrafficKeyDerivation$S30TrafficKeyDerivationGenerator
instanceKlass sun/security/ssl/SSLKeyDerivationGenerator
instanceKlass javax/crypto/spec/HKDFParameterSpec$Expand
instanceKlass sun/security/ssl/SSLSecretDerivation
instanceKlass javax/crypto/MacSpi
instanceKlass javax/crypto/Mac
instanceKlass javax/crypto/spec/HKDFParameterSpec$Extract
instanceKlass javax/crypto/spec/HKDFParameterSpec$Builder
instanceKlass javax/crypto/spec/HKDFParameterSpec
instanceKlass javax/crypto/KDFSpi
instanceKlass javax/crypto/KDF
instanceKlass  @bci javax/crypto/spec/SecretKeySpec <clinit> ()V 0 <appendix> argL0 ; # javax/crypto/spec/SecretKeySpec$$Lambda+0x00000000237fa810
instanceKlass jdk/internal/access/JavaxCryptoSpecAccess
instanceKlass javax/crypto/spec/SecretKeySpec
# instanceKlass sun/security/ec/XDHKeyAgreement$$Lambda+0x00000000237fa310
# instanceKlass sun/security/ec/XDHKeyAgreement$$Lambda+0x00000000237fa0e8
instanceKlass  @bci sun/security/ec/XDHKeyAgreement engineDoPhase (Ljava/security/Key;Z)Ljava/security/Key; 70 <appendix> argL0 ; # sun/security/ec/XDHKeyAgreement$$Lambda+0x00000000237f9ea0
instanceKlass  @bci sun/security/ec/XDHKeyAgreement initImpl (Ljava/security/Key;)V 66 <appendix> argL0 ; # sun/security/ec/XDHKeyAgreement$$Lambda+0x00000000237f9c78
instanceKlass  @bci sun/security/ec/XDHKeyAgreement initImpl (Ljava/security/Key;)V 38 <appendix> argL0 ; # sun/security/ec/XDHKeyAgreement$$Lambda+0x00000000237f9a30
instanceKlass  @bci sun/security/ec/XDHKeyAgreement initImpl (Ljava/security/Key;)V 22 <appendix> argL0 ; # sun/security/ec/XDHKeyAgreement$$Lambda+0x00000000237f97e8
instanceKlass javax/crypto/KeyAgreementSpi
instanceKlass sun/security/ssl/KAKeyDerivation
instanceKlass sun/security/ssl/XDHKeyExchange$XDHEKAGenerator
instanceKlass sun/security/ssl/XDHKeyExchange
instanceKlass  @bci sun/security/ec/XDHKeyFactory generatePublicImpl (Ljava/security/spec/KeySpec;)Ljava/security/PublicKey; 101 <appendix> argL0 ; # sun/security/ec/XDHKeyFactory$$Lambda+0x00000000237f8cd8
# instanceKlass sun/security/ec/XDHKeyFactory$$Lambda+0x00000000237f8a90
instanceKlass  @bci sun/security/ec/XDHKeyFactory generatePublicImpl (Ljava/security/spec/KeySpec;)Ljava/security/PublicKey; 85 <appendix> argL0 ; # sun/security/ec/XDHKeyFactory$$Lambda+0x00000000237f8848
# instanceKlass sun/security/ec/XDHKeyFactory$$TypeSwitch+0x00000000237f8638
instanceKlass  @bci sun/security/ec/XDHKeyFactory generatePublicImpl (Ljava/security/spec/KeySpec;)Ljava/security/PublicKey; 6 <appendix> member <vmtarget> ; # sun/security/ec/XDHKeyFactory$$TypeSwitch+0x00000000237f8428
instanceKlass java/security/spec/XECPublicKeySpec
instanceKlass sun/security/ssl/XDHKeyExchange$XDHECredentials
instanceKlass sun/security/ssl/NamedGroupCredentials
instanceKlass sun/security/ssl/KeyShareExtension$SHKeyShareSpec
instanceKlass sun/security/ssl/HandshakeHash$CloneableHash
instanceKlass sun/security/ssl/HandshakeHash$T13HandshakeHash
instanceKlass sun/security/ssl/SupportedVersionsExtension$SHSupportedVersionsSpec
instanceKlass sun/security/ssl/TransportContext$1
instanceKlass sun/security/ssl/Plaintext
instanceKlass sun/security/ssl/OutputRecord$T13PaddingHolder
instanceKlass sun/security/ssl/KeyShareExtension$CHKeyShareSpec
instanceKlass sun/security/util/math/IntegerModuloP$MultiplicativeInverser$Secp256R1
instanceKlass sun/security/ec/point/MutablePoint
instanceKlass sun/security/ec/ECOperations$DefaultMultiplier
instanceKlass sun/security/ec/ECOperations$Secp256R1GeneratorMontgomeryMultiplier
instanceKlass sun/security/ec/ECOperations$PointMultiplier
instanceKlass  @bci sun/security/ec/ECPrivateKeyImpl calculatePublicKey ()Ljava/security/PublicKey; 9 <appendix> argL0 ; # sun/security/ec/ECPrivateKeyImpl$$Lambda+0x00000000237f4868
instanceKlass sun/security/util/ArrayUtil
instanceKlass java/security/interfaces/ECPrivateKey
instanceKlass sun/security/ec/ECOperations
instanceKlass sun/security/ssl/ECDHKeyExchange$ECDHEPossession
instanceKlass sun/security/ssl/KeyShareExtension$KeyShareEntry
instanceKlass sun/security/ssl/XDHKeyExchange$1
instanceKlass java/security/interfaces/XECPrivateKey
instanceKlass java/security/interfaces/XECPublicKey
instanceKlass java/security/interfaces/XECKey
instanceKlass java/security/KeyPair
instanceKlass sun/security/util/math/IntegerModuloP$MultiplicativeInverser$Default
instanceKlass sun/security/util/math/IntegerModuloP$MultiplicativeInverser
instanceKlass sun/security/util/math/MutableIntegerModuloP
instanceKlass sun/security/jca/JCAUtil$CachedSecureRandomHolder
instanceKlass sun/security/ec/XECOperations
instanceKlass sun/security/ec/XECParameters
instanceKlass  @bci sun/security/ec/XDHKeyPairGenerator initialize (Ljava/security/spec/AlgorithmParameterSpec;Ljava/security/SecureRandom;)V 0 <appendix> argL0 ; # sun/security/ec/XDHKeyPairGenerator$$Lambda+0x00000000237f06a8
instanceKlass sun/security/ssl/XDHKeyExchange$XDHEPossession
instanceKlass sun/security/ssl/ECDHKeyExchange$ECDHEXDHKAGenerator
instanceKlass sun/security/ssl/ECDHKeyExchange$ECDHEKAGenerator
instanceKlass sun/security/ssl/ECDHKeyExchange$ECDHKAGenerator
instanceKlass sun/security/ssl/ECDHKeyExchange$ECDHEPossessionGenerator
instanceKlass sun/security/ssl/ECDHKeyExchange
instanceKlass sun/security/ssl/DHKeyExchange$DHEKAGenerator
instanceKlass sun/security/ssl/DHKeyExchange$DHEPossessionGenerator
instanceKlass sun/security/ssl/DHKeyExchange
instanceKlass sun/security/ssl/RSAKeyExchange$RSAKAGenerator
instanceKlass sun/security/ssl/RSAKeyExchange$EphemeralRSAPossessionGenerator
instanceKlass sun/security/ssl/RSAKeyExchange
instanceKlass sun/security/ssl/SSLKeyExchange$T13KeyAgreement
instanceKlass sun/security/ssl/SSLKeyAgreement
instanceKlass sun/security/ssl/SSLPossessionGenerator
instanceKlass sun/security/ssl/SSLKeyExchange
instanceKlass sun/security/ssl/SSLHandshakeBinding
instanceKlass sun/security/ssl/SSLKeyAgreementGenerator
instanceKlass sun/security/ssl/PskKeyExchangeModesExtension$PskKeyExchangeModesSpec
instanceKlass sun/security/ssl/SupportedVersionsExtension$CHSupportedVersionsSpec
instanceKlass sun/security/ssl/SignatureAlgorithmsExtension$SignatureSchemesSpec
instanceKlass  @bci sun/security/util/DisabledAlgorithmConstraints permits (Ljava/lang/String;Ljava/util/Set;)Z 20 <appendix> member <vmtarget> ; # sun/security/util/DisabledAlgorithmConstraints$$Lambda+0x00000000237ecbf0
instanceKlass sun/security/ssl/ExtendedMasterSecretExtension$ExtendedMasterSecretSpec
instanceKlass sun/security/ssl/CertStatusExtension$CertStatusRequestV2Spec
instanceKlass sun/security/ssl/ECPointFormatsExtension$ECPointFormatsSpec
instanceKlass sun/security/ssl/SupportedGroupsExtension$SupportedGroupsSpec
instanceKlass sun/security/ssl/CertStatusExtension$CertStatusRequest
instanceKlass sun/security/ssl/CertStatusExtension$CertStatusRequestSpec
instanceKlass sun/security/ssl/ServerNameExtension$CHServerNamesSpec
instanceKlass sun/security/ssl/SSLExtension$SSLExtensionSpec
instanceKlass sun/security/ssl/SSLExtension$ClientExtensions
instanceKlass sun/security/ssl/PreSharedKeyExtension$SHPreSharedKeyStringizer
instanceKlass sun/security/ssl/PreSharedKeyExtension$SHPreSharedKeyAbsence
instanceKlass sun/security/ssl/PreSharedKeyExtension$SHPreSharedKeyConsumer
instanceKlass sun/security/ssl/PreSharedKeyExtension$SHPreSharedKeyProducer
instanceKlass sun/security/ssl/PreSharedKeyExtension$CHPreSharedKeyStringizer
instanceKlass sun/security/ssl/PreSharedKeyExtension$CHPreSharedKeyOnTradeAbsence
instanceKlass sun/security/ssl/PreSharedKeyExtension$CHPreSharedKeyUpdate
instanceKlass sun/security/ssl/PreSharedKeyExtension$CHPreSharedKeyOnLoadAbsence
instanceKlass sun/security/ssl/PreSharedKeyExtension$CHPreSharedKeyConsumer
instanceKlass sun/security/ssl/PreSharedKeyExtension$CHPreSharedKeyProducer
instanceKlass sun/security/ssl/PreSharedKeyExtension
instanceKlass sun/security/ssl/RenegoInfoExtension$RenegotiationInfoStringizer
instanceKlass sun/security/ssl/RenegoInfoExtension$SHRenegotiationInfoAbsence
instanceKlass sun/security/ssl/RenegoInfoExtension$SHRenegotiationInfoConsumer
instanceKlass sun/security/ssl/RenegoInfoExtension$SHRenegotiationInfoProducer
instanceKlass sun/security/ssl/RenegoInfoExtension$CHRenegotiationInfoAbsence
instanceKlass sun/security/ssl/RenegoInfoExtension$CHRenegotiationInfoConsumer
instanceKlass sun/security/ssl/RenegoInfoExtension$CHRenegotiationInfoProducer
instanceKlass sun/security/ssl/RenegoInfoExtension
instanceKlass sun/security/ssl/KeyShareExtension$HRRKeyShareStringizer
instanceKlass sun/security/ssl/KeyShareExtension$HRRKeyShareReproducer
instanceKlass sun/security/ssl/KeyShareExtension$HRRKeyShareConsumer
instanceKlass sun/security/ssl/KeyShareExtension$HRRKeyShareProducer
instanceKlass sun/security/ssl/KeyShareExtension$SHKeyShareStringizer
instanceKlass sun/security/ssl/KeyShareExtension$SHKeyShareAbsence
instanceKlass sun/security/ssl/KeyShareExtension$SHKeyShareConsumer
instanceKlass sun/security/ssl/KeyShareExtension$SHKeyShareProducer
instanceKlass sun/security/ssl/KeyShareExtension$CHKeyShareStringizer
instanceKlass sun/security/ssl/KeyShareExtension$CHKeyShareOnTradeAbsence
instanceKlass sun/security/ssl/KeyShareExtension$CHKeyShareConsumer
instanceKlass sun/security/ssl/KeyShareExtension$CHKeyShareProducer
instanceKlass sun/security/ssl/KeyShareExtension
instanceKlass sun/security/ssl/CertSignAlgsExtension$CertSignatureSchemesStringizer
instanceKlass sun/security/ssl/CertSignAlgsExtension$CRCertSignatureSchemesUpdate
instanceKlass sun/security/ssl/CertSignAlgsExtension$CRCertSignatureSchemesConsumer
instanceKlass sun/security/ssl/CertSignAlgsExtension$CRCertSignatureSchemesProducer
instanceKlass sun/security/ssl/CertSignAlgsExtension$CHCertSignatureSchemesUpdate
instanceKlass sun/security/ssl/CertSignAlgsExtension$CHCertSignatureSchemesConsumer
instanceKlass sun/security/ssl/CertSignAlgsExtension$CHCertSignatureSchemesProducer
instanceKlass sun/security/ssl/CertSignAlgsExtension
instanceKlass sun/security/ssl/CertificateAuthoritiesExtension$CertificateAuthoritiesStringizer
instanceKlass sun/security/ssl/CertificateAuthoritiesExtension$CRCertificateAuthoritiesConsumer
instanceKlass sun/security/ssl/CertificateAuthoritiesExtension$CRCertificateAuthoritiesProducer
instanceKlass sun/security/ssl/CertificateAuthoritiesExtension$CHCertificateAuthoritiesConsumer
instanceKlass sun/security/ssl/CertificateAuthoritiesExtension$CHCertificateAuthoritiesProducer
instanceKlass sun/security/ssl/CertificateAuthoritiesExtension
instanceKlass sun/security/ssl/PskKeyExchangeModesExtension$PskKeyExchangeModesStringizer
instanceKlass sun/security/ssl/PskKeyExchangeModesExtension$PskKeyExchangeModesOnTradeAbsence
instanceKlass sun/security/ssl/PskKeyExchangeModesExtension$PskKeyExchangeModesOnLoadAbsence
instanceKlass sun/security/ssl/PskKeyExchangeModesExtension$PskKeyExchangeModesConsumer
instanceKlass sun/security/ssl/PskKeyExchangeModesExtension$PskKeyExchangeModesProducer
instanceKlass sun/security/ssl/PskKeyExchangeModesExtension
instanceKlass sun/security/ssl/CookieExtension$CookieStringizer
instanceKlass sun/security/ssl/CookieExtension$HRRCookieReproducer
instanceKlass sun/security/ssl/CookieExtension$HRRCookieConsumer
instanceKlass sun/security/ssl/CookieExtension$HRRCookieProducer
instanceKlass sun/security/ssl/CookieExtension$CHCookieUpdate
instanceKlass sun/security/ssl/CookieExtension$CHCookieConsumer
instanceKlass sun/security/ssl/CookieExtension$CHCookieProducer
instanceKlass sun/security/ssl/CookieExtension
instanceKlass sun/security/ssl/SupportedVersionsExtension$HRRSupportedVersionsReproducer
instanceKlass sun/security/ssl/SupportedVersionsExtension$HRRSupportedVersionsConsumer
instanceKlass sun/security/ssl/SupportedVersionsExtension$HRRSupportedVersionsProducer
instanceKlass sun/security/ssl/SupportedVersionsExtension$SHSupportedVersionsStringizer
instanceKlass sun/security/ssl/SupportedVersionsExtension$SHSupportedVersionsConsumer
instanceKlass sun/security/ssl/SupportedVersionsExtension$SHSupportedVersionsProducer
instanceKlass sun/security/ssl/SupportedVersionsExtension$CHSupportedVersionsStringizer
instanceKlass sun/security/ssl/SupportedVersionsExtension$CHSupportedVersionsConsumer
instanceKlass sun/security/ssl/SupportedVersionsExtension$CHSupportedVersionsProducer
instanceKlass sun/security/ssl/SupportedVersionsExtension
instanceKlass sun/security/ssl/SignatureAlgorithmsExtension$SignatureSchemesStringizer
instanceKlass sun/security/ssl/SignatureAlgorithmsExtension$CRSignatureSchemesUpdate
instanceKlass sun/security/ssl/SignatureAlgorithmsExtension$CRSignatureSchemesAbsence
instanceKlass sun/security/ssl/SignatureAlgorithmsExtension$CRSignatureSchemesConsumer
instanceKlass sun/security/ssl/SignatureAlgorithmsExtension$CRSignatureSchemesProducer
instanceKlass sun/security/ssl/SignatureAlgorithmsExtension$CHSignatureSchemesOnTradeAbsence
instanceKlass sun/security/ssl/SignatureAlgorithmsExtension$CHSignatureSchemesUpdate
instanceKlass sun/security/ssl/SignatureAlgorithmsExtension$CHSignatureSchemesOnLoadAbsence
instanceKlass sun/security/ssl/SignatureAlgorithmsExtension$CHSignatureSchemesConsumer
instanceKlass sun/security/ssl/SignatureAlgorithmsExtension$CHSignatureSchemesProducer
instanceKlass sun/security/ssl/SignatureAlgorithmsExtension
instanceKlass sun/security/ssl/SessionTicketExtension$SessionTicketStringizer
instanceKlass sun/security/ssl/SessionTicketExtension$T12SHSessionTicketConsumer
instanceKlass sun/security/ssl/SessionTicketExtension$T12SHSessionTicketProducer
instanceKlass sun/security/ssl/SessionTicketExtension$T12CHSessionTicketConsumer
instanceKlass sun/security/ssl/SessionTicketExtension$T12CHSessionTicketProducer
instanceKlass sun/security/ssl/SessionTicketExtension
instanceKlass sun/security/ssl/ExtendedMasterSecretExtension$ExtendedMasterSecretStringizer
instanceKlass sun/security/ssl/ExtendedMasterSecretExtension$SHExtendedMasterSecretAbsence
instanceKlass sun/security/ssl/ExtendedMasterSecretExtension$SHExtendedMasterSecretConsumer
instanceKlass sun/security/ssl/ExtendedMasterSecretExtension$SHExtendedMasterSecretProducer
instanceKlass sun/security/ssl/ExtendedMasterSecretExtension$CHExtendedMasterSecretAbsence
instanceKlass sun/security/ssl/ExtendedMasterSecretExtension$CHExtendedMasterSecretConsumer
instanceKlass sun/security/ssl/ExtendedMasterSecretExtension$CHExtendedMasterSecretProducer
instanceKlass sun/security/ssl/ExtendedMasterSecretExtension
instanceKlass sun/security/ssl/AlpnExtension$AlpnStringizer
instanceKlass sun/security/ssl/AlpnExtension$SHAlpnAbsence
instanceKlass sun/security/ssl/AlpnExtension$SHAlpnConsumer
instanceKlass sun/security/ssl/AlpnExtension$SHAlpnProducer
instanceKlass sun/security/ssl/AlpnExtension$CHAlpnAbsence
instanceKlass sun/security/ssl/AlpnExtension$CHAlpnConsumer
instanceKlass sun/security/ssl/AlpnExtension$CHAlpnProducer
instanceKlass sun/security/ssl/AlpnExtension
instanceKlass sun/security/ssl/ECPointFormatsExtension$ECPointFormatsStringizer
instanceKlass sun/security/ssl/ECPointFormatsExtension$SHECPointFormatsConsumer
instanceKlass sun/security/ssl/ECPointFormatsExtension$CHECPointFormatsConsumer
instanceKlass sun/security/ssl/ECPointFormatsExtension$CHECPointFormatsProducer
instanceKlass sun/security/ssl/ECPointFormatsExtension
instanceKlass sun/security/ssl/SupportedGroupsExtension$EESupportedGroupsConsumer
instanceKlass sun/security/ssl/SupportedGroupsExtension$EESupportedGroupsProducer
instanceKlass sun/security/ssl/SupportedGroupsExtension$SupportedGroupsStringizer
instanceKlass sun/security/ssl/SupportedGroupsExtension$CHSupportedGroupsOnTradeAbsence
instanceKlass sun/security/ssl/SupportedGroupsExtension$CHSupportedGroupsConsumer
instanceKlass sun/security/ssl/SupportedGroupsExtension$CHSupportedGroupsProducer
instanceKlass sun/security/ssl/SupportedGroupsExtension
instanceKlass sun/security/ssl/CertStatusExtension$CertStatusRespStringizer
instanceKlass sun/security/ssl/CertStatusExtension$CertStatusRequestsStringizer
instanceKlass sun/security/ssl/CertStatusExtension$SHCertStatusReqV2Consumer
instanceKlass sun/security/ssl/CertStatusExtension$SHCertStatusReqV2Producer
instanceKlass sun/security/ssl/CertStatusExtension$CHCertStatusReqV2Consumer
instanceKlass sun/security/ssl/CertStatusExtension$CHCertStatusReqV2Producer
instanceKlass sun/security/ssl/CertStatusExtension$CertStatusRequestStringizer
instanceKlass sun/security/ssl/CertStatusExtension$CTCertStatusResponseConsumer
instanceKlass sun/security/ssl/CertStatusExtension$CTCertStatusResponseProducer
instanceKlass sun/security/ssl/CertStatusExtension$SHCertStatusReqConsumer
instanceKlass sun/security/ssl/CertStatusExtension$SHCertStatusReqProducer
instanceKlass sun/security/ssl/CertStatusExtension$CHCertStatusReqConsumer
instanceKlass sun/security/ssl/CertStatusExtension$CHCertStatusReqProducer
instanceKlass sun/security/ssl/CertStatusExtension
instanceKlass sun/security/ssl/MaxFragExtension$MaxFragLenStringizer
instanceKlass sun/security/ssl/MaxFragExtension$EEMaxFragmentLengthUpdate
instanceKlass sun/security/ssl/MaxFragExtension$EEMaxFragmentLengthConsumer
instanceKlass sun/security/ssl/MaxFragExtension$EEMaxFragmentLengthProducer
instanceKlass sun/security/ssl/MaxFragExtension$SHMaxFragmentLengthUpdate
instanceKlass sun/security/ssl/MaxFragExtension$SHMaxFragmentLengthConsumer
instanceKlass sun/security/ssl/MaxFragExtension$SHMaxFragmentLengthProducer
instanceKlass sun/security/ssl/MaxFragExtension$CHMaxFragmentLengthConsumer
instanceKlass sun/security/ssl/MaxFragExtension$CHMaxFragmentLengthProducer
instanceKlass sun/security/ssl/MaxFragExtension
instanceKlass sun/security/ssl/ServerNameExtension$EEServerNameConsumer
instanceKlass sun/security/ssl/ServerNameExtension$EEServerNameProducer
instanceKlass sun/security/ssl/ServerNameExtension$SHServerNamesStringizer
instanceKlass sun/security/ssl/ServerNameExtension$SHServerNameConsumer
instanceKlass sun/security/ssl/ServerNameExtension$SHServerNameProducer
instanceKlass sun/security/ssl/ServerNameExtension$CHServerNamesStringizer
instanceKlass sun/security/ssl/ServerNameExtension$CHServerNameConsumer
instanceKlass sun/security/ssl/SSLExtension$ExtensionConsumer
instanceKlass sun/security/ssl/ServerNameExtension$CHServerNameProducer
instanceKlass sun/security/ssl/ServerNameExtension
instanceKlass sun/security/ssl/SSLStringizer
instanceKlass sun/security/ssl/SSLExtensions
instanceKlass sun/security/ssl/SSLHandshake$HandshakeMessage
instanceKlass sun/security/ssl/RandomCookie
instanceKlass sun/security/ssl/SSLKeyDerivation
instanceKlass sun/security/ssl/SSLCredentials
instanceKlass sun/security/ssl/NamedGroupPossession
instanceKlass sun/security/ssl/SSLPossession
instanceKlass sun/security/ssl/HandshakeContext
instanceKlass sun/security/ssl/SSLConfiguration$1
instanceKlass javax/net/ssl/SSLParameters
instanceKlass sun/nio/ch/ExtendedSocketOption$1
instanceKlass sun/nio/ch/ExtendedSocketOption
instanceKlass sun/nio/ch/OptionKey
instanceKlass sun/nio/ch/SocketOptionRegistry$LazyInitialization
instanceKlass sun/nio/ch/SocketOptionRegistry$RegistryKey
instanceKlass sun/nio/ch/SocketOptionRegistry
instanceKlass java/net/StandardSocketOptions$StdSocketOption
instanceKlass java/net/StandardSocketOptions
instanceKlass jdk/internal/icu/impl/Trie2$UTrie2Header
instanceKlass jdk/internal/icu/impl/Trie2$1
instanceKlass jdk/internal/icu/impl/Trie2$ValueMapper
instanceKlass jdk/internal/icu/impl/Trie2
instanceKlass jdk/internal/icu/impl/UCharacterProperty$IsAcceptable
instanceKlass jdk/internal/icu/impl/UCharacterProperty$IntProperty
instanceKlass jdk/internal/icu/impl/UCharacterProperty
instanceKlass jdk/internal/icu/lang/UCharacter
instanceKlass jdk/internal/icu/impl/Trie
instanceKlass jdk/internal/icu/text/StringPrep$StringPrepTrieImpl
instanceKlass jdk/internal/icu/impl/Trie$DataManipulate
instanceKlass jdk/internal/icu/impl/StringPrepDataReader
instanceKlass jdk/internal/icu/text/StringPrep
instanceKlass java/net/IDN
instanceKlass javax/net/ssl/SNIServerName
instanceKlass java/net/InetAddress$CachedLookup
instanceKlass sun/net/InetAddressCachePolicy
instanceKlass  @bci java/net/InetAddress getAddressesFromNameService (Ljava/lang/String;)[Ljava/net/InetAddress; 94 <appendix> argL0 ; # java/net/InetAddress$$Lambda+0x00000000237d1f98
instanceKlass  @bci java/net/InetAddress loadResolver ()Ljava/net/spi/InetAddressResolver; 8 <appendix> argL0 ; # java/net/InetAddress$$Lambda+0x00000000237d1d50
instanceKlass java/net/spi/InetAddressResolverProvider
instanceKlass java/net/InetAddress$NameServiceAddresses
instanceKlass java/net/InetAddress$Addresses
instanceKlass java/util/concurrent/ConcurrentSkipListMap$Iter
instanceKlass sun/security/ssl/DTLSRecord
instanceKlass sun/security/ssl/SessionId
instanceKlass java/security/spec/MGF1ParameterSpec
instanceKlass sun/security/ec/ParametersMap$1
instanceKlass  @bci sun/security/ec/ed/EdDSAParameters <clinit> ()V 268 <appendix> argL0 ; # sun/security/ec/ed/EdDSAParameters$$Lambda+0x00000000237cec80
instanceKlass sun/security/ec/ed/EdDSAParameters$SHAKE256DigesterFactory
instanceKlass sun/security/ec/point/ProjectivePoint
instanceKlass  @bci sun/security/ec/ed/EdDSAParameters <clinit> ()V 117 <appendix> argL0 ; # sun/security/ec/ed/EdDSAParameters$$Lambda+0x00000000237cdbe0
instanceKlass sun/security/ec/ed/EdDSAParameters$SHA512DigesterFactory
instanceKlass sun/security/ec/ed/EdDSAParameters$DigesterFactory
instanceKlass sun/security/util/math/IntegerMontgomeryFieldModuloP
instanceKlass sun/security/ec/point/ExtendedHomogeneousPoint
instanceKlass sun/security/ec/point/ImmutablePoint
instanceKlass sun/security/ec/point/Point
instanceKlass sun/security/ec/point/AffinePoint
instanceKlass sun/security/util/math/intpoly/IntegerPolynomial$Limb
instanceKlass sun/security/util/math/SmallValue
instanceKlass sun/security/ec/ed/EdECOperations
instanceKlass sun/security/util/math/intpoly/IntegerPolynomial$Element
instanceKlass sun/security/util/math/ImmutableIntegerModuloP
instanceKlass sun/security/util/math/IntegerModuloP
instanceKlass sun/security/util/math/intpoly/IntegerPolynomial
instanceKlass sun/security/util/math/IntegerFieldModuloP
instanceKlass sun/security/ec/ParametersMap
instanceKlass sun/security/ec/ed/EdDSAParameters
instanceKlass  @bci sun/security/ec/ed/EdDSASignature <init> (Ljava/security/spec/NamedParameterSpec;)V 27 <appendix> argL0 ; # sun/security/ec/ed/EdDSASignature$$Lambda+0x00000000237cbe48
instanceKlass java/security/spec/EdDSAParameterSpec
instanceKlass javax/net/ssl/ExtendedSSLSession
instanceKlass javax/net/ssl/SSLSession
instanceKlass javax/crypto/spec/DHParameterSpec
instanceKlass sun/security/ssl/PredefinedDHParameterSpecs
instanceKlass sun/security/smartcardio/SunPCSC$1
instanceKlass org/jcp/xml/dsig/internal/dom/XMLDSigRI$2
instanceKlass org/jcp/xml/dsig/internal/dom/XMLDSigRI$1
instanceKlass  @bci sun/security/pkcs11/SunPKCS11 register (Lsun/security/pkcs11/SunPKCS11$Descriptor;)V 27 <appendix> argL0 ; # sun/security/pkcs11/SunPKCS11$$Lambda+0x000000002328f1d0
instanceKlass sun/security/pkcs11/SunPKCS11$Descriptor
instanceKlass javax/security/auth/Subject
instanceKlass javax/security/auth/callback/CallbackHandler
instanceKlass sun/security/jca/ProviderConfig$ProviderLoader
instanceKlass sun/security/ssl/NamedGroup$SupportedGroups
instanceKlass sun/security/ssl/SSLConfiguration$CustomizedClientSignatureSchemes
instanceKlass javax/crypto/KeyGeneratorSpi
instanceKlass javax/crypto/KeyGenerator
instanceKlass sun/security/ssl/SSLConfiguration
instanceKlass sun/security/ssl/SSLCipher$SSLWriteCipher
instanceKlass sun/security/ssl/KeyUpdate$KeyUpdateProducer
instanceKlass sun/security/ssl/KeyUpdate$KeyUpdateConsumer
instanceKlass sun/security/ssl/KeyUpdate$KeyUpdateKickstartProducer
instanceKlass sun/security/ssl/KeyUpdate
instanceKlass sun/security/ssl/CertificateStatus$CertificateStatusAbsence
instanceKlass sun/security/ssl/HandshakeAbsence
instanceKlass sun/security/ssl/CertificateStatus$CertificateStatusProducer
instanceKlass sun/security/ssl/CertificateStatus$CertificateStatusConsumer
instanceKlass sun/security/ssl/CertificateStatus
instanceKlass sun/security/ssl/Finished$T13FinishedProducer
instanceKlass sun/security/ssl/Finished$T13FinishedConsumer
instanceKlass sun/security/ssl/Finished$T12FinishedProducer
instanceKlass sun/security/ssl/Finished$T12FinishedConsumer
instanceKlass sun/security/ssl/Finished
instanceKlass sun/security/ssl/ClientKeyExchange$ClientKeyExchangeProducer
instanceKlass sun/security/ssl/ClientKeyExchange$ClientKeyExchangeConsumer
instanceKlass sun/security/ssl/ClientKeyExchange
instanceKlass sun/security/ssl/CertificateVerify$T13CertificateVerifyProducer
instanceKlass sun/security/ssl/CertificateVerify$T13CertificateVerifyConsumer
instanceKlass sun/security/ssl/CertificateVerify$T12CertificateVerifyProducer
instanceKlass sun/security/ssl/CertificateVerify$T12CertificateVerifyConsumer
instanceKlass sun/security/ssl/CertificateVerify$T10CertificateVerifyProducer
instanceKlass sun/security/ssl/CertificateVerify$T10CertificateVerifyConsumer
instanceKlass sun/security/ssl/CertificateVerify$S30CertificateVerifyProducer
instanceKlass sun/security/ssl/CertificateVerify$S30CertificateVerifyConsumer
instanceKlass sun/security/ssl/CertificateVerify
instanceKlass sun/security/ssl/ServerHelloDone$ServerHelloDoneProducer
instanceKlass sun/security/ssl/ServerHelloDone$ServerHelloDoneConsumer
instanceKlass sun/security/ssl/ServerHelloDone
instanceKlass sun/security/ssl/CertificateRequest$T13CertificateRequestProducer
instanceKlass sun/security/ssl/CertificateRequest$T13CertificateRequestConsumer
instanceKlass sun/security/ssl/CertificateRequest$T12CertificateRequestProducer
instanceKlass sun/security/ssl/CertificateRequest$T12CertificateRequestConsumer
instanceKlass sun/security/ssl/CertificateRequest$T10CertificateRequestProducer
instanceKlass sun/security/ssl/CertificateRequest$T10CertificateRequestConsumer
instanceKlass sun/security/ssl/CertificateRequest
instanceKlass sun/security/ssl/ServerKeyExchange$ServerKeyExchangeProducer
instanceKlass sun/security/ssl/ServerKeyExchange$ServerKeyExchangeConsumer
instanceKlass sun/security/ssl/ServerKeyExchange
instanceKlass sun/security/ssl/CertificateMessage$T13CertificateProducer
instanceKlass sun/security/ssl/CertificateMessage$T13CertificateConsumer
instanceKlass sun/security/ssl/CertificateMessage$T12CertificateProducer
instanceKlass sun/security/ssl/CertificateMessage$T12CertificateConsumer
instanceKlass sun/security/ssl/CertificateMessage
instanceKlass sun/security/ssl/EncryptedExtensions$EncryptedExtensionsConsumer
instanceKlass sun/security/ssl/EncryptedExtensions$EncryptedExtensionsProducer
instanceKlass sun/security/ssl/EncryptedExtensions
instanceKlass sun/security/ssl/NewSessionTicket$T12NewSessionTicketProducer
instanceKlass sun/security/ssl/NewSessionTicket$T13NewSessionTicketProducer
instanceKlass sun/security/ssl/NewSessionTicket$T12NewSessionTicketConsumer
instanceKlass sun/security/ssl/NewSessionTicket$T13NewSessionTicketConsumer
instanceKlass sun/security/ssl/NewSessionTicket
instanceKlass sun/security/ssl/HelloVerifyRequest$HelloVerifyRequestProducer
instanceKlass sun/security/ssl/HelloVerifyRequest$HelloVerifyRequestConsumer
instanceKlass sun/security/ssl/HelloVerifyRequest
instanceKlass sun/security/ssl/ServerHello$T13HelloRetryRequestConsumer
instanceKlass sun/security/ssl/ServerHello$T13ServerHelloConsumer
instanceKlass sun/security/ssl/ServerHello$T12ServerHelloConsumer
instanceKlass sun/security/ssl/ServerHello$T13HelloRetryRequestReproducer
instanceKlass sun/security/ssl/ServerHello$T13HelloRetryRequestProducer
instanceKlass sun/security/ssl/ServerHello$T13ServerHelloProducer
instanceKlass sun/security/ssl/ServerHello$T12ServerHelloProducer
instanceKlass sun/security/ssl/ServerHello$ServerHelloConsumer
instanceKlass sun/security/ssl/ServerHello
instanceKlass sun/security/ssl/ClientHello$D13ClientHelloConsumer
instanceKlass sun/security/ssl/ClientHello$D12ClientHelloConsumer
instanceKlass sun/security/ssl/ClientHello$T13ClientHelloConsumer
instanceKlass sun/security/ssl/ClientHello$T12ClientHelloConsumer
instanceKlass sun/security/ssl/HandshakeConsumer
instanceKlass sun/security/ssl/ClientHello$ClientHelloProducer
instanceKlass sun/security/ssl/ClientHello$ClientHelloConsumer
instanceKlass sun/security/ssl/ClientHello$ClientHelloKickstartProducer
instanceKlass sun/security/ssl/ClientHello
instanceKlass sun/security/ssl/HelloRequest$HelloRequestProducer
instanceKlass sun/security/ssl/HelloRequest$HelloRequestConsumer
instanceKlass sun/security/ssl/HelloRequest$HelloRequestKickstartProducer
instanceKlass sun/security/ssl/SSLProducer
instanceKlass sun/security/ssl/HelloRequest
instanceKlass sun/security/ssl/HandshakeProducer
instanceKlass sun/security/ssl/SSLConsumer
instanceKlass sun/security/ssl/Authenticator$MacImpl
instanceKlass sun/security/ssl/Authenticator$MAC
instanceKlass sun/security/ssl/Authenticator
instanceKlass sun/security/ssl/SSLCipher$SSLReadCipher
instanceKlass sun/security/ssl/InputRecord
instanceKlass sun/security/ssl/SSLRecord
instanceKlass sun/security/ssl/Record
instanceKlass sun/security/ssl/TransportContext
instanceKlass sun/security/ssl/ConnectionContext
instanceKlass sun/security/ssl/HandshakeHash$CacheOnlyHash
instanceKlass sun/security/ssl/HandshakeHash$TranscriptHash
instanceKlass sun/security/ssl/HandshakeHash
instanceKlass java/net/SocksConsts
instanceKlass sun/security/ssl/SSLTransport
instanceKlass sun/net/www/http/KeepAliveKey
instanceKlass sun/net/NetworkClient
instanceKlass javax/net/ssl/HandshakeCompletedListener
instanceKlass sun/net/spi/DefaultProxySelector$NonProxyInfo
instanceKlass java/net/Proxy
instanceKlass java/net/ProxySelector
instanceKlass java/net/ResponseCache
instanceKlass java/net/CookieHandler
instanceKlass sun/net/util/ProxyUtil
instanceKlass  @bci sun/net/www/protocol/http/AuthCacheImpl getAuthCacheFor (Ljava/net/Authenticator;)Lsun/net/www/protocol/http/AuthCacheImpl; 4 <appendix> argL0 ; # sun/net/www/protocol/http/AuthCacheImpl$$Lambda+0x0000000023477498
instanceKlass sun/net/www/protocol/http/AuthCacheImpl
instanceKlass sun/net/www/protocol/http/AuthCache
instanceKlass sun/net/NetProperties
instanceKlass  @bci sun/security/ssl/SSLContextImpl engineInit ([Ljavax/net/ssl/KeyManager;[Ljavax/net/ssl/TrustManager;Ljava/security/SecureRandom;)V 57 <appendix> argL0 ; # sun/security/ssl/SSLContextImpl$$Lambda+0x0000000023476230
instanceKlass javax/net/ssl/X509ExtendedKeyManager
instanceKlass javax/net/ssl/X509KeyManager
instanceKlass javax/net/ssl/KeyManager
instanceKlass javax/net/ssl/KeyManagerFactorySpi
instanceKlass javax/net/ssl/KeyManagerFactory
instanceKlass javax/net/ssl/X509ExtendedTrustManager
instanceKlass javax/net/ssl/X509TrustManager
instanceKlass javax/net/ssl/TrustManager
instanceKlass sun/security/validator/TrustStoreUtil
# instanceKlass java/lang/invoke/LambdaForm$DMH+0x00000000237b8000
instanceKlass sun/security/x509/NetscapeCertTypeExtension$MapEntry
instanceKlass java/security/interfaces/ECPublicKey
instanceKlass  @bci sun/security/ec/ECKeyFactory implGeneratePublic (Ljava/security/spec/KeySpec;)Ljava/security/PublicKey; 6 <appendix> member <vmtarget> ; # sun/security/ec/ECKeyFactory$$TypeSwitch+0x0000000023473bc0
instanceKlass java/security/spec/ECPublicKeySpec
instanceKlass java/security/PKCS12Attribute
instanceKlass java/security/KeyStore$Entry$Attribute
instanceKlass sun/security/pkcs12/PKCS12KeyStore$Entry
instanceKlass sun/security/util/IOUtils
instanceKlass java/security/KeyStoreSpi
instanceKlass java/security/KeyStore
instanceKlass sun/security/util/FilePaths
instanceKlass sun/security/ssl/TrustStoreManager$TrustStoreDescriptor
instanceKlass sun/security/ssl/TrustStoreManager$TrustAnchorManager
instanceKlass sun/security/ssl/TrustStoreManager
instanceKlass javax/net/ssl/TrustManagerFactorySpi
instanceKlass javax/net/ssl/TrustManagerFactory
instanceKlass sun/security/ssl/SSLContextImpl$DefaultManagersHolder
instanceKlass sun/security/ssl/SSLSessionContextImpl
instanceKlass javax/net/ssl/SSLSessionContext
instanceKlass sun/security/ssl/EphemeralKeyManager$EphemeralKeyPair
instanceKlass sun/security/ssl/EphemeralKeyManager
instanceKlass sun/security/ssl/SSLContextImpl$CustomizedSSLProtocols
instanceKlass java/security/spec/NamedParameterSpec
instanceKlass sun/security/util/ECKeySizeParameterSpec
instanceKlass java/security/AlgorithmParametersSpi
instanceKlass java/security/AlgorithmParameters
instanceKlass sun/security/util/ECUtil
instanceKlass java/security/KeyPairGeneratorSpi
instanceKlass javax/crypto/KeyAgreement
instanceKlass sun/security/ssl/JsseJce$EcAvailability
instanceKlass sun/security/ssl/SSLAlgorithmDecomposer$1
instanceKlass sun/security/ssl/Utilities
instanceKlass sun/security/ssl/JsseJce
instanceKlass sun/security/ssl/NamedGroup$XDHScheme
instanceKlass sun/security/ssl/NamedGroup$FFDHEScheme
instanceKlass sun/security/ssl/NamedGroup$ECDHEScheme
instanceKlass sun/security/ssl/NamedGroup$NamedGroupScheme
instanceKlass sun/security/ssl/SSLCipher$T13CC20P1305WriteCipherGenerator
instanceKlass sun/security/ssl/SSLCipher$T12CC20P1305WriteCipherGenerator
instanceKlass sun/security/ssl/SSLCipher$T13CC20P1305ReadCipherGenerator
instanceKlass sun/security/ssl/SSLCipher$T12CC20P1305ReadCipherGenerator
instanceKlass sun/security/ssl/SSLCipher$T13GcmWriteCipherGenerator
instanceKlass sun/security/ssl/SSLCipher$T13GcmReadCipherGenerator
instanceKlass sun/security/ssl/SSLCipher$T12GcmWriteCipherGenerator
instanceKlass sun/security/ssl/SSLCipher$T12GcmReadCipherGenerator
instanceKlass com/sun/crypto/provider/AESConstants
instanceKlass javax/crypto/JceSecurityManager
instanceKlass sun/security/ssl/SSLCipher$T11BlockWriteCipherGenerator
instanceKlass sun/security/ssl/SSLCipher$T11BlockReadCipherGenerator
instanceKlass com/sun/crypto/provider/PKCS5Padding
instanceKlass com/sun/crypto/provider/Padding
instanceKlass com/sun/crypto/provider/FeedbackCipher
instanceKlass com/sun/crypto/provider/SymmetricCipher
instanceKlass com/sun/crypto/provider/DESConstants
instanceKlass com/sun/crypto/provider/CipherCore
instanceKlass sun/security/ssl/SSLCipher$T10BlockWriteCipherGenerator
instanceKlass sun/security/ssl/SSLCipher$T10BlockReadCipherGenerator
instanceKlass javax/crypto/CipherSpi
instanceKlass javax/crypto/ProviderVerifier
instanceKlass java/lang/Class$Holder
instanceKlass javax/crypto/JceSecurity$1
instanceKlass java/util/Vector$Itr
instanceKlass javax/crypto/CryptoPolicyParser$CryptoPermissionEntry
instanceKlass javax/crypto/CryptoPolicyParser$GrantEntry
instanceKlass java/io/StreamTokenizer
instanceKlass javax/crypto/CryptoPolicyParser
instanceKlass java/nio/file/Files$1
instanceKlass javax/crypto/JceSecurity
instanceKlass javax/crypto/Cipher$Transform
instanceKlass javax/crypto/Cipher
instanceKlass sun/security/ssl/SSLCipher$StreamWriteCipherGenerator
instanceKlass sun/security/ssl/SSLCipher$StreamReadCipherGenerator
instanceKlass sun/security/ssl/SSLCipher$NullWriteCipherGenerator
instanceKlass sun/security/ssl/SSLCipher$WriteCipherGenerator
instanceKlass sun/security/ssl/SSLCipher$NullReadCipherGenerator
instanceKlass sun/security/ssl/SSLCipher$ReadCipherGenerator
instanceKlass  @bci sun/security/util/DisabledAlgorithmConstraints checkDisabledPatterns (Ljava/lang/String;)Z 17 <appendix> member <vmtarget> ; # sun/security/util/DisabledAlgorithmConstraints$$Lambda+0x00000000234636a0
instanceKlass sun/security/ssl/SSLAlgorithmConstraints
instanceKlass sun/security/ssl/SSLLogger
instanceKlass javax/net/ssl/SSLContextSpi
instanceKlass javax/net/ssl/SSLContext
instanceKlass javax/net/ssl/SSLSocketFactory$DefaultFactoryHolder
instanceKlass javax/net/SocketFactory
instanceKlass javax/net/ssl/HttpsURLConnection$DefaultHostnameVerifier
instanceKlass javax/net/ssl/HostnameVerifier
instanceKlass org/eclipse/jdt/internal/corext/fix/helper/LambdaQueries
instanceKlass org/eclipse/jdt/internal/corext/dom/Bindings$1
instanceKlass  @bci org/eclipse/jdt/internal/corext/dom/Bindings getAllSuperTypes (Lorg/eclipse/jdt/core/dom/ITypeBinding;)[Lorg/eclipse/jdt/core/dom/ITypeBinding; 10 <appendix> member <vmtarget> ; # org/eclipse/jdt/internal/corext/dom/Bindings$$Lambda+0x00000000237b4ed0
instanceKlass  @bci org/eclipse/jdt/internal/corext/codemanipulation/StubUtility2Core <clinit> ()V 0 <appendix> argL0 ; # org/eclipse/jdt/internal/corext/codemanipulation/StubUtility2Core$$Lambda+0x00000000237b4c78
instanceKlass org/eclipse/jdt/internal/corext/codemanipulation/StubUtility2Core
instanceKlass org/eclipse/jdt/internal/corext/refactoring/code/makestatic/InitialConditionsChecker
instanceKlass org/eclipse/jdt/internal/corext/refactoring/code/makestatic/ContextCalculator
instanceKlass org/eclipse/jdt/internal/corext/refactoring/code/InlineMethodRefactoring$Mode
instanceKlass org/eclipse/jdt/internal/corext/refactoring/code/TargetProvider
instanceKlass org/eclipse/jdt/internal/corext/refactoring/code/SourceAnalyzer
instanceKlass org/eclipse/jdt/internal/corext/refactoring/code/ParameterData
instanceKlass org/eclipse/jdt/internal/corext/refactoring/code/SourceProvider
instanceKlass org/eclipse/jdt/internal/corext/refactoring/util/JavaElementUtil
instanceKlass  @bci org/eclipse/jdt/ls/core/internal/corrections/RefactorProcessor getInlineProposal (Lorg/eclipse/jdt/ui/text/java/IInvocationContext;Lorg/eclipse/jdt/core/dom/ASTNode;Ljava/util/Collection;)Z 354 <appendix> argL0 ; # org/eclipse/jdt/ls/core/internal/corrections/RefactorProcessor$$Lambda+0x00000000237964a0
instanceKlass org/eclipse/jdt/ls/core/internal/text/correction/RefactorProposalUtility$MoveMemberInfo
instanceKlass  @bci org/eclipse/jdt/ls/core/internal/text/correction/RefactorProposalUtility getDisplayName (Lorg/eclipse/jdt/core/dom/ASTNode;)Ljava/lang/String; 47 <appendix> argL0 ; # org/eclipse/jdt/ls/core/internal/text/correction/RefactorProposalUtility$$Lambda+0x0000000023796060
instanceKlass  @bci org/eclipse/jdt/ls/core/internal/text/correction/RefactorProposalUtility getDisplayName (Lorg/eclipse/jdt/core/dom/ASTNode;)Ljava/lang/String; 37 <appendix> argL0 ; # org/eclipse/jdt/ls/core/internal/text/correction/RefactorProposalUtility$$Lambda+0x0000000023795e18
instanceKlass org/eclipse/jdt/internal/core/builder/StringSet
# instanceKlass java/lang/invoke/LambdaForm$MH+0x00000000237ad400
# instanceKlass java/lang/invoke/LambdaForm$MH+0x00000000237ad000
# instanceKlass java/lang/invoke/LambdaForm$MH+0x00000000237acc00
# instanceKlass java/lang/invoke/LambdaForm$DMH+0x00000000237ac800
instanceKlass  @bci org/eclipse/core/runtime/Plugin savePluginPreferences ()V 41 <appendix> member <vmtarget> ; # org/eclipse/core/runtime/Plugin$$Lambda+0x00000000237ae000
instanceKlass org/eclipse/core/internal/watson/DefaultElementComparator
instanceKlass  @bci org/eclipse/core/internal/resources/SaveManager sortTrees ([Lorg/eclipse/core/internal/watson/ElementTree;)[Lorg/eclipse/core/internal/watson/ElementTree; 44 <appendix> argL0 ; # org/eclipse/core/internal/resources/SaveManager$$Lambda+0x00000000237a55b0
instanceKlass  @bci org/eclipse/core/internal/resources/SaveManager visitAndSnap (Lorg/eclipse/core/resources/IResource;)V 203 <appendix> form vmentry <vmtarget> ; # java/lang/invoke/LambdaForm$DMH+0x00000000237ac400
instanceKlass  @bci org/eclipse/core/internal/resources/SaveManager visitAndSnap (Lorg/eclipse/core/resources/IResource;)V 203 <appendix> member <vmtarget> ; # org/eclipse/core/internal/resources/SaveManager$$Lambda+0x00000000237a5380
instanceKlass  @cpi org/eclipse/core/internal/resources/SaveManager 2131 form vmentry <vmtarget> ; # java/lang/invoke/LambdaForm$DMH+0x00000000237ac000
instanceKlass org/eclipse/core/internal/dtree/DataTreeWriter
instanceKlass org/eclipse/core/internal/watson/ElementTreeWriter$1
instanceKlass org/eclipse/core/internal/watson/ElementTreeWriter
instanceKlass com/microsoft/java/builder/jdtbuilder/ClasspathLocation
instanceKlass  @bci com/microsoft/java/builder/BuildStateManager lambda$1 (Lorg/eclipse/core/resources/ISaveContext;Ljava/util/ArrayList;)[Lorg/eclipse/core/runtime/IStatus; 34 <appendix> argL0 ; # com/microsoft/java/builder/BuildStateManager$$Lambda+0x00000000237a38f0
instanceKlass  @bci com/microsoft/java/builder/BuildStateManager lambda$1 (Lorg/eclipse/core/resources/ISaveContext;Ljava/util/ArrayList;)[Lorg/eclipse/core/runtime/IStatus; 24 <appendix> argL0 ; # com/microsoft/java/builder/BuildStateManager$$Lambda+0x00000000237a3698
instanceKlass  @bci com/microsoft/java/builder/BuildStateManager lambda$1 (Lorg/eclipse/core/resources/ISaveContext;Ljava/util/ArrayList;)[Lorg/eclipse/core/runtime/IStatus; 14 <appendix> member <vmtarget> ; # com/microsoft/java/builder/BuildStateManager$$Lambda+0x00000000237a3448
instanceKlass com/microsoft/java/builder/BuildStateManager$ProjectInfo
instanceKlass  @bci com/microsoft/java/builder/BuildStateManager savingTimed (Lorg/eclipse/core/resources/ISaveContext;)V 122 <appendix> member <vmtarget> ; # com/microsoft/java/builder/BuildStateManager$$Lambda+0x00000000237a3000
instanceKlass  @bci com/microsoft/java/builder/BuildStateManager savingTimed (Lorg/eclipse/core/resources/ISaveContext;)V 105 <appendix> member <vmtarget> ; # com/microsoft/java/builder/BuildStateManager$$Lambda+0x0000000023430d28
instanceKlass java/io/ObjectOutputStream$ReplaceTable
instanceKlass java/io/ObjectOutputStream$HandleTable
instanceKlass  @bci java/util/stream/Nodes$CollectorTask$OfRef <init> (Ljava/util/stream/PipelineHelper;Ljava/util/function/IntFunction;Ljava/util/Spliterator;)V 9 <appendix> argL0 ; # java/util/stream/Nodes$CollectorTask$OfRef$$Lambda+0x000000002345f508
instanceKlass java/util/stream/Nodes$AbstractConcNode
instanceKlass  @bci java/util/stream/Nodes$CollectorTask$OfRef <init> (Ljava/util/stream/PipelineHelper;Ljava/util/function/IntFunction;Ljava/util/Spliterator;)V 4 <appendix> member <vmtarget> ; # java/util/stream/Nodes$CollectorTask$OfRef$$Lambda+0x000000002345a2a8
instanceKlass  @cpi java/util/stream/Nodes$CollectorTask$OfRef 63 form vmentry <vmtarget> ; # java/lang/invoke/LambdaForm$DMH+0x00000000237a2800
instanceKlass java/util/function/LongFunction
instanceKlass  @bci org/eclipse/jdt/internal/core/JavaModelManager lambda$6 (Lorg/eclipse/core/resources/ISaveContext;Ljava/util/ArrayList;)[Lorg/eclipse/core/runtime/IStatus; 34 <appendix> argL0 ; # org/eclipse/jdt/internal/core/JavaModelManager$$Lambda+0x0000000023783b00
instanceKlass  @bci org/eclipse/jdt/internal/core/JavaModelManager lambda$6 (Lorg/eclipse/core/resources/ISaveContext;Ljava/util/ArrayList;)[Lorg/eclipse/core/runtime/IStatus; 24 <appendix> argL0 ; # org/eclipse/jdt/internal/core/JavaModelManager$$Lambda+0x00000000237838a8
instanceKlass  @bci org/eclipse/jdt/internal/core/JavaModelManager lambda$6 (Lorg/eclipse/core/resources/ISaveContext;Ljava/util/ArrayList;)[Lorg/eclipse/core/runtime/IStatus; 14 <appendix> member <vmtarget> ; # org/eclipse/jdt/internal/core/JavaModelManager$$Lambda+0x0000000023783658
instanceKlass  @bci org/eclipse/jdt/internal/core/JavaModelManager savingTimed (Lorg/eclipse/core/resources/ISaveContext;)V 239 <appendix> member <vmtarget> ; # org/eclipse/jdt/internal/core/JavaModelManager$$Lambda+0x0000000023783428
instanceKlass  @bci org/eclipse/jdt/internal/core/JavaModelManager savingTimed (Lorg/eclipse/core/resources/ISaveContext;)V 221 <appendix> member <vmtarget> ; # org/eclipse/jdt/internal/core/JavaModelManager$$Lambda+0x00000000237831f8
instanceKlass org/eclipse/jdt/internal/core/JavaModelManager$VariablesAndContainersSaveHelper
instanceKlass org/eclipse/core/internal/resources/SaveManager$1
instanceKlass org/eclipse/core/internal/resources/SaveContext
instanceKlass org/eclipse/core/internal/utils/StringPoolJob$1
instanceKlass org/eclipse/core/internal/utils/StringPool
# instanceKlass java/lang/invoke/LambdaForm$MH+0x00000000237a2400
# instanceKlass java/lang/invoke/LambdaForm$MH+0x00000000237a2000
# instanceKlass java/lang/invoke/LambdaForm$MH+0x00000000237a1c00
# instanceKlass java/lang/invoke/LambdaForm$MH+0x00000000237a1800
# instanceKlass java/lang/invoke/LambdaForm$MH+0x00000000237a1400
# instanceKlass java/lang/invoke/LambdaForm$MH+0x00000000237a1000
# instanceKlass java/lang/invoke/LambdaForm$MH+0x00000000237a0c00
# instanceKlass java/lang/invoke/LambdaForm$MH+0x00000000237a0800
# instanceKlass java/lang/invoke/LambdaForm$MH+0x00000000237a0400
# instanceKlass java/lang/invoke/LambdaForm$MH+0x00000000237a0000
# instanceKlass java/lang/invoke/LambdaForm$MH+0x000000002379fc00
# instanceKlass java/lang/invoke/LambdaForm$MH+0x000000002379f800
# instanceKlass java/lang/invoke/LambdaForm$MH+0x000000002379f400
# instanceKlass java/lang/invoke/LambdaForm$DMH+0x000000002379f000
# instanceKlass java/lang/invoke/LambdaForm$MH+0x000000002379ec00
# instanceKlass java/lang/invoke/LambdaForm$MH+0x000000002379e800
# instanceKlass java/lang/invoke/LambdaForm$MH+0x000000002379e400
# instanceKlass java/lang/invoke/LambdaForm$MH+0x000000002379e000
# instanceKlass java/lang/invoke/LambdaForm$MH+0x000000002379dc00
# instanceKlass java/lang/invoke/LambdaForm$MH+0x000000002379d800
# instanceKlass java/lang/invoke/LambdaForm$MH+0x000000002379d400
# instanceKlass java/lang/invoke/LambdaForm$MH+0x000000002379d000
# instanceKlass java/lang/invoke/LambdaForm$MH+0x000000002379cc00
instanceKlass org/eclipse/jdt/internal/core/search/NameMatchRequestorWrapper
instanceKlass org/eclipse/jdt/internal/codeassist/SelectionEngine$2
# instanceKlass java/lang/invoke/LambdaForm$MH+0x000000002379c800
# instanceKlass java/lang/invoke/LambdaForm$MH+0x000000002379c400
instanceKlass  @bci org/eclipse/jdt/ls/core/internal/handlers/JDTLanguageServer rangeFormatting (Lorg/eclipse/lsp4j/DocumentRangeFormattingParams;)Ljava/util/concurrent/CompletableFuture; 21 <appendix> member <vmtarget> ; # org/eclipse/jdt/ls/core/internal/handlers/JDTLanguageServer$$Lambda+0x0000000023795bc8
# instanceKlass java/lang/invoke/LambdaForm$MH+0x000000002379c000
instanceKlass org/eclipse/jdt/ls/core/internal/handlers/PasteEventHandler
instanceKlass org/eclipse/jdt/ls/core/internal/handlers/PasteEventHandler$PasteEventParams
instanceKlass org/eclipse/jdt/internal/corext/refactoring/surround/ExceptionAnalyzer$ExceptionComparator
instanceKlass org/eclipse/jdt/internal/core/hierarchy/ChangeCollector
instanceKlass org/eclipse/jdt/internal/core/DeltaProcessor$4
instanceKlass org/eclipse/jdt/internal/core/manipulation/BindingLabelProviderCore
instanceKlass org/eclipse/jdt/ls/core/internal/corrections/proposals/ProblemLocationWrapper
instanceKlass  @bci org/eclipse/jdt/ls/core/internal/handlers/SignatureHelpContext resolveParameterTypes (Lorg/eclipse/jdt/core/dom/ASTNode;)V 245 <appendix> argL0 ; # org/eclipse/jdt/ls/core/internal/handlers/SignatureHelpContext$$Lambda+0x0000000023794248
instanceKlass  @bci org/eclipse/jdt/ls/core/internal/handlers/SignatureHelpContext resolveParameterTypes (Lorg/eclipse/jdt/core/dom/ASTNode;)V 235 <appendix> argL0 ; # org/eclipse/jdt/ls/core/internal/handlers/SignatureHelpContext$$Lambda+0x0000000023794000
instanceKlass  @bci org/eclipse/jdt/ls/core/internal/handlers/SignatureHelpContext resolveParameterTypes (Lorg/eclipse/jdt/core/dom/ASTNode;)V 192 <appendix> argL0 ; # org/eclipse/jdt/ls/core/internal/handlers/SignatureHelpContext$$Lambda+0x000000002378bd58
instanceKlass  @bci org/eclipse/jdt/ls/core/internal/handlers/SignatureHelpContext resolveParameterTypes (Lorg/eclipse/jdt/core/dom/ASTNode;)V 182 <appendix> argL0 ; # org/eclipse/jdt/ls/core/internal/handlers/SignatureHelpContext$$Lambda+0x000000002378bb10
instanceKlass org/eclipse/jdt/ls/core/internal/handlers/SignatureHelpContext
instanceKlass org/eclipse/jdt/ls/core/internal/handlers/SignatureHelpUtils
instanceKlass  @bci org/eclipse/jdt/ls/core/internal/handlers/JDTLanguageServer signatureHelp (Lorg/eclipse/lsp4j/SignatureHelpParams;)Ljava/util/concurrent/CompletableFuture; 21 <appendix> member <vmtarget> ; # org/eclipse/jdt/ls/core/internal/handlers/JDTLanguageServer$$Lambda+0x000000002378aff0
instanceKlass org/eclipse/lsp4j/ParameterInformation
instanceKlass org/eclipse/lsp4j/SignatureInformation
instanceKlass org/eclipse/lsp4j/SignatureHelpContext
instanceKlass org/eclipse/jdt/internal/ui/text/correction/NameMatcher
instanceKlass org/eclipse/jdt/internal/ui/text/correction/ReorgCorrectionsBaseSubProcessor
instanceKlass org/eclipse/jdt/internal/ui/text/correction/TypeMismatchBaseSubProcessor
instanceKlass org/eclipse/jdt/internal/ui/text/correction/UnresolvedElementsBaseSubProcessor
instanceKlass  @bci org/eclipse/jdt/core/manipulation/internal/javadoc/JavadocLookup getInheritedMainDescription (Lorg/eclipse/jdt/core/IMethod;)Ljava/lang/CharSequence; 2 <appendix> argL0 ; # org/eclipse/jdt/core/manipulation/internal/javadoc/JavadocLookup$$Lambda+0x0000000023785508
instanceKlass  @bci org/eclipse/jdt/ls/core/internal/handlers/CompletionResolveHandler resolve (Lorg/eclipse/lsp4j/CompletionItem;Lorg/eclipse/core/runtime/IProgressMonitor;)Lorg/eclipse/lsp4j/CompletionItem; 1128 <appendix> member <vmtarget> ; # org/eclipse/jdt/ls/core/internal/handlers/CompletionResolveHandler$$Lambda+0x000000002378a3e8
instanceKlass com/google/common/util/concurrent/SimpleTimeLimiter
instanceKlass com/google/common/util/concurrent/TimeLimiter
instanceKlass org/eclipse/jdt/ls/core/internal/contentassist/ParameterGuesser$MatchComparator
instanceKlass org/eclipse/jdt/ls/core/internal/contentassist/ParameterGuesser$Variable
instanceKlass org/eclipse/jdt/ls/core/internal/contentassist/ParameterGuesser
# instanceKlass java/lang/invoke/LambdaForm$MH+0x0000000023791c00
# instanceKlass java/lang/invoke/LambdaForm$MH+0x0000000023791800
# instanceKlass java/lang/invoke/LambdaForm$MH+0x0000000023791400
# instanceKlass java/lang/invoke/LambdaForm$MH+0x0000000023791000
# instanceKlass java/lang/invoke/LambdaForm$MH+0x0000000023790c00
# instanceKlass java/lang/invoke/LambdaForm$MH+0x0000000023790800
# instanceKlass java/lang/invoke/LambdaForm$MH+0x0000000023790400
# instanceKlass java/lang/invoke/LambdaForm$MH+0x0000000023790000
# instanceKlass java/lang/invoke/LambdaForm$MH+0x000000002378fc00
# instanceKlass java/lang/invoke/LambdaForm$MH+0x000000002378f800
# instanceKlass java/lang/invoke/LambdaForm$MH+0x000000002378f400
# instanceKlass java/lang/invoke/LambdaForm$MH+0x000000002378f000
# instanceKlass java/lang/invoke/LambdaForm$MH+0x000000002378ec00
# instanceKlass java/lang/invoke/LambdaForm$MH+0x000000002378e800
# instanceKlass java/lang/invoke/LambdaForm$MH+0x000000002378e400
# instanceKlass java/lang/invoke/LambdaForm$MH+0x000000002378e000
# instanceKlass java/lang/invoke/LambdaForm$MH+0x000000002378dc00
# instanceKlass java/lang/invoke/LambdaForm$MH+0x000000002378d800
# instanceKlass java/lang/invoke/LambdaForm$MH+0x000000002378d400
# instanceKlass java/lang/invoke/LambdaForm$MH+0x000000002378d000
# instanceKlass java/lang/invoke/LambdaForm$MH+0x000000002378cc00
# instanceKlass java/lang/invoke/LambdaForm$MH+0x000000002378c800
# instanceKlass java/lang/invoke/LambdaForm$MH+0x000000002378c400
# instanceKlass java/lang/invoke/LambdaForm$MH+0x000000002378c000
instanceKlass  @bci org/eclipse/jdt/ls/core/internal/corext/template/java/PostfixTemplateEngine complete (Lorg/eclipse/jface/text/IDocument;ILorg/eclipse/jdt/core/ICompilationUnit;Lorg/eclipse/lsp4j/CompletionItemDefaults;)Ljava/util/List; 130 <appendix> argL0 ; # org/eclipse/jdt/ls/core/internal/corext/template/java/PostfixTemplateEngine$$Lambda+0x0000000023789758
instanceKlass  @bci org/eclipse/jdt/ls/core/internal/corext/template/java/PostfixTemplateEngine complete (Lorg/eclipse/jface/text/IDocument;ILorg/eclipse/jdt/core/ICompilationUnit;Lorg/eclipse/lsp4j/CompletionItemDefaults;)Ljava/util/List; 120 <appendix> member <vmtarget> ; # org/eclipse/jdt/ls/core/internal/corext/template/java/PostfixTemplateEngine$$Lambda+0x00000000237894f8
instanceKlass org/eclipse/jdt/core/manipulation/SharedASTProviderCore$WAIT_FLAG
instanceKlass org/eclipse/jdt/core/manipulation/SharedASTProviderCore
instanceKlass org/eclipse/jdt/ls/core/internal/corext/template/java/PostfixTemplateEngine
instanceKlass org/eclipse/jdt/ls/core/internal/corext/template/java/PostfixCompletionProposalComputer
instanceKlass  @bci org/eclipse/jdt/ls/core/internal/contentassist/SnippetCompletionProposal canResolvePostfix (Lorg/eclipse/jdt/core/CompletionContext;Lorg/eclipse/jface/text/IDocument;)Z 91 <appendix> member <vmtarget> ; # org/eclipse/jdt/ls/core/internal/contentassist/SnippetCompletionProposal$$Lambda+0x000000002377b5f8
instanceKlass com/overzealous/remark/convert/InlineStyle$Rules
instanceKlass org/jsoup/nodes/Attribute
instanceKlass  @bci java/util/regex/Pattern and (Ljava/util/regex/Pattern$CharPredicate;Ljava/util/regex/Pattern$CharPredicate;Z)Ljava/util/regex/Pattern$CharPredicate; 6 <appendix> member <vmtarget> ; # java/util/regex/Pattern$$Lambda+0x000000002345e928
instanceKlass  @bci org/eclipse/jdt/core/manipulation/internal/javadoc/JavadocLookup getInheritedExceptionDescription (Lorg/eclipse/jdt/core/IMethod;Ljava/lang/String;)Ljava/lang/CharSequence; 3 <appendix> member <vmtarget> ; # org/eclipse/jdt/core/manipulation/internal/javadoc/JavadocLookup$$Lambda+0x0000000023784c88
instanceKlass org/eclipse/jdt/core/manipulation/internal/javadoc/JavadocLookup$DescriptionGetter
instanceKlass  @bci org/eclipse/jdt/internal/compiler/problem/ProblemReporter conflictingPackagesFromOtherModules (Lorg/eclipse/jdt/internal/compiler/ast/ImportReference;Ljava/util/Set;)V 6 <appendix> argL0 ; # org/eclipse/jdt/internal/compiler/problem/ProblemReporter$$Lambda+0x00000000236ddfd0
instanceKlass  @bci org/eclipse/jdt/internal/compiler/problem/ProblemReporter conflictingPackagesFromModules (Lorg/eclipse/jdt/internal/compiler/lookup/SplitPackageBinding;Lorg/eclipse/jdt/internal/compiler/lookup/ModuleBinding;II)V 25 <appendix> argL0 ; # org/eclipse/jdt/internal/compiler/problem/ProblemReporter$$Lambda+0x00000000236ddd88
instanceKlass  @bci org/eclipse/jdt/internal/compiler/problem/ProblemReporter conflictingPackagesFromModules (Lorg/eclipse/jdt/internal/compiler/lookup/SplitPackageBinding;Lorg/eclipse/jdt/internal/compiler/lookup/ModuleBinding;II)V 15 <appendix> member <vmtarget> ; # org/eclipse/jdt/internal/compiler/problem/ProblemReporter$$Lambda+0x00000000236ddb28
instanceKlass org/eclipse/jdt/internal/core/util/HashSetOfCharArrayArray
instanceKlass org/eclipse/jdt/internal/core/NamedMember$1TypeResolveRequestor
instanceKlass jdk/internal/icu/impl/Norm2AllModes$NFCSingleton
instanceKlass jdk/internal/icu/text/NormalizerBase$NFCModeImpl
instanceKlass org/eclipse/jdt/internal/ui/viewsupport/CoreJavaElementLinks
instanceKlass org/eclipse/jdt/internal/corext/util/MethodOverrideTester$Substitutions
instanceKlass org/eclipse/jdt/core/manipulation/internal/javadoc/InheritDocVisitor$2
instanceKlass org/eclipse/jdt/core/manipulation/internal/javadoc/InheritDocVisitor$1
instanceKlass org/eclipse/jdt/core/manipulation/internal/javadoc/InheritDocVisitor
instanceKlass org/eclipse/jdt/internal/corext/util/MethodOverrideTester
instanceKlass org/eclipse/jdt/internal/corext/util/SuperTypeHierarchyCache$HierarchyCacheEntry
instanceKlass org/eclipse/jdt/core/ITypeHierarchyChangedListener
instanceKlass  @bci org/eclipse/jdt/internal/core/hierarchy/TypeHierarchy getAllInterfaces ()[Lorg/eclipse/jdt/core/IType; 4 <appendix> argL0 ; # org/eclipse/jdt/internal/core/hierarchy/TypeHierarchy$$Lambda+0x00000000237818d0
instanceKlass  @bci org/eclipse/jdt/internal/core/hierarchy/TypeHierarchy getAllClasses ()[Lorg/eclipse/jdt/core/IType; 29 <appendix> argL0 ; # org/eclipse/jdt/internal/core/hierarchy/TypeHierarchy$$Lambda+0x00000000237816a8
instanceKlass org/eclipse/jdt/internal/core/hierarchy/HierarchyType
instanceKlass org/eclipse/jdt/internal/core/hierarchy/HierarchyBinaryType
instanceKlass org/eclipse/jdt/internal/core/Region$Node
instanceKlass org/eclipse/jdt/internal/core/Region
instanceKlass org/eclipse/jdt/internal/core/hierarchy/BindingMap
instanceKlass org/eclipse/jdt/internal/core/hierarchy/HierarchyResolver
instanceKlass org/eclipse/jdt/internal/core/IPathRequestor
instanceKlass org/eclipse/jdt/internal/corext/util/SuperTypeHierarchyCache
instanceKlass org/eclipse/jdt/internal/core/search/matching/MatchingNodeSet$1
instanceKlass  @bci org/eclipse/jdt/internal/core/search/matching/MatchingNodeSet matchingNodes (II)[Lorg/eclipse/jdt/internal/compiler/ast/ASTNode; 94 <appendix> argL0 ; # org/eclipse/jdt/internal/core/search/matching/MatchingNodeSet$$Lambda+0x00000000236db720
instanceKlass lombok/eclipse/agent/PatchExtensionMethod$PostponedError
instanceKlass lombok/eclipse/agent/PatchExtensionMethod
instanceKlass lombok/launch/PatchFixesHider$ExtensionMethod
instanceKlass com/google/common/io/CharStreams
instanceKlass org/apache/commons/lang3/text/translate/EntityArrays
instanceKlass org/apache/commons/lang3/text/translate/CharSequenceTranslator
instanceKlass org/apache/commons/lang3/StringEscapeUtils
instanceKlass org/jsoup/nodes/Element$1
instanceKlass org/jsoup/safety/Cleaner$ElementMeta
instanceKlass org/jsoup/nodes/Attributes$1
instanceKlass org/jsoup/select/NodeTraversor
instanceKlass org/jsoup/safety/Cleaner$CleaningVisitor
instanceKlass org/jsoup/nodes/NodeUtils
instanceKlass org/jsoup/parser/HtmlTreeBuilderState$Constants
instanceKlass org/jsoup/parser/HtmlTreeBuilderState$24
instanceKlass org/jsoup/internal/StringUtil
instanceKlass org/jsoup/parser/Tokeniser
instanceKlass org/jsoup/parser/CharacterReader
instanceKlass org/jsoup/helper/DataUtil
instanceKlass org/jsoup/nodes/Entities
instanceKlass org/jsoup/nodes/EntitiesData
instanceKlass org/jsoup/nodes/Document$OutputSettings
instanceKlass org/jsoup/internal/Normalizer
instanceKlass org/jsoup/parser/Tag
instanceKlass org/jsoup/nodes/Attributes
instanceKlass org/jsoup/select/Evaluator
instanceKlass org/jsoup/parser/ParseSettings
instanceKlass org/jsoup/parser/Token
instanceKlass org/jsoup/parser/TreeBuilder
instanceKlass org/jsoup/parser/Parser
instanceKlass org/jsoup/Connection
instanceKlass org/jsoup/Jsoup
instanceKlass com/overzealous/remark/convert/AbstractNodeHandler
instanceKlass com/overzealous/remark/convert/TextCleaner$Escape
instanceKlass com/overzealous/remark/convert/TextCleaner
instanceKlass com/overzealous/remark/convert/NodeHandler
instanceKlass com/overzealous/remark/convert/DocumentConverter
instanceKlass org/jsoup/select/NodeVisitor
instanceKlass org/jsoup/nodes/Node
instanceKlass org/jsoup/safety/Cleaner
instanceKlass org/jsoup/safety/Safelist$TypedValue
instanceKlass org/jsoup/helper/Validate
instanceKlass org/jsoup/safety/Safelist
instanceKlass com/overzealous/remark/Remark
instanceKlass com/overzealous/remark/Options
instanceKlass org/eclipse/jdt/ls/core/internal/javadoc/AbstractJavaDocConverter
# instanceKlass java/lang/invoke/LambdaForm$MH+0x0000000023759800
instanceKlass lombok/eclipse/agent/PatchJavadoc
instanceKlass lombok/core/LombokNode
instanceKlass lombok/core/DiagnosticsReceiver
instanceKlass lombok/launch/PatchFixesHider$Util
instanceKlass lombok/launch/PatchFixesHider$Javadoc
instanceKlass org/eclipse/jdt/ls/core/internal/javadoc/JavaDocHTMLPathHandler
instanceKlass org/eclipse/jdt/core/manipulation/internal/javadoc/JavadocLookup$1
instanceKlass org/eclipse/jdt/core/manipulation/internal/javadoc/JavadocLookup
instanceKlass org/eclipse/jdt/core/manipulation/internal/javadoc/CoreJavaDocSnippetStringEvaluator
instanceKlass org/eclipse/jdt/core/manipulation/internal/javadoc/CoreJavadocAccessImpl
instanceKlass org/eclipse/jdt/core/manipulation/internal/javadoc/CoreJavadocContentAccessUtility
instanceKlass org/eclipse/jdt/core/manipulation/internal/javadoc/IJavadocContentFactory$IJavadocAccess
instanceKlass org/eclipse/jdt/ls/core/internal/javadoc/JavadocContentAccess2$1
instanceKlass org/eclipse/jdt/core/manipulation/internal/javadoc/CoreJavadocAccess
instanceKlass org/eclipse/jdt/core/manipulation/internal/javadoc/IJavadocContentFactory
instanceKlass org/eclipse/jdt/ls/core/internal/javadoc/JavadocContentAccess2
instanceKlass org/eclipse/jdt/internal/core/util/BindingKeyParser$Scanner
instanceKlass org/eclipse/jdt/internal/core/util/BindingKeyParser
instanceKlass org/eclipse/jdt/ls/core/internal/handlers/FindLinksHandler
instanceKlass  @bci org/eclipse/jdt/ls/core/internal/handlers/JDTLanguageServer findLinks (Lorg/eclipse/jdt/ls/core/internal/handlers/FindLinksHandler$FindLinksParams;)Ljava/util/concurrent/CompletableFuture; 8 <appendix> member <vmtarget> ; # org/eclipse/jdt/ls/core/internal/handlers/JDTLanguageServer$$Lambda+0x00000000236f77f0
instanceKlass org/eclipse/lsp4j/MarkedString
instanceKlass org/eclipse/lsp4j/adapters/HoverTypeAdapter$Factory
instanceKlass  @bci java/util/concurrent/ConcurrentLinkedQueue clear ()V 1 <appendix> argL0 ; # java/util/concurrent/ConcurrentLinkedQueue$$Lambda+0x000000002345ddc0
# instanceKlass java/lang/invoke/LambdaForm$MH+0x0000000023758c00
instanceKlass  @bci jdk/internal/reflect/MethodHandleLongFieldAccessorImpl getLong (Ljava/lang/Object;)J 20 <adapter> ; # java/lang/invoke/LambdaForm$MH+0x0000000023758800
instanceKlass  @bci com/microsoft/java/debug/core/adapter/handler/LaunchWithoutDebuggingDelegate lambda$launchInTerminal$1 (Lcom/microsoft/java/debug/core/adapter/IDebugAdapterContext;[Ljava/lang/String;Ljava/util/concurrent/CompletableFuture;Lcom/microsoft/java/debug/core/protocol/Messages$Response;Lcom/microsoft/java/debug/core/protocol/Messages$Response;Ljava/lang/Throwable;)V 138 <appendix> member <vmtarget> ; # com/microsoft/java/debug/core/adapter/handler/LaunchWithoutDebuggingDelegate$$Lambda+0x0000000023755aa0
instanceKlass  @bci java/lang/ProcessHandleImpl onExit ()Ljava/util/concurrent/CompletableFuture; 29 <appendix> member <vmtarget> ; # java/lang/ProcessHandleImpl$$Lambda+0x000000002345d890
instanceKlass java/lang/ProcessHandleImpl$1
instanceKlass  @bci com/microsoft/java/debug/core/adapter/handler/LaunchUtils findJavaProcessInTerminalShell (JLjava/lang/String;I)Ljava/lang/ProcessHandle; 130 <appendix> form vmentry <vmtarget> ; # java/lang/invoke/LambdaForm$MH+0x0000000023758400
instanceKlass java/util/concurrent/ScheduledThreadPoolExecutor$DelayedWorkQueue$Itr
instanceKlass  @bci com/microsoft/java/debug/core/adapter/handler/LaunchUtils findJavaProcessInTerminalShell (JLjava/lang/String;I)Ljava/lang/ProcessHandle; 70 <appendix> member <vmtarget> ; # com/microsoft/java/debug/core/adapter/handler/LaunchUtils$$Lambda+0x0000000023755840
instanceKlass  @bci java/lang/ProcessHandleImpl descendants ()Ljava/util/stream/Stream; 200 <appendix> member <vmtarget> ; # java/lang/ProcessHandleImpl$$Lambda+0x000000002345ca78
instanceKlass org/apache/commons/lang3/CharSequenceUtils
instanceKlass org/apache/commons/lang3/Strings
instanceKlass  @bci org/apache/commons/lang3/SystemUtils <clinit> ()V 222 <appendix> argL0 ; # org/apache/commons/lang3/SystemUtils$$Lambda+0x0000000023752cc8
instanceKlass org/apache/commons/lang3/math/NumberUtils
instanceKlass  @bci org/apache/commons/lang3/SystemProperties getProperty (Ljava/lang/String;Ljava/lang/String;)Ljava/lang/String; 2 <appendix> member <vmtarget> ; # org/apache/commons/lang3/SystemProperties$$Lambda+0x0000000023752688
instanceKlass  @bci org/apache/commons/lang3/function/Suppliers <clinit> ()V 0 <appendix> argL0 ; # org/apache/commons/lang3/function/Suppliers$$Lambda+0x0000000023752210
instanceKlass org/apache/commons/lang3/function/Suppliers
instanceKlass org/apache/commons/lang3/SystemProperties
instanceKlass org/apache/commons/lang3/SystemUtils
instanceKlass  @bci jdk/internal/reflect/MethodHandleLongFieldAccessorImpl setLong (Ljava/lang/Object;J)V 41 <adapter> ; # java/lang/invoke/LambdaForm$MH+0x0000000023751c00
# instanceKlass java/lang/invoke/LambdaForm$MH+0x0000000023751800
# instanceKlass java/lang/invoke/LambdaForm$BMH+0x0000000023751400
# instanceKlass java/lang/invoke/LambdaForm$DMH+0x0000000023751000
# instanceKlass java/lang/invoke/LambdaForm$MH+0x0000000023750c00
# instanceKlass java/lang/invoke/LambdaForm$BMH+0x0000000023750800
instanceKlass com/microsoft/java/debug/core/protocol/Responses$ResponseBody
instanceKlass  @bci com/microsoft/java/debug/core/adapter/handler/LaunchRequestHandler handleLaunchCommand (Lcom/microsoft/java/debug/core/protocol/Requests$Arguments;Lcom/microsoft/java/debug/core/protocol/Messages$Response;Lcom/microsoft/java/debug/core/adapter/IDebugAdapterContext;)Ljava/util/concurrent/CompletableFuture; 749 <appendix> member <vmtarget> ; # com/microsoft/java/debug/core/adapter/handler/LaunchRequestHandler$$Lambda+0x0000000023754fc0
instanceKlass  @bci com/microsoft/java/debug/core/adapter/handler/LaunchWithoutDebuggingDelegate launchInTerminal (Lcom/microsoft/java/debug/core/protocol/Requests$LaunchArguments;Lcom/microsoft/java/debug/core/protocol/Messages$Response;Lcom/microsoft/java/debug/core/adapter/IDebugAdapterContext;)Ljava/util/concurrent/CompletableFuture; 144 <appendix> member <vmtarget> ; # com/microsoft/java/debug/core/adapter/handler/LaunchWithoutDebuggingDelegate$$Lambda+0x0000000023754d80
instanceKlass  @cpi com/microsoft/java/debug/core/adapter/handler/LaunchWithoutDebuggingDelegate 385 form vmentry <vmtarget> ; # java/lang/invoke/LambdaForm$DMH+0x0000000023750400
instanceKlass io/reactivex/internal/operators/observable/ObservableTake$TakeObserver
instanceKlass  @bci com/microsoft/java/debug/core/protocol/AbstractProtocolServer sendRequest (Lcom/microsoft/java/debug/core/protocol/Messages$Request;J)Ljava/util/concurrent/CompletableFuture; 56 <appendix> member <vmtarget> ; # com/microsoft/java/debug/core/protocol/AbstractProtocolServer$$Lambda+0x00000000237548e8
instanceKlass  @bci com/microsoft/java/debug/core/protocol/AbstractProtocolServer sendRequest (Lcom/microsoft/java/debug/core/protocol/Messages$Request;J)Ljava/util/concurrent/CompletableFuture; 32 <appendix> member <vmtarget> ; # com/microsoft/java/debug/core/protocol/AbstractProtocolServer$$Lambda+0x00000000237546b8
instanceKlass java/util/Timer$ThreadReaper
instanceKlass java/util/TaskQueue
instanceKlass java/util/Timer
instanceKlass  @bci org/apache/commons/lang3/stream/LangCollectors joining (Ljava/lang/CharSequence;Ljava/lang/CharSequence;Ljava/lang/CharSequence;Ljava/util/function/Function;)Ljava/util/stream/Collector; 23 <appendix> argL0 ; # org/apache/commons/lang3/stream/LangCollectors$$Lambda+0x0000000023703810
instanceKlass  @bci org/apache/commons/lang3/stream/LangCollectors joining (Ljava/lang/CharSequence;Ljava/lang/CharSequence;Ljava/lang/CharSequence;Ljava/util/function/Function;)Ljava/util/stream/Collector; 18 <appendix> argL0 ; # org/apache/commons/lang3/stream/LangCollectors$$Lambda+0x00000000237035c0
instanceKlass  @bci org/apache/commons/lang3/stream/LangCollectors joining (Ljava/lang/CharSequence;Ljava/lang/CharSequence;Ljava/lang/CharSequence;Ljava/util/function/Function;)Ljava/util/stream/Collector; 13 <appendix> member <vmtarget> ; # org/apache/commons/lang3/stream/LangCollectors$$Lambda+0x0000000023703380
instanceKlass  @bci org/apache/commons/lang3/stream/LangCollectors joining (Ljava/lang/CharSequence;Ljava/lang/CharSequence;Ljava/lang/CharSequence;Ljava/util/function/Function;)Ljava/util/stream/Collector; 7 <appendix> member <vmtarget> ; # org/apache/commons/lang3/stream/LangCollectors$$Lambda+0x0000000023703150
instanceKlass org/apache/commons/lang3/stream/LangCollectors$SimpleCollector
instanceKlass org/apache/commons/lang3/stream/LangCollectors
instanceKlass  @bci org/apache/commons/lang3/StringUtils join ([Ljava/lang/Object;Ljava/lang/String;II)Ljava/lang/String; 33 <appendix> argL0 ; # org/apache/commons/lang3/StringUtils$$Lambda+0x0000000023702aa8
instanceKlass org/apache/commons/lang3/stream/Streams
instanceKlass org/apache/commons/lang3/ObjectUtils$Null
instanceKlass org/apache/commons/lang3/ObjectUtils
instanceKlass java/nio/file/TempFileHelper
instanceKlass com/microsoft/java/debug/core/adapter/handler/LaunchUtils
instanceKlass  @bci com/microsoft/java/debug/core/adapter/handler/LaunchRequestHandler handle (Lcom/microsoft/java/debug/core/protocol/Requests$Command;Lcom/microsoft/java/debug/core/protocol/Requests$Arguments;Lcom/microsoft/java/debug/core/protocol/Messages$Response;Lcom/microsoft/java/debug/core/adapter/IDebugAdapterContext;)Ljava/util/concurrent/CompletableFuture; 127 <appendix> member <vmtarget> ; # com/microsoft/java/debug/core/adapter/handler/LaunchRequestHandler$$Lambda+0x0000000023754268
instanceKlass com/microsoft/java/debug/core/adapter/handler/LaunchWithoutDebuggingDelegate
instanceKlass jdk/internal/util/DateTimeHelper
instanceKlass java/time/Instant$1
instanceKlass java/time/format/DateTimePrintContext
instanceKlass com/microsoft/java/debug/core/UsageDataStore$SingletonHolder
instanceKlass com/microsoft/java/debug/core/UsageDataStore
instanceKlass  @bci com/microsoft/java/debug/core/adapter/ProtocolServer dispatchRequest (Lcom/microsoft/java/debug/core/protocol/Messages$Request;)V 51 <appendix> member <vmtarget> ; # com/microsoft/java/debug/core/adapter/ProtocolServer$$Lambda+0x000000002374f800
instanceKlass  @bci com/microsoft/java/debug/core/UsageDataSession recordResponse (Lcom/microsoft/java/debug/core/protocol/Messages$Response;)V 85 <appendix> member <vmtarget> ; # com/microsoft/java/debug/core/UsageDataSession$$Lambda+0x000000002374f5c8
instanceKlass  @cpi com/microsoft/java/debug/core/UsageDataSession 427 form vmentry <vmtarget> ; # java/lang/invoke/LambdaForm$DMH+0x0000000023750000
instanceKlass  @bci com/microsoft/java/debug/core/adapter/ProtocolServer dispatchRequest (Lcom/microsoft/java/debug/core/protocol/Messages$Request;)V 41 <appendix> member <vmtarget> ; # com/microsoft/java/debug/core/adapter/ProtocolServer$$Lambda+0x000000002374f378
instanceKlass com/microsoft/java/debug/core/protocol/Types$ExceptionBreakpointFilter
instanceKlass com/microsoft/java/debug/core/protocol/Types$Capabilities
instanceKlass  @bci com/microsoft/java/debug/core/adapter/DebugAdapter dispatchRequest (Lcom/microsoft/java/debug/core/protocol/Messages$Request;)Ljava/util/concurrent/CompletableFuture; 183 <appendix> member <vmtarget> ; # com/microsoft/java/debug/core/adapter/DebugAdapter$$Lambda+0x000000002374eaf8
instanceKlass com/google/gson/internal/bind/JsonTreeReader$2
instanceKlass  @bci com/microsoft/java/debug/core/protocol/Requests$Command parse (Ljava/lang/String;)Lcom/microsoft/java/debug/core/protocol/Requests$Command; 17 <appendix> argL0 ; # com/microsoft/java/debug/core/protocol/Requests$Command$$Lambda+0x000000002374e8d0
instanceKlass  @bci com/microsoft/java/debug/core/protocol/Requests$Command parse (Ljava/lang/String;)Lcom/microsoft/java/debug/core/protocol/Requests$Command; 7 <appendix> member <vmtarget> ; # com/microsoft/java/debug/core/protocol/Requests$Command$$Lambda+0x000000002374e670
instanceKlass com/microsoft/java/debug/core/protocol/Requests
instanceKlass com/microsoft/java/debug/core/UsageDataSession$RequestEvent
instanceKlass com/microsoft/java/debug/core/adapter/handler/RefreshFramesHandler
instanceKlass com/microsoft/java/debug/core/adapter/handler/StepInTargetsRequestHandler
instanceKlass com/microsoft/java/debug/core/adapter/handler/BreakpointLocationsRequestHander
instanceKlass com/microsoft/java/debug/core/IMethodBreakpoint
instanceKlass com/microsoft/java/debug/core/adapter/handler/SetFunctionBreakpointsRequestHandler
instanceKlass com/microsoft/java/debug/core/adapter/handler/ProcessIdHandler
instanceKlass com/microsoft/java/debug/core/adapter/handler/RefreshVariablesHandler
instanceKlass com/microsoft/java/debug/core/adapter/handler/InlineValuesRequestHandler
instanceKlass com/microsoft/java/debug/core/IWatchpoint
instanceKlass com/microsoft/java/debug/core/IDebugResource
instanceKlass com/microsoft/java/debug/core/adapter/handler/SetDataBreakpointsRequestHandler
instanceKlass com/microsoft/java/debug/core/adapter/handler/DataBreakpointInfoRequestHandler
instanceKlass com/microsoft/java/debug/core/adapter/handler/ExceptionInfoRequestHandler
instanceKlass com/microsoft/java/debug/core/adapter/handler/CompletionsHandler
instanceKlass com/microsoft/java/debug/core/adapter/handler/RestartFrameHandler
instanceKlass  @bci com/microsoft/java/debug/core/adapter/handler/HotCodeReplaceHandler initialize (Lcom/microsoft/java/debug/core/adapter/IDebugAdapterContext;)V 24 <appendix> member <vmtarget> ; # com/microsoft/java/debug/core/adapter/handler/HotCodeReplaceHandler$$Lambda+0x000000002374bd58
instanceKlass com/microsoft/java/debug/core/adapter/handler/HotCodeReplaceHandler
instanceKlass com/microsoft/java/debug/core/adapter/handler/EvaluateRequestHandler
instanceKlass com/microsoft/java/debug/core/adapter/handler/SetVariableRequestHandler
instanceKlass com/microsoft/java/debug/core/adapter/handler/VariablesRequestHandler
instanceKlass com/microsoft/java/debug/core/adapter/handler/ScopesRequestHandler
instanceKlass com/microsoft/java/debug/core/adapter/handler/StackTraceRequestHandler
instanceKlass com/sun/jdi/ReferenceType
instanceKlass com/sun/jdi/Accessible
instanceKlass com/microsoft/java/debug/core/adapter/handler/StepRequestHandler
instanceKlass com/microsoft/java/debug/core/adapter/handler/ThreadsRequestHandler
instanceKlass com/microsoft/java/debug/core/adapter/handler/SourceRequestHandler
instanceKlass com/microsoft/java/debug/core/adapter/handler/SetExceptionBreakpointsRequestHandler
instanceKlass com/microsoft/java/debug/core/DebugSettings$IDebugSettingChangeListener
instanceKlass io/reactivex/internal/observers/BasicFuseableObserver
instanceKlass  @bci com/microsoft/java/debug/core/adapter/handler/SetBreakpointsRequestHandler initialize (Lcom/microsoft/java/debug/core/adapter/IDebugAdapterContext;)V 33 <appendix> member <vmtarget> ; # com/microsoft/java/debug/core/adapter/handler/SetBreakpointsRequestHandler$$Lambda+0x0000000023749c80
instanceKlass  @bci com/microsoft/java/debug/core/adapter/handler/SetBreakpointsRequestHandler initialize (Lcom/microsoft/java/debug/core/adapter/IDebugAdapterContext;)V 23 <appendix> argL0 ; # com/microsoft/java/debug/core/adapter/handler/SetBreakpointsRequestHandler$$Lambda+0x0000000023749a58
instanceKlass com/microsoft/java/debug/core/adapter/HotCodeReplaceEvent
instanceKlass com/microsoft/java/debug/core/adapter/handler/SetBreakpointsRequestHandler
instanceKlass com/microsoft/java/debug/core/adapter/handler/AbstractDisconnectRequestHandler
instanceKlass com/microsoft/java/debug/core/adapter/handler/ConfigurationDoneRequestHandler
instanceKlass com/microsoft/java/debug/core/adapter/handler/VMHandler
instanceKlass com/microsoft/java/debug/core/adapter/handler/AttachRequestHandler
instanceKlass com/microsoft/java/debug/core/adapter/handler/InitializeRequestHandler
instanceKlass com/microsoft/java/debug/core/adapter/ThreadCache
instanceKlass com/microsoft/java/debug/core/adapter/StepResultManager
instanceKlass com/microsoft/java/debug/core/adapter/BreakpointManager
instanceKlass com/microsoft/java/debug/core/adapter/ExceptionManager
instanceKlass com/microsoft/java/debug/core/adapter/StackFrameManager
instanceKlass  @bci com/microsoft/java/debug/core/adapter/variables/VariableFormatterFactory createVariableFormatter ()Lcom/microsoft/java/debug/core/adapter/variables/IVariableFormatter; 137 <appendix> member <vmtarget> ; # com/microsoft/java/debug/core/adapter/variables/VariableFormatterFactory$$Lambda+0x0000000023741810
instanceKlass  @bci com/microsoft/java/debug/core/adapter/variables/VariableFormatterFactory createVariableFormatter ()Lcom/microsoft/java/debug/core/adapter/variables/IVariableFormatter; 114 <appendix> member <vmtarget> ; # com/microsoft/java/debug/core/adapter/variables/VariableFormatterFactory$$Lambda+0x0000000023741340
instanceKlass com/microsoft/java/debug/core/adapter/formatter/NullObjectFormatter
instanceKlass  @bci com/microsoft/java/debug/core/adapter/variables/VariableFormatterFactory createVariableFormatter ()Lcom/microsoft/java/debug/core/adapter/variables/IVariableFormatter; 67 <appendix> member <vmtarget> ; # com/microsoft/java/debug/core/adapter/variables/VariableFormatterFactory$$Lambda+0x0000000023740960
instanceKlass  @cpi com/microsoft/java/debug/core/adapter/variables/VariableFormatterFactory 73 form vmentry <vmtarget> ; # java/lang/invoke/LambdaForm$DMH+0x0000000023744000
instanceKlass com/sun/jdi/Type
instanceKlass com/microsoft/java/debug/core/adapter/formatter/ObjectFormatter
instanceKlass com/microsoft/java/debug/core/adapter/formatter/NumericFormatter
instanceKlass com/microsoft/java/debug/core/adapter/formatter/CharacterFormatter
instanceKlass com/sun/jdi/Value
instanceKlass com/microsoft/java/debug/core/adapter/formatter/BooleanFormatter
instanceKlass com/microsoft/java/debug/core/adapter/formatter/SimpleTypeFormatter
instanceKlass com/microsoft/java/debug/core/adapter/variables/VariableFormatter
instanceKlass com/microsoft/java/debug/core/adapter/variables/IVariableFormatter
instanceKlass com/microsoft/java/debug/core/adapter/formatter/IValueFormatter
instanceKlass com/microsoft/java/debug/core/adapter/formatter/ITypeFormatter
instanceKlass com/microsoft/java/debug/core/adapter/formatter/IFormatter
instanceKlass com/microsoft/java/debug/core/adapter/variables/VariableFormatterFactory
instanceKlass com/microsoft/java/debug/core/adapter/RecyclableObjectPool
instanceKlass com/microsoft/java/debug/core/adapter/IdCollection
instanceKlass com/microsoft/java/debug/core/adapter/IStepResultManager
instanceKlass com/microsoft/java/debug/core/adapter/IBreakpointManager
instanceKlass com/microsoft/java/debug/core/adapter/IExceptionManager
instanceKlass com/microsoft/java/debug/core/adapter/IStackFrameManager
instanceKlass com/microsoft/java/debug/core/adapter/DebugAdapterContext
instanceKlass com/microsoft/java/debug/core/adapter/IDebugAdapterContext
instanceKlass com/microsoft/java/debug/core/adapter/DebugAdapter
instanceKlass com/microsoft/java/debug/core/UsageDataSession
instanceKlass io/reactivex/internal/util/Pow2
instanceKlass io/reactivex/internal/queue/SpscLinkedArrayQueue
instanceKlass io/reactivex/internal/fuseable/SimplePlainQueue
instanceKlass io/reactivex/internal/fuseable/QueueDisposable
instanceKlass io/reactivex/internal/fuseable/QueueFuseable
instanceKlass io/reactivex/internal/fuseable/SimpleQueue
instanceKlass io/reactivex/observers/LambdaConsumerIntrospection
instanceKlass io/reactivex/internal/functions/Functions$MaxRequestSubscription
instanceKlass io/reactivex/internal/functions/Functions$NaturalObjectComparator
instanceKlass io/reactivex/internal/functions/Functions$NullCallable
instanceKlass io/reactivex/internal/functions/Functions$FalsePredicate
instanceKlass io/reactivex/internal/functions/Functions$TruePredicate
instanceKlass io/reactivex/internal/functions/Functions$EmptyLongConsumer
instanceKlass io/reactivex/internal/functions/Functions$OnErrorMissingConsumer
instanceKlass io/reactivex/internal/functions/Functions$ErrorConsumer
instanceKlass io/reactivex/internal/functions/Functions$EmptyConsumer
instanceKlass io/reactivex/internal/functions/Functions$EmptyAction
instanceKlass io/reactivex/internal/functions/Functions$EmptyRunnable
instanceKlass io/reactivex/internal/functions/Functions$Identity
instanceKlass io/reactivex/functions/BiConsumer
instanceKlass io/reactivex/functions/LongConsumer
instanceKlass io/reactivex/functions/Action
instanceKlass io/reactivex/internal/functions/Functions
instanceKlass  @bci com/microsoft/java/debug/core/protocol/AbstractProtocolServer <init> (Ljava/io/InputStream;Ljava/io/OutputStream;)V 124 <appendix> member <vmtarget> ; # com/microsoft/java/debug/core/protocol/AbstractProtocolServer$$Lambda+0x000000002373a778
instanceKlass io/reactivex/functions/Consumer
instanceKlass io/reactivex/internal/fuseable/FuseToFlowable
instanceKlass io/reactivex/FlowableSubscriber
instanceKlass org/reactivestreams/Subscriber
instanceKlass io/reactivex/schedulers/Schedulers$NewThreadHolder
instanceKlass io/reactivex/schedulers/Schedulers$NewThreadTask
instanceKlass io/reactivex/disposables/CompositeDisposable
instanceKlass io/reactivex/internal/disposables/DisposableContainer
instanceKlass io/reactivex/internal/schedulers/IoScheduler$CachedWorkerPool
instanceKlass io/reactivex/schedulers/Schedulers$IoHolder
instanceKlass io/reactivex/schedulers/Schedulers$IOTask
instanceKlass io/reactivex/internal/schedulers/ComputationScheduler$FixedSchedulerPool
instanceKlass io/reactivex/schedulers/Schedulers$ComputationHolder
instanceKlass io/reactivex/schedulers/Schedulers$ComputationTask
instanceKlass io/reactivex/internal/schedulers/SchedulerPoolFactory$ScheduledTask
instanceKlass io/reactivex/internal/schedulers/SchedulerPoolFactory$SystemPropertyAccessor
instanceKlass io/reactivex/functions/Function
instanceKlass io/reactivex/internal/schedulers/SchedulerPoolFactory
instanceKlass io/reactivex/internal/schedulers/NonBlockingThread
instanceKlass io/reactivex/Scheduler$Worker
instanceKlass io/reactivex/schedulers/Schedulers$SingleHolder
instanceKlass io/reactivex/internal/functions/ObjectHelper$BiObjectPredicate
instanceKlass io/reactivex/functions/BiPredicate
instanceKlass io/reactivex/internal/functions/ObjectHelper
instanceKlass io/reactivex/internal/schedulers/SchedulerMultiWorkerSupport
instanceKlass io/reactivex/plugins/RxJavaPlugins
instanceKlass io/reactivex/schedulers/Schedulers$SingleTask
instanceKlass io/reactivex/Scheduler
instanceKlass io/reactivex/schedulers/Schedulers
instanceKlass com/microsoft/java/debug/core/protocol/AbstractProtocolServer$ByteBuffer
instanceKlass com/microsoft/java/debug/plugin/internal/CompletionsProvider
instanceKlass com/microsoft/java/debug/core/adapter/ICompletionsProvider
instanceKlass org/eclipse/debug/core/IBreakpointManagerListener
instanceKlass org/eclipse/jdt/debug/core/IJavaThread
instanceKlass org/eclipse/debug/core/model/IThread
instanceKlass org/eclipse/jdt/debug/core/IJavaObject
instanceKlass org/eclipse/jdt/debug/core/IJavaValue
instanceKlass org/eclipse/debug/core/model/IValue
instanceKlass com/microsoft/java/debug/plugin/internal/eval/JdtEvaluationProvider
instanceKlass com/microsoft/java/debug/core/adapter/IEvaluationProvider
instanceKlass com/microsoft/java/debug/plugin/internal/JavaHotCodeReplaceProvider$ChangedClassFilesVisitor
instanceKlass io/reactivex/internal/util/AppendOnlyLinkedArrayList$NonThrowingPredicate
instanceKlass io/reactivex/functions/Predicate
instanceKlass io/reactivex/disposables/Disposable
instanceKlass io/reactivex/Completable
instanceKlass io/reactivex/CompletableSource
instanceKlass io/reactivex/internal/fuseable/ScalarCallable
instanceKlass io/reactivex/internal/fuseable/HasUpstreamPublisher
instanceKlass io/reactivex/Flowable
instanceKlass org/reactivestreams/Publisher
instanceKlass io/reactivex/Maybe
instanceKlass io/reactivex/MaybeSource
instanceKlass io/reactivex/internal/fuseable/FuseToObservable
instanceKlass io/reactivex/Single
instanceKlass io/reactivex/SingleSource
instanceKlass io/reactivex/internal/fuseable/HasUpstreamObservableSource
instanceKlass io/reactivex/Observer
instanceKlass io/reactivex/Observable
instanceKlass io/reactivex/ObservableSource
instanceKlass com/microsoft/java/debug/plugin/internal/JavaHotCodeReplaceProvider
instanceKlass com/microsoft/java/debug/core/adapter/IHotCodeReplaceProvider
instanceKlass com/microsoft/java/debug/core/adapter/IVirtualMachineManager
instanceKlass com/sun/jdi/VirtualMachineManager
instanceKlass com/microsoft/java/debug/plugin/internal/JdtVirtualMachineManagerProvider
instanceKlass com/microsoft/java/debug/core/adapter/IVirtualMachineManagerProvider
instanceKlass org/eclipse/jdt/internal/debug/core/breakpoints/BreakpointListenerManager
instanceKlass org/eclipse/jdt/internal/debug/core/hcr/JavaHotCodeReplaceManager$ChangedClassFilesVisitor
instanceKlass org/eclipse/jdt/debug/core/IJavaStackFrame
instanceKlass org/eclipse/debug/core/model/IFilteredStep
instanceKlass org/eclipse/jdt/debug/core/IJavaModifiers
instanceKlass org/eclipse/debug/core/model/IStackFrame
instanceKlass org/eclipse/jdt/debug/core/IJavaDebugTarget
instanceKlass org/eclipse/debug/core/model/IDebugTarget
instanceKlass org/eclipse/debug/core/model/IMemoryBlockRetrieval
instanceKlass org/eclipse/debug/core/IBreakpointListener
instanceKlass org/eclipse/jdt/internal/debug/core/hcr/JavaHotCodeReplaceManager
instanceKlass org/eclipse/jdt/internal/debug/core/JDIDebugPlugin$1
instanceKlass org/eclipse/jdt/internal/debug/core/JDIDebugOptions
instanceKlass org/eclipse/jdt/debug/core/IJavaBreakpoint
instanceKlass org/eclipse/debug/core/model/ITriggerPoint
instanceKlass com/microsoft/java/debug/plugin/internal/JdtSourceLookUpProvider
instanceKlass com/microsoft/java/debug/core/adapter/ISourceLookUpProvider
instanceKlass com/microsoft/java/debug/core/adapter/ProviderContext
instanceKlass com/microsoft/java/debug/core/adapter/IProviderContext
instanceKlass com/microsoft/java/debug/core/adapter/IProvider
instanceKlass com/microsoft/java/debug/plugin/internal/JdtProviderContextFactory
instanceKlass com/microsoft/java/debug/core/adapter/IDebugAdapter
instanceKlass java/util/TimerTask
instanceKlass com/microsoft/java/debug/core/protocol/Messages$ProtocolMessage
instanceKlass com/microsoft/java/debug/core/protocol/AbstractProtocolServer
instanceKlass com/microsoft/java/debug/core/protocol/IProtocolServer
instanceKlass com/microsoft/java/debug/plugin/internal/JavaDebugServer$2
instanceKlass java/net/Socket
instanceKlass com/microsoft/java/debug/plugin/internal/JavaDebugServer$1
instanceKlass sun/net/NetHooks
instanceKlass  @bci sun/nio/ch/NioSocketImpl closerFor (Ljava/io/FileDescriptor;)Ljava/lang/Runnable; 1 <appendix> member <vmtarget> ; # sun/nio/ch/NioSocketImpl$$Lambda+0x0000000023458558
instanceKlass jdk/net/ExtendedSocketOptions$2
instanceKlass jdk/net/ExtendedSocketOptions$PlatformSocketOptions
instanceKlass jdk/net/ExtendedSocketOptions$ExtSocketOption
instanceKlass java/net/SocketOption
instanceKlass jdk/net/ExtendedSocketOptions
instanceKlass sun/net/ext/ExtendedSocketOptions
instanceKlass jdk/internal/lang/stable/StableValueImpl
instanceKlass java/lang/StableValue
instanceKlass sun/nio/ch/Net$1
instanceKlass sun/nio/ch/Net
instanceKlass java/net/InetSocketAddress$InetSocketAddressHolder
instanceKlass sun/net/PlatformSocketImpl
instanceKlass java/net/SocketImpl
instanceKlass java/net/SocketOptions
instanceKlass java/net/ServerSocket
instanceKlass com/microsoft/java/debug/plugin/internal/JavaDebugServer
instanceKlass com/microsoft/java/debug/plugin/internal/IDebugServer
instanceKlass org/apache/commons/lang3/ArrayUtils
instanceKlass com/microsoft/java/debug/core/adapter/AdapterUtils
instanceKlass com/sun/jdi/request/EventRequest
instanceKlass com/sun/jdi/Mirror
instanceKlass com/microsoft/java/debug/core/IDebugSession
instanceKlass com/microsoft/java/debug/core/DebugUtility
instanceKlass com/microsoft/java/debug/core/protocol/Events$DebugEvent
instanceKlass com/microsoft/java/debug/core/adapter/handler/ILaunchDelegate
instanceKlass com/microsoft/java/debug/core/adapter/handler/LaunchRequestHandler
instanceKlass com/microsoft/java/debug/core/adapter/IDebugRequestHandler
instanceKlass com/microsoft/java/debug/plugin/internal/LaunchCommandHandler
instanceKlass com/microsoft/java/debug/core/protocol/Requests$Arguments
instanceKlass com/microsoft/java/debug/plugin/internal/PlatformSettings
instanceKlass com/microsoft/java/debug/plugin/internal/ProjectSettingsChecker
instanceKlass com/microsoft/java/debug/plugin/internal/ProjectSettingsChecker$ProjectSettingsCheckerParams
instanceKlass  @bci com/microsoft/java/debug/plugin/internal/ResolveJavaExecutableHandler <clinit> ()V 87 <appendix> form vmentry <vmtarget> ; # java/lang/invoke/LambdaForm$MH+0x0000000023700400
instanceKlass com/microsoft/java/debug/plugin/internal/ResolveJavaExecutableHandler
instanceKlass com/microsoft/java/debug/plugin/internal/ResolveClasspathsHandler
instanceKlass  @bci org/eclipse/core/internal/resources/ComputeProjectOrder lambda$0 (Ljava/util/function/Function;Lorg/eclipse/core/internal/resources/ComputeProjectOrder$Digraph;Ljava/lang/Object;)V 12 <appendix> member <vmtarget> ; # org/eclipse/core/internal/resources/ComputeProjectOrder$$Lambda+0x0000000023563ce8
instanceKlass  @bci org/eclipse/core/internal/resources/ComputeProjectOrder$1 apply (Ljava/lang/Object;)Ljava/util/Set; 88 <appendix> member <vmtarget> ; # org/eclipse/core/internal/resources/ComputeProjectOrder$1$$Lambda+0x0000000023563aa8
instanceKlass  @bci org/eclipse/core/internal/resources/ComputeProjectOrder buildFilteredDigraph (Lorg/eclipse/core/internal/resources/ComputeProjectOrder$Digraph;Ljava/util/function/Predicate;Ljava/lang/Class;)Lorg/eclipse/core/internal/resources/ComputeProjectOrder$Digraph; 92 <appendix> member <vmtarget> ; # org/eclipse/core/internal/resources/ComputeProjectOrder$$Lambda+0x0000000023563868
instanceKlass org/eclipse/core/internal/resources/ComputeProjectOrder$1
instanceKlass  @bci org/eclipse/core/internal/resources/Workspace computeProjectBuildConfigOrderGraph (Ljava/util/Collection;)Lorg/eclipse/core/internal/resources/ComputeProjectOrder$Digraph; 15 <appendix> member <vmtarget> ; # org/eclipse/core/internal/resources/Workspace$$Lambda+0x00000000235633a8
instanceKlass  @bci org/eclipse/core/internal/resources/Workspace allRelaxed ([Lorg/eclipse/core/resources/IBuildConfiguration;I)Z 17 <appendix> member <vmtarget> ; # org/eclipse/core/internal/resources/Workspace$$Lambda+0x0000000023563148
instanceKlass  @bci org/eclipse/core/internal/resources/Workspace allRelaxed ([Lorg/eclipse/core/resources/IBuildConfiguration;I)Z 6 <appendix> member <vmtarget> ; # org/eclipse/core/internal/resources/Workspace$$Lambda+0x0000000023562ef8
instanceKlass com/google/gson/internal/UnsafeAllocator
instanceKlass com/microsoft/java/debug/plugin/internal/Compile
instanceKlass com/microsoft/java/debug/plugin/internal/Compile$CompileParams
instanceKlass com/microsoft/java/debug/plugin/internal/ResolveMainClassHandler$ValidationResult
instanceKlass com/microsoft/java/debug/plugin/internal/ResolveMainClassHandler$ValidationResponse
instanceKlass  @bci java/util/logging/Level parse (Ljava/lang/String;)Ljava/util/logging/Level; 6 <appendix> argL0 ; # java/util/logging/Level$$Lambda+0x0000000023455b38
instanceKlass com/microsoft/java/debug/core/protocol/JsonUtils
instanceKlass com/microsoft/java/debug/core/protocol/Requests$ClassFilters
instanceKlass com/microsoft/java/debug/core/DebugSettings
instanceKlass  @bci com/microsoft/java/debug/plugin/internal/DebugSettingUtils configDebugSettings (Ljava/util/List;)Ljava/lang/Object; 14 <appendix> argL0 ; # com/microsoft/java/debug/plugin/internal/DebugSettingUtils$$Lambda+0x00000000236f4908
instanceKlass com/microsoft/java/debug/plugin/internal/DebugSettingUtils
instanceKlass com/microsoft/java/debug/plugin/internal/ResolveMainMethodHandler$MainMethod
instanceKlass  @bci com/microsoft/java/debug/plugin/internal/ResolveMainMethodHandler getMainMethod (Lorg/eclipse/jdt/core/IType;)Lorg/eclipse/jdt/core/IMethod; 123 <appendix> argL0 ; # com/microsoft/java/debug/plugin/internal/ResolveMainMethodHandler$$Lambda+0x00000000236f4240
instanceKlass  @bci org/eclipse/jdt/ls/core/internal/handlers/JDTLanguageServer validateDocument (Lorg/eclipse/jdt/ls/core/internal/lsp/ValidateDocumentParams;)V 9 <appendix> member <vmtarget> ; # org/eclipse/jdt/ls/core/internal/handlers/JDTLanguageServer$$Lambda+0x00000000236e7908
instanceKlass com/microsoft/java/debug/plugin/internal/ResolveMainClassHandler$ResolutionItem
instanceKlass com/microsoft/java/debug/plugin/internal/JdtUtils
instanceKlass com/microsoft/java/debug/plugin/internal/ResolveMainClassHandler
instanceKlass com/microsoft/java/debug/plugin/internal/ResolveMainMethodHandler
instanceKlass com/microsoft/java/debug/plugin/internal/LogUtils
instanceKlass com/microsoft/java/debug/plugin/internal/JavaDebuggerServerPlugin
instanceKlass com/microsoft/java/debug/plugin/internal/JavaDebugDelegateCommandHandler
instanceKlass org/eclipse/jdt/core/dom/RecoveredTypeBinding
# instanceKlass java/lang/invoke/LambdaForm$MH+0x00000000236f2000
# instanceKlass java/lang/invoke/LambdaForm$DMH+0x00000000236f1c00
instanceKlass lombok/eclipse/agent/PatchExtensionMethod$PostponedInvalidMethodError
# instanceKlass java/lang/invoke/LambdaForm$MH+0x00000000236f1800
# instanceKlass java/lang/invoke/LambdaForm$MH+0x00000000236f1400
# instanceKlass java/lang/invoke/LambdaForm$MH+0x00000000236f1000
# instanceKlass java/lang/invoke/LambdaForm$MH+0x00000000236f0c00
# instanceKlass java/lang/invoke/LambdaForm$MH+0x00000000236f0800
# instanceKlass java/lang/invoke/LambdaForm$MH+0x00000000236f0400
# instanceKlass java/lang/invoke/LambdaForm$MH+0x00000000236f0000
instanceKlass org/eclipse/jdt/internal/compiler/parser/diagnose/RangeUtil$RangeResult
instanceKlass org/eclipse/jdt/internal/compiler/parser/diagnose/RangeUtil
instanceKlass java/lang/StringLatin1$CharsSpliterator
instanceKlass  @bci java/util/function/BinaryOperator minBy (Ljava/util/Comparator;)Ljava/util/function/BinaryOperator; 6 <appendix> member <vmtarget> ; # java/util/function/BinaryOperator$$Lambda+0x0000000023455558
instanceKlass  @bci org/eclipse/jdt/ls/core/internal/corrections/QuickFixProcessor addAddAllMissingImportsProposal (Lorg/eclipse/jdt/ui/text/java/IInvocationContext;Ljava/util/Collection;)V 26 <appendix> argL0 ; # org/eclipse/jdt/ls/core/internal/corrections/QuickFixProcessor$$Lambda+0x00000000236e76c0
instanceKlass  @bci org/eclipse/jdt/ls/core/internal/corrections/QuickFixProcessor addAddAllMissingImportsProposal (Lorg/eclipse/jdt/ui/text/java/IInvocationContext;Ljava/util/Collection;)V 16 <appendix> argL0 ; # org/eclipse/jdt/ls/core/internal/corrections/QuickFixProcessor$$Lambda+0x00000000236e7468
instanceKlass org/eclipse/jdt/core/manipulation/CleanUpOptionsCore
instanceKlass org/eclipse/jdt/internal/ui/fix/AbstractCleanUp
instanceKlass org/eclipse/jdt/internal/ui/fix/IMultiFix
instanceKlass org/eclipse/jdt/core/CorrectionEngine
instanceKlass org/eclipse/jdt/internal/ui/text/correction/LocalCorrectionsBaseSubProcessor
# instanceKlass java/lang/invoke/LambdaForm$MH+0x00000000236e6800
# instanceKlass java/lang/invoke/LambdaForm$MH+0x00000000236e6400
# instanceKlass java/lang/invoke/LambdaForm$MH+0x00000000236e6000
# instanceKlass java/lang/invoke/LambdaForm$MH+0x00000000236e5c00
# instanceKlass java/lang/invoke/LambdaForm$MH+0x00000000236e5800
# instanceKlass java/lang/invoke/LambdaForm$MH+0x00000000236e5400
# instanceKlass java/lang/invoke/LambdaForm$MH+0x00000000236e5000
# instanceKlass java/lang/invoke/LambdaForm$MH+0x00000000236e4c00
# instanceKlass java/lang/invoke/LambdaForm$MH+0x00000000236e4800
instanceKlass org/eclipse/jdt/internal/compiler/env/AccessRestriction
# instanceKlass java/lang/invoke/LambdaForm$MH+0x00000000236e4400
# instanceKlass java/lang/invoke/LambdaForm$MH+0x00000000236e4000
# instanceKlass java/lang/invoke/LambdaForm$DMH+0x00000000236e3c00
instanceKlass  @bci org/eclipse/jdt/ls/core/internal/handlers/WorkspaceDiagnosticsHandler visit (Lorg/eclipse/core/resources/IResourceDelta;)Z 30 <appendix> argL0 ; # org/eclipse/jdt/ls/core/internal/handlers/WorkspaceDiagnosticsHandler$$Lambda+0x00000000236cbaa8
instanceKlass  @bci org/eclipse/jdt/ls/core/internal/handlers/WorkspaceDiagnosticsHandler visit (Lorg/eclipse/core/resources/IResourceDelta;)Z 20 <appendix> argL0 ; # org/eclipse/jdt/ls/core/internal/handlers/WorkspaceDiagnosticsHandler$$Lambda+0x00000000236cb860
instanceKlass  @bci org/eclipse/jdt/internal/formatter/linewrap/WrapExecutor$WrapsApplier isFixedLineStart (Lorg/eclipse/jdt/internal/formatter/Token;I)Z 67 <appendix> member <vmtarget> ; # org/eclipse/jdt/internal/formatter/linewrap/WrapExecutor$WrapsApplier$$Lambda+0x00000000236d93e0
# instanceKlass java/lang/invoke/LambdaForm$MH+0x00000000236e3800
# instanceKlass java/lang/invoke/LambdaForm$DMH+0x00000000236e3400
# instanceKlass java/lang/invoke/LambdaForm$MH+0x00000000236e3000
# instanceKlass java/lang/invoke/LambdaForm$MH+0x00000000236e2c00
# instanceKlass java/lang/invoke/LambdaForm$MH+0x00000000236e2800
# instanceKlass java/lang/invoke/LambdaForm$MH+0x00000000236e2400
instanceKlass org/eclipse/jdt/internal/ui/text/correction/SuppressWarningsBaseSubProcessor
instanceKlass org/eclipse/jdt/internal/compiler/parser/diagnose/DiagnoseParser$SecondaryRepairInfo
instanceKlass org/eclipse/jdt/internal/ui/util/ASTHelper
instanceKlass org/eclipse/jdt/internal/corext/dom/LinkedNodeFinder
instanceKlass org/eclipse/jdt/internal/corext/refactoring/code/CodeRefactoringUtil
instanceKlass org/eclipse/jdt/internal/core/InternalNamingConventions
instanceKlass org/eclipse/jdt/internal/codeassist/CompletionEngine$12
instanceKlass org/eclipse/jdt/internal/codeassist/CompletionEngine$11
# instanceKlass java/lang/invoke/LambdaForm$MH+0x00000000236e2000
# instanceKlass java/lang/invoke/LambdaForm$MH+0x00000000236e1c00
# instanceKlass java/lang/invoke/LambdaForm$MH+0x00000000236e1800
# instanceKlass java/lang/invoke/LambdaForm$MH+0x00000000236e1400
# instanceKlass java/lang/invoke/LambdaForm$MH+0x00000000236e1000
# instanceKlass java/lang/invoke/LambdaForm$MH+0x00000000236e0c00
# instanceKlass java/lang/invoke/LambdaForm$MH+0x00000000236e0800
# instanceKlass java/lang/invoke/LambdaForm$MH+0x00000000236e0400
# instanceKlass java/lang/invoke/LambdaForm$DMH+0x00000000236e0000
instanceKlass  @bci org/eclipse/jdt/internal/compiler/parser/RecoveryScanner filterTokens ([Lorg/eclipse/jdt/internal/compiler/parser/TerminalToken;)[Lorg/eclipse/jdt/internal/compiler/parser/TerminalToken; 14 <appendix> argL0 ; # org/eclipse/jdt/internal/compiler/parser/RecoveryScanner$$Lambda+0x00000000236dc000
instanceKlass  @bci org/eclipse/jdt/internal/compiler/parser/RecoveryScanner filterTokens ([Lorg/eclipse/jdt/internal/compiler/parser/TerminalToken;)[Lorg/eclipse/jdt/internal/compiler/parser/TerminalToken; 4 <appendix> argL0 ; # org/eclipse/jdt/internal/compiler/parser/RecoveryScanner$$Lambda+0x00000000235f3cd0
instanceKlass org/eclipse/jdt/internal/compiler/parser/RecoveryScannerData
instanceKlass org/eclipse/jdt/internal/compiler/parser/diagnose/DiagnoseParser$StateInfo
instanceKlass org/eclipse/jdt/internal/compiler/parser/diagnose/DiagnoseParser$RepairCandidate
instanceKlass org/eclipse/jdt/internal/compiler/parser/diagnose/DiagnoseParser$PrimaryRepairInfo
instanceKlass org/eclipse/jdt/internal/compiler/parser/diagnose/LexStream$Token
instanceKlass org/eclipse/jdt/internal/compiler/parser/diagnose/LexStream
instanceKlass org/eclipse/jdt/internal/compiler/parser/diagnose/DiagnoseParser
instanceKlass org/eclipse/jdt/ls/core/internal/contentassist/SnippetUtils
instanceKlass  @bci org/eclipse/jdt/ls/core/internal/contentassist/SnippetCompletionProposal getGenericSnippets (Lorg/eclipse/jdt/ls/core/internal/contentassist/SnippetCompletionProposal$SnippetCompletionContext;Lorg/eclipse/lsp4j/CompletionItemDefaults;)Ljava/util/List; 418 <appendix> argL0 ; # org/eclipse/jdt/ls/core/internal/contentassist/SnippetCompletionProposal$$Lambda+0x00000000236cb1c8
instanceKlass  @bci org/eclipse/jdt/ls/core/internal/contentassist/SnippetCompletionProposal getGenericSnippets (Lorg/eclipse/jdt/ls/core/internal/contentassist/SnippetCompletionProposal$SnippetCompletionContext;Lorg/eclipse/lsp4j/CompletionItemDefaults;)Ljava/util/List; 408 <appendix> member <vmtarget> ; # org/eclipse/jdt/ls/core/internal/contentassist/SnippetCompletionProposal$$Lambda+0x00000000236caf68
instanceKlass  @bci org/eclipse/jdt/ls/core/internal/contentassist/SnippetCompletionProposal getGenericSnippets (Lorg/eclipse/jdt/ls/core/internal/contentassist/SnippetCompletionProposal$SnippetCompletionContext;Lorg/eclipse/lsp4j/CompletionItemDefaults;)Ljava/util/List; 386 <appendix> argL0 ; # org/eclipse/jdt/ls/core/internal/contentassist/SnippetCompletionProposal$$Lambda+0x00000000236cad40
instanceKlass  @bci org/eclipse/jdt/ls/core/internal/contentassist/SnippetCompletionProposal getGenericSnippets (Lorg/eclipse/jdt/ls/core/internal/contentassist/SnippetCompletionProposal$SnippetCompletionContext;Lorg/eclipse/lsp4j/CompletionItemDefaults;)Ljava/util/List; 376 <appendix> member <vmtarget> ; # org/eclipse/jdt/ls/core/internal/contentassist/SnippetCompletionProposal$$Lambda+0x00000000236caae0
instanceKlass  @bci org/eclipse/jdt/ls/core/internal/contentassist/CompletionProposalRequestor$ProposalComparator getCompletion (Lorg/eclipse/jdt/core/CompletionProposal;)[C 5 <appendix> argL0 ; # org/eclipse/jdt/ls/core/internal/contentassist/CompletionProposalRequestor$ProposalComparator$$Lambda+0x00000000236ca898
# instanceKlass java/lang/invoke/LambdaForm$MH+0x00000000236d0c00
# instanceKlass java/lang/invoke/LambdaForm$MH+0x00000000236d0800
# instanceKlass java/lang/invoke/LambdaForm$MH+0x00000000236d0400
# instanceKlass java/lang/invoke/LambdaForm$MH+0x00000000236d0000
instanceKlass  @bci org/eclipse/jdt/ls/core/internal/handlers/FormatterHandler convertEdits ([Lorg/eclipse/text/edits/TextEdit;Lorg/eclipse/jface/text/IDocument;)Ljava/util/List; 5 <appendix> member <vmtarget> ; # org/eclipse/jdt/ls/core/internal/handlers/FormatterHandler$$Lambda+0x00000000236ca648
instanceKlass org/eclipse/jdt/internal/corext/refactoring/util/TextEditUtil
instanceKlass  @bci org/eclipse/jdt/ls/core/internal/ChangeUtil hasChanges (Ljava/util/List;)Z 12 <appendix> argL0 ; # org/eclipse/jdt/ls/core/internal/ChangeUtil$$Lambda+0x00000000236ca3f0
instanceKlass org/eclipse/jdt/ls/core/internal/ChangeUtil
instanceKlass org/eclipse/jdt/ls/core/internal/handlers/CompletionResolveHandler
instanceKlass org/eclipse/lsp4j/adapters/CompletionItemDefaultsEditRangeTypeAdapter
instanceKlass org/eclipse/lsp4j/adapters/CompletionItemTextEditTypeAdapter
instanceKlass  @bci org/eclipse/jdt/ls/core/internal/handlers/CompletionHandler computeContentAssist (Lorg/eclipse/jdt/core/ICompilationUnit;Lorg/eclipse/lsp4j/CompletionParams;Lorg/eclipse/core/runtime/IProgressMonitor;)Lorg/eclipse/lsp4j/CompletionList; 632 <appendix> member <vmtarget> ; # org/eclipse/jdt/ls/core/internal/handlers/CompletionHandler$$Lambda+0x00000000236c9ae0
instanceKlass  @bci org/eclipse/jdt/ls/core/internal/handlers/CompletionHandler computeContentAssist (Lorg/eclipse/jdt/core/ICompilationUnit;Lorg/eclipse/lsp4j/CompletionParams;Lorg/eclipse/core/runtime/IProgressMonitor;)Lorg/eclipse/lsp4j/CompletionList; 620 <appendix> argL0 ; # org/eclipse/jdt/ls/core/internal/handlers/CompletionHandler$$Lambda+0x00000000236c9888
instanceKlass  @bci org/eclipse/jdt/ls/core/internal/handlers/CompletionHandler computeContentAssist (Lorg/eclipse/jdt/core/ICompilationUnit;Lorg/eclipse/lsp4j/CompletionParams;Lorg/eclipse/core/runtime/IProgressMonitor;)Lorg/eclipse/lsp4j/CompletionList; 444 <appendix> argL0 ; # org/eclipse/jdt/ls/core/internal/handlers/CompletionHandler$$Lambda+0x00000000236c9630
instanceKlass org/eclipse/jdt/ls/core/internal/contentassist/JavadocCompletionProposal
instanceKlass org/eclipse/jdt/internal/corext/template/java/IJavaContext
instanceKlass org/eclipse/jdt/ls/core/internal/contentassist/SnippetCompletionProposal$SnippetCompletionContext
instanceKlass org/eclipse/jdt/ls/core/internal/contentassist/SortTextHelper
instanceKlass org/eclipse/lsp4j/CompletionItemLabelDetails
instanceKlass org/eclipse/lsp4j/InsertReplaceRange
instanceKlass org/eclipse/jdt/ls/core/internal/CompletionUtils
instanceKlass org/eclipse/lsp4j/InsertReplaceEdit
instanceKlass org/eclipse/jdt/ls/core/internal/contentassist/TypeProposalUtils
instanceKlass org/eclipse/jdt/ls/core/internal/contentassist/CompletionProposalRequestor$ProposalComparator
instanceKlass org/eclipse/jdt/ls/core/internal/handlers/CompletionRankingAggregation
instanceKlass org/eclipse/jdt/ls/core/internal/handlers/CompletionContributionService
instanceKlass org/eclipse/jdt/internal/corext/template/java/SignatureUtil
instanceKlass org/eclipse/jdt/internal/codeassist/CompletionEngine$AcceptedType
instanceKlass org/eclipse/jdt/internal/codeassist/CompletionEngine$9
instanceKlass org/eclipse/jdt/internal/codeassist/CompletionEngine$10
instanceKlass org/eclipse/jdt/ls/core/internal/contentassist/CompletionProposalReplacementProvider
instanceKlass org/eclipse/jdt/ls/core/internal/contentassist/CompletionProposalDescriptionProvider
instanceKlass org/eclipse/jdt/internal/codeassist/InternalExtendedCompletionContext$1
instanceKlass org/eclipse/jdt/internal/codeassist/InternalExtendedCompletionContext
instanceKlass  @bci org/eclipse/jdt/internal/codeassist/complete/CompletionOnSingleNameReference resolveType (Lorg/eclipse/jdt/internal/compiler/lookup/BlockScope;)Lorg/eclipse/jdt/internal/compiler/lookup/TypeBinding; 39 <appendix> member <vmtarget> ; # org/eclipse/jdt/internal/codeassist/complete/CompletionOnSingleNameReference$$Lambda+0x00000000236bac18
instanceKlass  @bci org/eclipse/jdt/internal/codeassist/complete/CompletionParser createSingleAssistNameReference ([CJ)Lorg/eclipse/jdt/internal/compiler/ast/NameReference; 249 <appendix> argL0 ; # org/eclipse/jdt/internal/codeassist/complete/CompletionParser$$Lambda+0x00000000236b9178
instanceKlass org/eclipse/jdt/internal/codeassist/complete/CompletionOnJavadoc
instanceKlass org/eclipse/jdt/internal/codeassist/complete/CompletionOnKeyword
instanceKlass  @bci org/eclipse/jdt/internal/core/CompletionEngineProviderDiscovery getInstance ()Lorg/eclipse/jdt/internal/codeassist/ICompletionEngineProvider; 112 <appendix> argL0 ; # org/eclipse/jdt/internal/core/CompletionEngineProviderDiscovery$$Lambda+0x00000000236a86c0
instanceKlass  @cpi org/eclipse/jdt/internal/core/CompletionEngineProviderDiscovery 195 form vmentry <vmtarget> ; # java/lang/invoke/LambdaForm$DMH+0x00000000236ac000
instanceKlass org/eclipse/jdt/internal/codeassist/ICompletionEngineProvider
instanceKlass org/eclipse/jdt/internal/core/CompletionEngineProviderDiscovery
instanceKlass  @bci org/eclipse/jdt/internal/corext/util/TypeFilter removeFilterIfMatched (Ljava/util/Collection;)V 35 <appendix> argL0 ; # org/eclipse/jdt/internal/corext/util/TypeFilter$$Lambda+0x00000000236a3850
instanceKlass  @bci org/eclipse/jdt/internal/corext/util/TypeFilter removeFilterIfMatched (Ljava/util/Collection;)V 25 <appendix> member <vmtarget> ; # org/eclipse/jdt/internal/corext/util/TypeFilter$$Lambda+0x00000000236a35f0
instanceKlass org/eclipse/jdt/internal/ui/util/StringMatcher
instanceKlass  @bci org/eclipse/jdt/ls/core/internal/contentassist/CompletionProposalRequestor <init> (Lorg/eclipse/jdt/core/ICompilationUnit;ILorg/eclipse/jdt/ls/core/internal/preferences/PreferenceManager;)V 136 <appendix> argL0 ; # org/eclipse/jdt/ls/core/internal/contentassist/CompletionProposalRequestor$$Lambda+0x0000000023694dc8
instanceKlass org/eclipse/jdt/ls/core/internal/handlers/CompletionResponse
instanceKlass org/eclipse/lsp4j/CompletionItemDefaults
instanceKlass org/eclipse/jdt/ls/core/internal/handlers/CompletionResponses
instanceKlass org/eclipse/lsp4j/CompletionContext
instanceKlass  @bci org/eclipse/jdt/ls/core/internal/text/correction/SourceAssistProcessor addGenerateAccessorsSourceActionCommand (Lorg/eclipse/lsp4j/CodeActionParams;Lorg/eclipse/jdt/ui/text/java/IInvocationContext;Ljava/util/List;Lorg/eclipse/jdt/core/IType;Ljava/util/List;Z)V 203 <appendix> member <vmtarget> ; # org/eclipse/jdt/ls/core/internal/text/correction/SourceAssistProcessor$$Lambda+0x00000000236946d8
instanceKlass  @bci org/eclipse/jdt/ls/core/internal/text/correction/SourceAssistProcessor addGenerateAccessorsSourceActionCommand (Lorg/eclipse/lsp4j/CodeActionParams;Lorg/eclipse/jdt/ui/text/java/IInvocationContext;Ljava/util/List;Lorg/eclipse/jdt/core/IType;Ljava/util/List;Z)V 125 <appendix> member <vmtarget> ; # org/eclipse/jdt/ls/core/internal/text/correction/SourceAssistProcessor$$Lambda+0x0000000023694478
instanceKlass  @bci org/eclipse/jdt/ls/core/internal/text/correction/SourceAssistProcessor addGenerateAccessorsSourceActionCommand (Lorg/eclipse/lsp4j/CodeActionParams;Lorg/eclipse/jdt/ui/text/java/IInvocationContext;Ljava/util/List;Lorg/eclipse/jdt/core/IType;Ljava/util/List;Z)V 47 <appendix> member <vmtarget> ; # org/eclipse/jdt/ls/core/internal/text/correction/SourceAssistProcessor$$Lambda+0x0000000023694218
instanceKlass org/eclipse/jdt/internal/corext/refactoring/util/RefactoringASTParser
instanceKlass org/eclipse/ltk/core/refactoring/TextEditBasedChange$PreviewAndRegion
instanceKlass org/eclipse/text/edits/EditDocument
instanceKlass org/eclipse/text/edits/TextEditCopier
instanceKlass org/eclipse/ltk/core/refactoring/ContentStamp
instanceKlass org/eclipse/ltk/internal/core/refactoring/ContentStamps
instanceKlass org/eclipse/ltk/core/refactoring/RefactoringStatusContext
instanceKlass org/eclipse/jdt/internal/corext/refactoring/rename/RefactoringAnalyzeUtil
instanceKlass org/eclipse/jdt/internal/core/dom/rewrite/SourceModifier
instanceKlass org/eclipse/jdt/internal/core/util/RecordedParsingInformation
instanceKlass org/eclipse/jdt/internal/compiler/batch/CompilationUnit
instanceKlass org/eclipse/jdt/internal/core/util/CodeSnippetParsingUtil
instanceKlass org/eclipse/jdt/internal/core/dom/rewrite/TokenScanner
instanceKlass org/eclipse/jdt/internal/core/dom/rewrite/LineCommentEndOffsets
instanceKlass org/eclipse/jdt/core/formatter/IndentManipulation
instanceKlass org/eclipse/jdt/internal/core/dom/rewrite/ASTRewriteFormatter$BlockFormattingPrefix
instanceKlass org/eclipse/jdt/internal/core/dom/rewrite/ASTRewriteFormatter$BlockFormattingPrefixSuffix
instanceKlass org/eclipse/jdt/internal/core/dom/rewrite/ASTRewriteFormatter$FormattingPrefix
instanceKlass org/eclipse/jdt/internal/core/dom/rewrite/ASTRewriteFormatter$ConstPrefix
instanceKlass org/eclipse/jdt/internal/core/dom/rewrite/ASTRewriteFormatter$BlockContext
instanceKlass org/eclipse/jdt/internal/core/dom/rewrite/ASTRewriteFormatter$Prefix
instanceKlass org/eclipse/jdt/internal/core/dom/rewrite/ASTRewriteFormatter
instanceKlass org/eclipse/text/edits/ISourceModifier
instanceKlass org/eclipse/jdt/internal/core/dom/rewrite/ASTRewriteAnalyzer$ListRewriter
instanceKlass org/eclipse/jdt/internal/core/dom/rewrite/LineInformation
instanceKlass org/eclipse/jdt/internal/core/dom/rewrite/RewriteEventStore$ParentIterator
instanceKlass org/eclipse/ltk/core/refactoring/TextEditBasedChangeGroup
instanceKlass org/eclipse/jdt/core/dom/rewrite/TargetSourceRangeComputer$SourceRange
instanceKlass org/eclipse/jdt/internal/core/dom/rewrite/RewriteEventStore$EventHolder
instanceKlass org/eclipse/jdt/core/BindingKey
instanceKlass org/eclipse/jdt/internal/corext/refactoring/typeconstraints/types/TType
instanceKlass org/eclipse/jdt/internal/corext/refactoring/typeconstraints/types/TypeEnvironment
instanceKlass org/eclipse/jdt/internal/corext/dom/TypeRules
instanceKlass org/eclipse/jdt/internal/core/manipulation/dom/NecessaryParenthesesChecker
instanceKlass org/eclipse/jdt/internal/core/dom/rewrite/RewriteEventStore$CopySourceInfo
instanceKlass org/eclipse/jdt/internal/core/dom/rewrite/RewriteEventStore$PropertyLocation
instanceKlass org/eclipse/jdt/internal/corext/refactoring/code/Invocations
instanceKlass org/eclipse/jdt/internal/corext/dom/ScopeAnalyzer$DefaultBindingRequestor
instanceKlass org/eclipse/jdt/internal/corext/dom/ScopeAnalyzer$IBindingRequestor
instanceKlass org/eclipse/jdt/internal/corext/dom/ScopeAnalyzer
instanceKlass lombok/launch/PatchFixesHider$PatchFixes
instanceKlass org/eclipse/jdt/internal/corext/refactoring/rename/TempDeclarationFinder
instanceKlass org/eclipse/ltk/core/refactoring/RefactoringTickProvider
instanceKlass org/eclipse/jdt/internal/corext/util/Messages
instanceKlass org/eclipse/jdt/ls/core/internal/text/correction/RefactorProposalUtility$ExtractFieldInfo
instanceKlass org/eclipse/ltk/core/refactoring/RefactoringStatusEntry
instanceKlass org/eclipse/jdt/internal/corext/refactoring/code/ConstantChecks
instanceKlass org/eclipse/jdt/internal/corext/refactoring/structure/CompilationUnitRewrite
instanceKlass org/eclipse/jdt/internal/corext/dom/fragments/ASTFragment
instanceKlass org/eclipse/jdt/internal/corext/dom/fragments/IExpressionFragment
instanceKlass org/eclipse/jdt/internal/corext/dom/fragments/Util
instanceKlass org/eclipse/jdt/internal/corext/SourceRangeFactory
instanceKlass org/eclipse/jdt/internal/corext/dom/fragments/ASTFragmentFactory
instanceKlass org/eclipse/jdt/internal/corext/dom/fragments/IASTFragment
instanceKlass  @bci org/eclipse/jdt/ls/core/internal/text/correction/RefactorProposalUtility supportsExtractVariable (Lorg/eclipse/jdt/ui/text/java/IInvocationContext;)Z 83 <appendix> argL0 ; # org/eclipse/jdt/ls/core/internal/text/correction/RefactorProposalUtility$$Lambda+0x000000002367b8f8
instanceKlass  @bci org/eclipse/jdt/ls/core/internal/handlers/JsonRpcHelpers toLine (Lorg/eclipse/jdt/core/IOpenable;I)[I 2 <appendix> member <vmtarget> ; # org/eclipse/jdt/ls/core/internal/handlers/JsonRpcHelpers$$Lambda+0x000000002367b6b0
instanceKlass org/eclipse/lsp4j/DocumentHighlight
instanceKlass org/eclipse/jdt/internal/core/manipulation/search/IOccurrencesFinder$OccurrenceLocation
instanceKlass org/eclipse/jdt/internal/core/manipulation/Messages
instanceKlass org/eclipse/jdt/internal/core/manipulation/util/BasicElementLabels
instanceKlass org/eclipse/jdt/internal/core/manipulation/search/ImplementOccurrencesFinder
instanceKlass  @bci org/eclipse/jdt/ls/core/internal/handlers/JsonRpcHelpers toOffset (Lorg/eclipse/jdt/core/IOpenable;II)I 7 <appendix> member <vmtarget> ; # org/eclipse/jdt/ls/core/internal/handlers/JsonRpcHelpers$$Lambda+0x000000002367b468
instanceKlass  @cpi org/eclipse/jdt/ls/core/internal/handlers/JsonRpcHelpers 242 form vmentry <vmtarget> ; # java/lang/invoke/LambdaForm$DMH+0x0000000023687800
instanceKlass org/eclipse/jdt/internal/core/manipulation/search/IOccurrencesFinder
instanceKlass org/eclipse/jdt/ls/core/internal/handlers/DocumentHighlightHandler
instanceKlass  @bci org/eclipse/jdt/ls/core/internal/handlers/JDTLanguageServer documentHighlight (Lorg/eclipse/lsp4j/DocumentHighlightParams;)Ljava/util/concurrent/CompletableFuture; 8 <appendix> member <vmtarget> ; # org/eclipse/jdt/ls/core/internal/handlers/JDTLanguageServer$$Lambda+0x000000002367b008
instanceKlass org/eclipse/jdt/ls/core/internal/HoverInfoProvider
instanceKlass  @bci org/eclipse/jdt/ls/core/internal/handlers/JDTLanguageServer hover (Lorg/eclipse/lsp4j/HoverParams;)Ljava/util/concurrent/CompletableFuture; 21 <appendix> member <vmtarget> ; # org/eclipse/jdt/ls/core/internal/handlers/JDTLanguageServer$$Lambda+0x000000002367a6f0
# instanceKlass java/lang/invoke/LambdaForm$MH+0x0000000023687400
# instanceKlass java/lang/invoke/LambdaForm$MH+0x0000000023687000
# instanceKlass java/lang/invoke/LambdaForm$MH+0x0000000023686c00
# instanceKlass java/lang/invoke/LambdaForm$MH+0x0000000023686800
# instanceKlass java/lang/invoke/LambdaForm$MH+0x0000000023686400
# instanceKlass java/lang/invoke/LambdaForm$MH+0x0000000023686000
# instanceKlass java/lang/invoke/LambdaForm$MH+0x0000000023685c00
# instanceKlass java/lang/invoke/LambdaForm$MH+0x0000000023685800
# instanceKlass java/lang/invoke/LambdaForm$MH+0x0000000023685400
instanceKlass org/eclipse/lsp4j/TextDocumentContentChangeEvent
# instanceKlass java/lang/invoke/LambdaForm$MH+0x0000000023685000
# instanceKlass java/lang/invoke/LambdaForm$MH+0x0000000023684c00
instanceKlass  @bci java/util/Map$Entry comparingByKey ()Ljava/util/Comparator; 0 <appendix> argL0 ; # java/util/Map$Entry$$Lambda+0x0000000023454cb8
instanceKlass sun/util/locale/provider/TimeZoneNameUtility$TimeZoneNameGetter
instanceKlass sun/util/locale/provider/TimeZoneNameUtility
instanceKlass sun/nio/cs/Surrogate
instanceKlass sun/nio/cs/Surrogate$Parser
# instanceKlass java/lang/invoke/LambdaForm$MH+0x0000000023684800
# instanceKlass java/lang/invoke/LambdaForm$MH+0x0000000023684400
# instanceKlass java/lang/invoke/LambdaForm$MH+0x0000000023684000
instanceKlass org/eclipse/jdt/internal/ui/text/correction/QuickAssistProcessorUtil
instanceKlass  @bci org/eclipse/jdt/ls/core/internal/handlers/WorkspaceEventsHandler didChangeWatchedFiles (Lorg/eclipse/lsp4j/DidChangeWatchedFilesParams;)V 15 <appendix> member <vmtarget> ; # org/eclipse/jdt/ls/core/internal/handlers/WorkspaceEventsHandler$$Lambda+0x000000002367a060
instanceKlass org/eclipse/lsp4j/FileEvent
instanceKlass lombok/bytecode/ClassFileMetaData
instanceKlass lombok/bytecode/SneakyThrowsRemover
instanceKlass org/lombokweb/asm/ClassVisitor
instanceKlass lombok/bytecode/PreventNullAnalysisRemover
instanceKlass lombok/core/SpiLoadUtil$1$1
instanceKlass lombok/core/SpiLoadUtil$1
instanceKlass lombok/core/SpiLoadUtil
instanceKlass lombok/core/PostCompilerTransformation
instanceKlass lombok/core/PostCompiler
instanceKlass lombok/core/DiagnosticsReceiver$1
instanceKlass lombok/eclipse/agent/PatchFixesShadowLoaded
instanceKlass lombok/launch/PatchFixesHider$LombokDeps
# instanceKlass java/lang/invoke/LambdaForm$MH+0x000000002367dc00
# instanceKlass java/lang/invoke/LambdaForm$MH+0x000000002367d800
# instanceKlass java/lang/invoke/LambdaForm$MH+0x000000002367d400
instanceKlass  @bci org/eclipse/jdt/ls/core/internal/handlers/BaseDocumentLifeCycleHandler handleFileRenameForTypeDeclaration (Ljava/lang/String;)V 60 <appendix> argL0 ; # org/eclipse/jdt/ls/core/internal/handlers/BaseDocumentLifeCycleHandler$$Lambda+0x0000000023679e08
instanceKlass  @bci org/eclipse/jdt/ls/core/internal/handlers/BaseDocumentLifeCycleHandler handleFileRenameForTypeDeclaration (Ljava/lang/String;)V 31 <appendix> argL0 ; # org/eclipse/jdt/ls/core/internal/handlers/BaseDocumentLifeCycleHandler$$Lambda+0x0000000023679bb0
instanceKlass  @bci org/eclipse/jdt/internal/core/search/matching/JavaSearchNameEnvironment <init> (Lorg/eclipse/jdt/core/IJavaProject;[Lorg/eclipse/jdt/core/ICompilationUnit;)V 153 <appendix> member <vmtarget> ; # org/eclipse/jdt/internal/core/search/matching/JavaSearchNameEnvironment$$Lambda+0x000000002367e228
instanceKlass  @bci org/eclipse/jdt/internal/core/CompilationUnit getPackageDeclarations ()[Lorg/eclipse/jdt/core/IPackageDeclaration; 8 <appendix> argL0 ; # org/eclipse/jdt/internal/core/CompilationUnit$$Lambda+0x000000002367e000
instanceKlass  @bci org/eclipse/jdt/ls/core/internal/handlers/JDTLanguageServer didSave (Lorg/eclipse/lsp4j/DidSaveTextDocumentParams;)V 63 <appendix> member <vmtarget> ; # org/eclipse/jdt/ls/core/internal/handlers/JDTLanguageServer$$Lambda+0x0000000023679960
# instanceKlass java/lang/invoke/LambdaForm$MH+0x000000002367d000
# instanceKlass java/lang/invoke/LambdaForm$MH+0x000000002367cc00
# instanceKlass java/lang/invoke/LambdaForm$MH+0x000000002367c800
# instanceKlass java/lang/invoke/LambdaForm$MH+0x000000002367c400
# instanceKlass java/lang/invoke/LambdaForm$MH+0x000000002367c000
instanceKlass  @bci org/eclipse/jdt/internal/core/search/indexing/IndexManager saveIndex (Lorg/eclipse/jdt/internal/core/index/Index;)V 95 <appendix> member <vmtarget> ; # org/eclipse/jdt/internal/core/search/indexing/IndexManager$$Lambda+0x0000000023677ad0
instanceKlass sun/nio/fs/WindowsFileCopy
instanceKlass  @bci org/eclipse/jdt/ls/core/internal/handlers/WorkspaceDiagnosticsHandler toDiagnosticArray (Lorg/eclipse/lsp4j/Range;Ljava/util/Collection;Z)Ljava/util/List; 28 <appendix> argL0 ; # org/eclipse/jdt/ls/core/internal/handlers/WorkspaceDiagnosticsHandler$$Lambda+0x0000000023679708
instanceKlass  @bci org/eclipse/jdt/ls/core/internal/handlers/WorkspaceDiagnosticsHandler toDiagnosticArray (Lorg/eclipse/lsp4j/Range;Ljava/util/Collection;Z)Ljava/util/List; 18 <appendix> member <vmtarget> ; # org/eclipse/jdt/ls/core/internal/handlers/WorkspaceDiagnosticsHandler$$Lambda+0x00000000236794b8
instanceKlass  @bci org/eclipse/jdt/ls/core/internal/handlers/WorkspaceDiagnosticsHandler toDiagnosticArray (Lorg/eclipse/lsp4j/Range;Ljava/util/Collection;Z)Ljava/util/List; 6 <appendix> argL0 ; # org/eclipse/jdt/ls/core/internal/handlers/WorkspaceDiagnosticsHandler$$Lambda+0x0000000023679260
instanceKlass org/eclipse/core/internal/content/TextContentDescriber
instanceKlass org/eclipse/core/runtime/content/ITextContentDescriber
instanceKlass org/eclipse/core/runtime/content/IContentDescriber
instanceKlass org/eclipse/core/internal/content/ContentTypeCatalog$1
instanceKlass org/eclipse/jdt/internal/core/index/DiskIndex$IntList
instanceKlass org/eclipse/core/internal/resources/ProjectContentTypes$ProjectContentTypeSelectionPolicy
instanceKlass  @bci org/eclipse/jdt/ls/core/internal/handlers/JDTLanguageServer willSaveWaitUntil (Lorg/eclipse/lsp4j/WillSaveTextDocumentParams;)Ljava/util/concurrent/CompletableFuture; 21 <appendix> member <vmtarget> ; # org/eclipse/jdt/ls/core/internal/handlers/JDTLanguageServer$$Lambda+0x0000000023679010
instanceKlass  @bci org/eclipse/jdt/ls/core/internal/cleanup/CleanUpRegistry lambda$0 (Lorg/eclipse/jdt/ls/core/internal/cleanup/ISimpleCleanUp;)V 8 <appendix> member <vmtarget> ; # org/eclipse/jdt/ls/core/internal/cleanup/CleanUpRegistry$$Lambda+0x0000000023678dd0
instanceKlass  @bci org/eclipse/jdt/ls/core/internal/cleanup/CleanUpRegistry <init> ()V 240 <appendix> member <vmtarget> ; # org/eclipse/jdt/ls/core/internal/cleanup/CleanUpRegistry$$Lambda+0x0000000023678b90
instanceKlass org/eclipse/jdt/ls/core/internal/cleanup/RedundantComparisonStatementCleanUp
instanceKlass org/eclipse/jdt/ls/core/internal/cleanup/RedundantFallingThroughBlockEndCleanUp
instanceKlass org/eclipse/jdt/ls/core/internal/cleanup/RedundantIfConditionCleanUp
instanceKlass org/eclipse/jdt/ls/core/internal/cleanup/RedundantSuperCallCleanUp
instanceKlass org/eclipse/jdt/ls/core/internal/cleanup/RedundantModifiersCleanUp
instanceKlass org/eclipse/jdt/ls/core/internal/cleanup/PatternInstanceofToSwitchCleanup
instanceKlass org/eclipse/jdt/ls/core/internal/cleanup/RenameUnusedLocalVariableCleanup
instanceKlass org/eclipse/jdt/ls/core/internal/cleanup/OrganizeImportsCleanup
instanceKlass org/eclipse/jdt/ls/core/internal/cleanup/LambdaExpressionAndMethodRefCleanUp
instanceKlass org/eclipse/jdt/ls/core/internal/cleanup/TryWithResourceCleanUp
instanceKlass org/eclipse/jdt/ls/core/internal/cleanup/LambdaExpressionCleanup
instanceKlass org/eclipse/jdt/ls/core/internal/cleanup/InstanceofPatternMatch
instanceKlass org/eclipse/jdt/ls/core/internal/cleanup/SwitchExpressionCleanup
instanceKlass org/eclipse/jdt/ls/core/internal/cleanup/VariableDeclarationFixCleanup
instanceKlass org/eclipse/jdt/ls/core/internal/cleanup/InvertEqualsCleanUp
instanceKlass org/eclipse/jdt/ls/core/internal/cleanup/StringConcatToTextBlockCleanUp
instanceKlass org/eclipse/jdt/ls/core/internal/cleanup/AddDeprecatedAnnotationCleanUp
instanceKlass org/eclipse/jdt/ls/core/internal/cleanup/AddOverrideAnnotationCleanUp
instanceKlass org/eclipse/jdt/ls/core/internal/cleanup/StaticAccessUsesClassNameCleanUp
instanceKlass org/eclipse/jdt/ls/core/internal/cleanup/MemberAccessUsesThisCleanUp
instanceKlass org/eclipse/jdt/ls/core/internal/cleanup/ISimpleCleanUp
instanceKlass org/eclipse/jdt/ls/core/internal/cleanup/CleanUpRegistry
instanceKlass org/eclipse/jdt/ls/core/internal/commands/OrganizeImportsCommand
instanceKlass org/eclipse/jdt/internal/formatter/linewrap/WrapExecutor$WrapResult
instanceKlass  @bci org/eclipse/jdt/internal/formatter/linewrap/WrapExecutor isWrapInsideFormatRegion (I)Z 45 <appendix> member <vmtarget> ; # org/eclipse/jdt/internal/formatter/linewrap/WrapExecutor$$Lambda+0x0000000023676af0
instanceKlass org/eclipse/jdt/internal/formatter/linewrap/WrapExecutor$WrapInfo
instanceKlass org/eclipse/jdt/internal/formatter/linewrap/WrapExecutor
instanceKlass  @bci org/eclipse/jdt/internal/formatter/linewrap/WrapPreparator areKeptOnOneLine (II)Z 27 <appendix> argL0 ; # org/eclipse/jdt/internal/formatter/linewrap/WrapPreparator$$Lambda+0x0000000023675d00
instanceKlass  @bci org/eclipse/jdt/internal/formatter/linewrap/Aligner areKeptOnOneLine (Ljava/util/List;)Z 7 <appendix> member <vmtarget> ; # org/eclipse/jdt/internal/formatter/linewrap/Aligner$$Lambda+0x0000000023675aa0
instanceKlass org/eclipse/jdt/internal/formatter/Token$WrapPolicy
instanceKlass org/eclipse/jdt/internal/formatter/linewrap/WrapPreparator$FieldAccessAdapter
instanceKlass org/eclipse/jdt/internal/formatter/linewrap/Aligner
instanceKlass  @bci org/eclipse/jdt/internal/formatter/linewrap/WrapPreparator <clinit> ()V 670 <appendix> argL0 ; # org/eclipse/jdt/internal/formatter/linewrap/WrapPreparator$$Lambda+0x0000000023674d80
instanceKlass  @bci org/eclipse/jdt/internal/formatter/linewrap/WrapPreparator <clinit> ()V 659 <appendix> argL0 ; # org/eclipse/jdt/internal/formatter/linewrap/WrapPreparator$$Lambda+0x0000000023674b58
instanceKlass  @bci org/eclipse/jdt/internal/formatter/linewrap/WrapPreparator <clinit> ()V 572 <appendix> argL0 ; # org/eclipse/jdt/internal/formatter/linewrap/WrapPreparator$$Lambda+0x0000000023674900
instanceKlass  @bci org/eclipse/jdt/internal/formatter/linewrap/WrapPreparator <clinit> ()V 561 <appendix> argL0 ; # org/eclipse/jdt/internal/formatter/linewrap/WrapPreparator$$Lambda+0x00000000236746d8
instanceKlass  @bci org/eclipse/jdt/internal/formatter/linewrap/WrapPreparator <clinit> ()V 455 <appendix> argL0 ; # org/eclipse/jdt/internal/formatter/linewrap/WrapPreparator$$Lambda+0x0000000023674480
instanceKlass  @bci org/eclipse/jdt/internal/formatter/linewrap/WrapPreparator <clinit> ()V 444 <appendix> argL0 ; # org/eclipse/jdt/internal/formatter/linewrap/WrapPreparator$$Lambda+0x0000000023674258
instanceKlass  @bci org/eclipse/jdt/internal/formatter/linewrap/WrapPreparator <clinit> ()V 373 <appendix> argL0 ; # org/eclipse/jdt/internal/formatter/linewrap/WrapPreparator$$Lambda+0x0000000023674000
instanceKlass  @bci org/eclipse/jdt/internal/formatter/linewrap/WrapPreparator <clinit> ()V 362 <appendix> argL0 ; # org/eclipse/jdt/internal/formatter/linewrap/WrapPreparator$$Lambda+0x000000002366fc50
instanceKlass  @bci org/eclipse/jdt/internal/formatter/linewrap/WrapPreparator <clinit> ()V 279 <appendix> argL0 ; # org/eclipse/jdt/internal/formatter/linewrap/WrapPreparator$$Lambda+0x000000002366f9f8
instanceKlass  @bci org/eclipse/jdt/internal/formatter/linewrap/WrapPreparator <clinit> ()V 268 <appendix> argL0 ; # org/eclipse/jdt/internal/formatter/linewrap/WrapPreparator$$Lambda+0x000000002366f7d0
instanceKlass  @bci org/eclipse/jdt/internal/formatter/linewrap/WrapPreparator <clinit> ()V 191 <appendix> argL0 ; # org/eclipse/jdt/internal/formatter/linewrap/WrapPreparator$$Lambda+0x000000002366f578
instanceKlass  @bci org/eclipse/jdt/internal/formatter/linewrap/WrapPreparator <clinit> ()V 180 <appendix> argL0 ; # org/eclipse/jdt/internal/formatter/linewrap/WrapPreparator$$Lambda+0x000000002366f350
instanceKlass  @bci org/eclipse/jdt/internal/formatter/linewrap/WrapPreparator <clinit> ()V 109 <appendix> argL0 ; # org/eclipse/jdt/internal/formatter/linewrap/WrapPreparator$$Lambda+0x000000002366f0f8
instanceKlass  @bci org/eclipse/jdt/internal/formatter/linewrap/WrapPreparator <clinit> ()V 98 <appendix> argL0 ; # org/eclipse/jdt/internal/formatter/linewrap/WrapPreparator$$Lambda+0x000000002366eed0
instanceKlass  @bci com/microsoft/java/debug/core/adapter/handler/LaunchRequestHandler launch (Lcom/microsoft/java/debug/core/protocol/Requests$LaunchArguments;Lcom/microsoft/java/debug/core/protocol/Messages$Response;Lcom/microsoft/java/debug/core/adapter/IDebugAdapterContext;)Ljava/util/concurrent/CompletableFuture; 100 <appendix> form vmentry <vmtarget> ; # java/lang/invoke/LambdaForm$MH+0x0000000023671400
instanceKlass  @bci org/eclipse/jdt/internal/formatter/CommentsPreparator <clinit> ()V 93 <appendix> form vmentry <vmtarget> ; # java/lang/invoke/LambdaForm$MH+0x0000000023670c00
instanceKlass  @bci org/eclipse/jdt/internal/formatter/CommentsPreparator <clinit> ()V 72 <appendix> form vmentry <vmtarget> ; # java/lang/invoke/LambdaForm$MH+0x0000000023670400
instanceKlass  @bci org/eclipse/jdt/internal/formatter/SpacePreparator <clinit> ()V 477 <appendix> argL0 ; # org/eclipse/jdt/internal/formatter/SpacePreparator$$Lambda+0x000000002366d750
instanceKlass  @bci org/eclipse/jdt/internal/formatter/SpacePreparator <clinit> ()V 464 <appendix> argL0 ; # org/eclipse/jdt/internal/formatter/SpacePreparator$$Lambda+0x000000002366d4f8
instanceKlass  @bci org/eclipse/jdt/internal/formatter/SpacePreparator <clinit> ()V 404 <appendix> argL0 ; # org/eclipse/jdt/internal/formatter/SpacePreparator$$Lambda+0x000000002366d2a0
instanceKlass  @bci org/eclipse/jdt/internal/formatter/SpacePreparator <clinit> ()V 391 <appendix> argL0 ; # org/eclipse/jdt/internal/formatter/SpacePreparator$$Lambda+0x000000002366d048
instanceKlass  @bci org/eclipse/jdt/internal/formatter/SpacePreparator <clinit> ()V 325 <appendix> argL0 ; # org/eclipse/jdt/internal/formatter/SpacePreparator$$Lambda+0x000000002366cdf0
instanceKlass  @bci org/eclipse/jdt/internal/formatter/SpacePreparator <clinit> ()V 312 <appendix> argL0 ; # org/eclipse/jdt/internal/formatter/SpacePreparator$$Lambda+0x000000002366cb98
instanceKlass  @bci org/eclipse/jdt/internal/formatter/SpacePreparator <clinit> ()V 227 <appendix> argL0 ; # org/eclipse/jdt/internal/formatter/SpacePreparator$$Lambda+0x000000002366c940
instanceKlass  @bci org/eclipse/jdt/internal/formatter/SpacePreparator <clinit> ()V 214 <appendix> argL0 ; # org/eclipse/jdt/internal/formatter/SpacePreparator$$Lambda+0x000000002366c6e8
instanceKlass  @bci org/eclipse/jdt/internal/formatter/SpacePreparator <clinit> ()V 148 <appendix> argL0 ; # org/eclipse/jdt/internal/formatter/SpacePreparator$$Lambda+0x000000002366c490
instanceKlass  @bci org/eclipse/jdt/internal/formatter/SpacePreparator <clinit> ()V 135 <appendix> argL0 ; # org/eclipse/jdt/internal/formatter/SpacePreparator$$Lambda+0x000000002366c238
instanceKlass  @bci org/eclipse/jdt/internal/formatter/SpacePreparator <clinit> ()V 75 <appendix> argL0 ; # org/eclipse/jdt/internal/formatter/SpacePreparator$$Lambda+0x000000002366bfe0
instanceKlass  @bci org/eclipse/jdt/internal/formatter/SpacePreparator <clinit> ()V 62 <appendix> argL0 ; # org/eclipse/jdt/internal/formatter/SpacePreparator$$Lambda+0x000000002366bd88
instanceKlass org/eclipse/jdt/internal/formatter/Token
instanceKlass org/eclipse/jdt/internal/formatter/TokenManager
instanceKlass  @bci org/eclipse/jdt/internal/formatter/DefaultCodeFormatterOptions set (Ljava/util/Map;)V 10568 <appendix> member <vmtarget> ; # org/eclipse/jdt/internal/formatter/DefaultCodeFormatterOptions$$Lambda+0x000000002366ad00
instanceKlass  @bci org/eclipse/jdt/internal/formatter/DefaultCodeFormatterOptions set (Ljava/util/Map;)V 10551 <appendix> member <vmtarget> ; # org/eclipse/jdt/internal/formatter/DefaultCodeFormatterOptions$$Lambda+0x000000002366aac0
instanceKlass  @bci org/eclipse/jdt/internal/formatter/DefaultCodeFormatterOptions set (Ljava/util/Map;)V 10534 <appendix> member <vmtarget> ; # org/eclipse/jdt/internal/formatter/DefaultCodeFormatterOptions$$Lambda+0x000000002366a880
instanceKlass  @bci org/eclipse/jdt/internal/formatter/DefaultCodeFormatterOptions set (Ljava/util/Map;)V 10517 <appendix> member <vmtarget> ; # org/eclipse/jdt/internal/formatter/DefaultCodeFormatterOptions$$Lambda+0x000000002366a640
instanceKlass  @bci org/eclipse/jdt/internal/formatter/DefaultCodeFormatterOptions set (Ljava/util/Map;)V 10500 <appendix> member <vmtarget> ; # org/eclipse/jdt/internal/formatter/DefaultCodeFormatterOptions$$Lambda+0x000000002366a400
instanceKlass  @bci org/eclipse/jdt/internal/formatter/DefaultCodeFormatterOptions set (Ljava/util/Map;)V 10483 <appendix> member <vmtarget> ; # org/eclipse/jdt/internal/formatter/DefaultCodeFormatterOptions$$Lambda+0x000000002366a1c0
instanceKlass  @bci org/eclipse/jdt/internal/formatter/DefaultCodeFormatterOptions set (Ljava/util/Map;)V 10466 <appendix> member <vmtarget> ; # org/eclipse/jdt/internal/formatter/DefaultCodeFormatterOptions$$Lambda+0x0000000023669f80
instanceKlass  @bci org/eclipse/jdt/internal/formatter/DefaultCodeFormatterOptions set (Ljava/util/Map;)V 10449 <appendix> member <vmtarget> ; # org/eclipse/jdt/internal/formatter/DefaultCodeFormatterOptions$$Lambda+0x0000000023669d40
instanceKlass  @bci org/eclipse/jdt/internal/formatter/DefaultCodeFormatterOptions set (Ljava/util/Map;)V 10432 <appendix> member <vmtarget> ; # org/eclipse/jdt/internal/formatter/DefaultCodeFormatterOptions$$Lambda+0x0000000023669b00
instanceKlass  @bci org/eclipse/jdt/internal/formatter/DefaultCodeFormatterOptions set (Ljava/util/Map;)V 10415 <appendix> member <vmtarget> ; # org/eclipse/jdt/internal/formatter/DefaultCodeFormatterOptions$$Lambda+0x00000000236698c0
instanceKlass  @bci org/eclipse/jdt/internal/formatter/DefaultCodeFormatterOptions set (Ljava/util/Map;)V 10398 <appendix> member <vmtarget> ; # org/eclipse/jdt/internal/formatter/DefaultCodeFormatterOptions$$Lambda+0x0000000023669680
instanceKlass  @bci org/eclipse/jdt/internal/formatter/DefaultCodeFormatterOptions set (Ljava/util/Map;)V 10381 <appendix> member <vmtarget> ; # org/eclipse/jdt/internal/formatter/DefaultCodeFormatterOptions$$Lambda+0x0000000023669440
instanceKlass  @bci org/eclipse/jdt/internal/formatter/DefaultCodeFormatterOptions set (Ljava/util/Map;)V 10250 <appendix> member <vmtarget> ; # org/eclipse/jdt/internal/formatter/DefaultCodeFormatterOptions$$Lambda+0x0000000023669200
instanceKlass  @bci org/eclipse/jdt/internal/formatter/DefaultCodeFormatterOptions set (Ljava/util/Map;)V 10036 <appendix> member <vmtarget> ; # org/eclipse/jdt/internal/formatter/DefaultCodeFormatterOptions$$Lambda+0x0000000023668fc0
instanceKlass  @bci org/eclipse/jdt/internal/formatter/DefaultCodeFormatterOptions set (Ljava/util/Map;)V 8803 <appendix> member <vmtarget> ; # org/eclipse/jdt/internal/formatter/DefaultCodeFormatterOptions$$Lambda+0x0000000023668d80
instanceKlass  @bci org/eclipse/jdt/internal/formatter/DefaultCodeFormatterOptions set (Ljava/util/Map;)V 8422 <appendix> member <vmtarget> ; # org/eclipse/jdt/internal/formatter/DefaultCodeFormatterOptions$$Lambda+0x0000000023668b40
instanceKlass  @bci org/eclipse/jdt/internal/formatter/DefaultCodeFormatterOptions set (Ljava/util/Map;)V 8405 <appendix> member <vmtarget> ; # org/eclipse/jdt/internal/formatter/DefaultCodeFormatterOptions$$Lambda+0x0000000023668900
instanceKlass  @bci org/eclipse/jdt/internal/formatter/DefaultCodeFormatterOptions set (Ljava/util/Map;)V 7968 <appendix> member <vmtarget> ; # org/eclipse/jdt/internal/formatter/DefaultCodeFormatterOptions$$Lambda+0x00000000236686c0
instanceKlass  @bci org/eclipse/jdt/internal/formatter/DefaultCodeFormatterOptions set (Ljava/util/Map;)V 7934 <appendix> member <vmtarget> ; # org/eclipse/jdt/internal/formatter/DefaultCodeFormatterOptions$$Lambda+0x0000000023668480
instanceKlass  @bci org/eclipse/jdt/internal/formatter/DefaultCodeFormatterOptions set (Ljava/util/Map;)V 7906 <appendix> member <vmtarget> ; # org/eclipse/jdt/internal/formatter/DefaultCodeFormatterOptions$$Lambda+0x0000000023668240
instanceKlass  @bci org/eclipse/jdt/internal/formatter/DefaultCodeFormatterOptions set (Ljava/util/Map;)V 7161 <appendix> member <vmtarget> ; # org/eclipse/jdt/internal/formatter/DefaultCodeFormatterOptions$$Lambda+0x0000000023668000
instanceKlass  @bci org/eclipse/jdt/internal/formatter/DefaultCodeFormatterOptions set (Ljava/util/Map;)V 6696 <appendix> member <vmtarget> ; # org/eclipse/jdt/internal/formatter/DefaultCodeFormatterOptions$$Lambda+0x0000000023667bc0
instanceKlass  @bci org/eclipse/jdt/internal/formatter/DefaultCodeFormatterOptions set (Ljava/util/Map;)V 6679 <appendix> member <vmtarget> ; # org/eclipse/jdt/internal/formatter/DefaultCodeFormatterOptions$$Lambda+0x0000000023667980
instanceKlass  @bci org/eclipse/jdt/internal/formatter/DefaultCodeFormatterOptions set (Ljava/util/Map;)V 6662 <appendix> member <vmtarget> ; # org/eclipse/jdt/internal/formatter/DefaultCodeFormatterOptions$$Lambda+0x0000000023667740
instanceKlass  @bci org/eclipse/jdt/internal/formatter/DefaultCodeFormatterOptions set (Ljava/util/Map;)V 6645 <appendix> member <vmtarget> ; # org/eclipse/jdt/internal/formatter/DefaultCodeFormatterOptions$$Lambda+0x0000000023667500
instanceKlass  @bci org/eclipse/jdt/internal/formatter/DefaultCodeFormatterOptions set (Ljava/util/Map;)V 6628 <appendix> member <vmtarget> ; # org/eclipse/jdt/internal/formatter/DefaultCodeFormatterOptions$$Lambda+0x00000000236672c0
instanceKlass  @bci org/eclipse/jdt/internal/formatter/DefaultCodeFormatterOptions set (Ljava/util/Map;)V 6611 <appendix> member <vmtarget> ; # org/eclipse/jdt/internal/formatter/DefaultCodeFormatterOptions$$Lambda+0x0000000023667080
instanceKlass  @bci org/eclipse/jdt/internal/formatter/DefaultCodeFormatterOptions set (Ljava/util/Map;)V 6594 <appendix> member <vmtarget> ; # org/eclipse/jdt/internal/formatter/DefaultCodeFormatterOptions$$Lambda+0x0000000023666e40
instanceKlass  @bci org/eclipse/jdt/internal/formatter/DefaultCodeFormatterOptions set (Ljava/util/Map;)V 6521 <appendix> member <vmtarget> ; # org/eclipse/jdt/internal/formatter/DefaultCodeFormatterOptions$$Lambda+0x0000000023666c00
instanceKlass  @bci org/eclipse/jdt/internal/formatter/DefaultCodeFormatterOptions set (Ljava/util/Map;)V 6504 <appendix> member <vmtarget> ; # org/eclipse/jdt/internal/formatter/DefaultCodeFormatterOptions$$Lambda+0x00000000236669c0
instanceKlass  @bci org/eclipse/jdt/internal/formatter/DefaultCodeFormatterOptions set (Ljava/util/Map;)V 6151 <appendix> member <vmtarget> ; # org/eclipse/jdt/internal/formatter/DefaultCodeFormatterOptions$$Lambda+0x0000000023666780
instanceKlass  @bci org/eclipse/jdt/internal/formatter/DefaultCodeFormatterOptions set (Ljava/util/Map;)V 5686 <appendix> member <vmtarget> ; # org/eclipse/jdt/internal/formatter/DefaultCodeFormatterOptions$$Lambda+0x0000000023666540
instanceKlass  @bci org/eclipse/jdt/internal/formatter/DefaultCodeFormatterOptions set (Ljava/util/Map;)V 5557 <appendix> member <vmtarget> ; # org/eclipse/jdt/internal/formatter/DefaultCodeFormatterOptions$$Lambda+0x0000000023666300
instanceKlass  @bci org/eclipse/jdt/internal/formatter/DefaultCodeFormatterOptions set (Ljava/util/Map;)V 5512 <appendix> member <vmtarget> ; # org/eclipse/jdt/internal/formatter/DefaultCodeFormatterOptions$$Lambda+0x00000000236660c0
instanceKlass  @bci org/eclipse/jdt/internal/formatter/DefaultCodeFormatterOptions set (Ljava/util/Map;)V 5495 <appendix> member <vmtarget> ; # org/eclipse/jdt/internal/formatter/DefaultCodeFormatterOptions$$Lambda+0x0000000023665e80
instanceKlass  @bci org/eclipse/jdt/internal/formatter/DefaultCodeFormatterOptions set (Ljava/util/Map;)V 4778 <appendix> member <vmtarget> ; # org/eclipse/jdt/internal/formatter/DefaultCodeFormatterOptions$$Lambda+0x0000000023665c40
instanceKlass  @bci org/eclipse/jdt/internal/formatter/DefaultCodeFormatterOptions set (Ljava/util/Map;)V 4761 <appendix> member <vmtarget> ; # org/eclipse/jdt/internal/formatter/DefaultCodeFormatterOptions$$Lambda+0x0000000023665a00
instanceKlass  @bci org/eclipse/jdt/internal/formatter/DefaultCodeFormatterOptions set (Ljava/util/Map;)V 4744 <appendix> member <vmtarget> ; # org/eclipse/jdt/internal/formatter/DefaultCodeFormatterOptions$$Lambda+0x00000000236657c0
instanceKlass  @bci org/eclipse/jdt/internal/formatter/DefaultCodeFormatterOptions set (Ljava/util/Map;)V 4727 <appendix> member <vmtarget> ; # org/eclipse/jdt/internal/formatter/DefaultCodeFormatterOptions$$Lambda+0x0000000023665580
instanceKlass  @bci org/eclipse/jdt/internal/formatter/DefaultCodeFormatterOptions set (Ljava/util/Map;)V 4710 <appendix> member <vmtarget> ; # org/eclipse/jdt/internal/formatter/DefaultCodeFormatterOptions$$Lambda+0x0000000023665340
instanceKlass  @bci org/eclipse/jdt/internal/formatter/DefaultCodeFormatterOptions set (Ljava/util/Map;)V 4693 <appendix> member <vmtarget> ; # org/eclipse/jdt/internal/formatter/DefaultCodeFormatterOptions$$Lambda+0x0000000023665100
instanceKlass  @bci org/eclipse/jdt/internal/formatter/DefaultCodeFormatterOptions set (Ljava/util/Map;)V 4676 <appendix> member <vmtarget> ; # org/eclipse/jdt/internal/formatter/DefaultCodeFormatterOptions$$Lambda+0x0000000023664ec0
instanceKlass  @bci org/eclipse/jdt/internal/formatter/DefaultCodeFormatterOptions set (Ljava/util/Map;)V 4575 <appendix> member <vmtarget> ; # org/eclipse/jdt/internal/formatter/DefaultCodeFormatterOptions$$Lambda+0x0000000023664c80
instanceKlass  @bci org/eclipse/jdt/internal/formatter/DefaultCodeFormatterOptions set (Ljava/util/Map;)V 4558 <appendix> member <vmtarget> ; # org/eclipse/jdt/internal/formatter/DefaultCodeFormatterOptions$$Lambda+0x0000000023664a40
instanceKlass  @bci org/eclipse/jdt/internal/formatter/DefaultCodeFormatterOptions set (Ljava/util/Map;)V 4485 <appendix> member <vmtarget> ; # org/eclipse/jdt/internal/formatter/DefaultCodeFormatterOptions$$Lambda+0x0000000023664800
instanceKlass  @bci org/eclipse/jdt/internal/formatter/DefaultCodeFormatterOptions set (Ljava/util/Map;)V 4468 <appendix> member <vmtarget> ; # org/eclipse/jdt/internal/formatter/DefaultCodeFormatterOptions$$Lambda+0x00000000236645c0
instanceKlass  @bci org/eclipse/jdt/internal/formatter/DefaultCodeFormatterOptions set (Ljava/util/Map;)V 4451 <appendix> member <vmtarget> ; # org/eclipse/jdt/internal/formatter/DefaultCodeFormatterOptions$$Lambda+0x0000000023664380
instanceKlass  @bci org/eclipse/jdt/internal/formatter/DefaultCodeFormatterOptions set (Ljava/util/Map;)V 4434 <appendix> member <vmtarget> ; # org/eclipse/jdt/internal/formatter/DefaultCodeFormatterOptions$$Lambda+0x0000000023664140
instanceKlass  @bci org/eclipse/jdt/internal/formatter/DefaultCodeFormatterOptions set (Ljava/util/Map;)V 4417 <appendix> member <vmtarget> ; # org/eclipse/jdt/internal/formatter/DefaultCodeFormatterOptions$$Lambda+0x0000000023663f00
instanceKlass  @bci org/eclipse/jdt/internal/formatter/DefaultCodeFormatterOptions set (Ljava/util/Map;)V 4400 <appendix> member <vmtarget> ; # org/eclipse/jdt/internal/formatter/DefaultCodeFormatterOptions$$Lambda+0x0000000023663cc0
instanceKlass  @bci org/eclipse/jdt/internal/formatter/DefaultCodeFormatterOptions set (Ljava/util/Map;)V 4383 <appendix> member <vmtarget> ; # org/eclipse/jdt/internal/formatter/DefaultCodeFormatterOptions$$Lambda+0x0000000023663a80
instanceKlass  @bci org/eclipse/jdt/internal/formatter/DefaultCodeFormatterOptions set (Ljava/util/Map;)V 4366 <appendix> member <vmtarget> ; # org/eclipse/jdt/internal/formatter/DefaultCodeFormatterOptions$$Lambda+0x0000000023663840
instanceKlass  @bci org/eclipse/jdt/internal/formatter/DefaultCodeFormatterOptions set (Ljava/util/Map;)V 4333 <appendix> member <vmtarget> ; # org/eclipse/jdt/internal/formatter/DefaultCodeFormatterOptions$$Lambda+0x0000000023663600
instanceKlass  @bci org/eclipse/jdt/internal/formatter/DefaultCodeFormatterOptions set (Ljava/util/Map;)V 4316 <appendix> member <vmtarget> ; # org/eclipse/jdt/internal/formatter/DefaultCodeFormatterOptions$$Lambda+0x00000000236633c0
instanceKlass  @bci org/eclipse/jdt/internal/formatter/DefaultCodeFormatterOptions set (Ljava/util/Map;)V 4299 <appendix> member <vmtarget> ; # org/eclipse/jdt/internal/formatter/DefaultCodeFormatterOptions$$Lambda+0x0000000023663180
instanceKlass  @bci org/eclipse/jdt/internal/formatter/DefaultCodeFormatterOptions set (Ljava/util/Map;)V 4282 <appendix> member <vmtarget> ; # org/eclipse/jdt/internal/formatter/DefaultCodeFormatterOptions$$Lambda+0x0000000023662f40
instanceKlass  @bci org/eclipse/jdt/internal/formatter/DefaultCodeFormatterOptions set (Ljava/util/Map;)V 4265 <appendix> member <vmtarget> ; # org/eclipse/jdt/internal/formatter/DefaultCodeFormatterOptions$$Lambda+0x0000000023662d00
instanceKlass  @bci org/eclipse/jdt/internal/formatter/DefaultCodeFormatterOptions set (Ljava/util/Map;)V 4248 <appendix> member <vmtarget> ; # org/eclipse/jdt/internal/formatter/DefaultCodeFormatterOptions$$Lambda+0x0000000023662ac0
instanceKlass  @bci org/eclipse/jdt/internal/formatter/DefaultCodeFormatterOptions set (Ljava/util/Map;)V 4231 <appendix> member <vmtarget> ; # org/eclipse/jdt/internal/formatter/DefaultCodeFormatterOptions$$Lambda+0x0000000023662880
instanceKlass  @bci org/eclipse/jdt/internal/formatter/DefaultCodeFormatterOptions set (Ljava/util/Map;)V 3709 <appendix> member <vmtarget> ; # org/eclipse/jdt/internal/formatter/DefaultCodeFormatterOptions$$Lambda+0x0000000023662640
instanceKlass  @bci org/eclipse/jdt/internal/formatter/DefaultCodeFormatterOptions set (Ljava/util/Map;)V 3429 <appendix> member <vmtarget> ; # org/eclipse/jdt/internal/formatter/DefaultCodeFormatterOptions$$Lambda+0x0000000023662400
instanceKlass  @bci org/eclipse/jdt/internal/formatter/DefaultCodeFormatterOptions set (Ljava/util/Map;)V 3300 <appendix> member <vmtarget> ; # org/eclipse/jdt/internal/formatter/DefaultCodeFormatterOptions$$Lambda+0x00000000236621c0
instanceKlass  @bci org/eclipse/jdt/internal/formatter/DefaultCodeFormatterOptions set (Ljava/util/Map;)V 2998 <appendix> member <vmtarget> ; # org/eclipse/jdt/internal/formatter/DefaultCodeFormatterOptions$$Lambda+0x0000000023661f80
instanceKlass  @bci org/eclipse/jdt/internal/formatter/DefaultCodeFormatterOptions set (Ljava/util/Map;)V 2984 <appendix> member <vmtarget> ; # org/eclipse/jdt/internal/formatter/DefaultCodeFormatterOptions$$Lambda+0x0000000023661d40
instanceKlass  @bci org/eclipse/jdt/internal/formatter/DefaultCodeFormatterOptions set (Ljava/util/Map;)V 2970 <appendix> member <vmtarget> ; # org/eclipse/jdt/internal/formatter/DefaultCodeFormatterOptions$$Lambda+0x0000000023661b00
instanceKlass  @bci org/eclipse/jdt/internal/formatter/DefaultCodeFormatterOptions set (Ljava/util/Map;)V 2956 <appendix> member <vmtarget> ; # org/eclipse/jdt/internal/formatter/DefaultCodeFormatterOptions$$Lambda+0x00000000236618c0
instanceKlass  @bci org/eclipse/jdt/internal/formatter/DefaultCodeFormatterOptions set (Ljava/util/Map;)V 2942 <appendix> member <vmtarget> ; # org/eclipse/jdt/internal/formatter/DefaultCodeFormatterOptions$$Lambda+0x0000000023661680
instanceKlass  @bci org/eclipse/jdt/internal/formatter/DefaultCodeFormatterOptions set (Ljava/util/Map;)V 2928 <appendix> member <vmtarget> ; # org/eclipse/jdt/internal/formatter/DefaultCodeFormatterOptions$$Lambda+0x0000000023661440
instanceKlass  @bci org/eclipse/jdt/internal/formatter/DefaultCodeFormatterOptions set (Ljava/util/Map;)V 2686 <appendix> member <vmtarget> ; # org/eclipse/jdt/internal/formatter/DefaultCodeFormatterOptions$$Lambda+0x0000000023661200
instanceKlass  @bci org/eclipse/jdt/internal/formatter/DefaultCodeFormatterOptions set (Ljava/util/Map;)V 2596 <appendix> member <vmtarget> ; # org/eclipse/jdt/internal/formatter/DefaultCodeFormatterOptions$$Lambda+0x0000000023660fc0
instanceKlass  @bci org/eclipse/jdt/internal/formatter/DefaultCodeFormatterOptions set (Ljava/util/Map;)V 2151 <appendix> member <vmtarget> ; # org/eclipse/jdt/internal/formatter/DefaultCodeFormatterOptions$$Lambda+0x0000000023660d80
instanceKlass  @bci org/eclipse/jdt/internal/formatter/DefaultCodeFormatterOptions set (Ljava/util/Map;)V 1973 <appendix> member <vmtarget> ; # org/eclipse/jdt/internal/formatter/DefaultCodeFormatterOptions$$Lambda+0x0000000023660b40
instanceKlass  @bci org/eclipse/jdt/internal/formatter/DefaultCodeFormatterOptions set (Ljava/util/Map;)V 1956 <appendix> member <vmtarget> ; # org/eclipse/jdt/internal/formatter/DefaultCodeFormatterOptions$$Lambda+0x0000000023660900
instanceKlass  @bci org/eclipse/jdt/internal/formatter/DefaultCodeFormatterOptions set (Ljava/util/Map;)V 1754 <appendix> member <vmtarget> ; # org/eclipse/jdt/internal/formatter/DefaultCodeFormatterOptions$$Lambda+0x00000000236606c0
instanceKlass  @bci org/eclipse/jdt/internal/formatter/DefaultCodeFormatterOptions set (Ljava/util/Map;)V 1484 <appendix> member <vmtarget> ; # org/eclipse/jdt/internal/formatter/DefaultCodeFormatterOptions$$Lambda+0x0000000023660480
instanceKlass  @bci org/eclipse/jdt/internal/formatter/DefaultCodeFormatterOptions set (Ljava/util/Map;)V 1383 <appendix> member <vmtarget> ; # org/eclipse/jdt/internal/formatter/DefaultCodeFormatterOptions$$Lambda+0x0000000023660240
instanceKlass  @bci org/eclipse/jdt/internal/formatter/DefaultCodeFormatterOptions set (Ljava/util/Map;)V 1195 <appendix> member <vmtarget> ; # org/eclipse/jdt/internal/formatter/DefaultCodeFormatterOptions$$Lambda+0x0000000023660000
instanceKlass  @bci org/eclipse/jdt/internal/formatter/DefaultCodeFormatterOptions set (Ljava/util/Map;)V 1142 <appendix> member <vmtarget> ; # org/eclipse/jdt/internal/formatter/DefaultCodeFormatterOptions$$Lambda+0x000000002365bc00
instanceKlass  @bci org/eclipse/jdt/internal/formatter/DefaultCodeFormatterOptions set (Ljava/util/Map;)V 972 <appendix> member <vmtarget> ; # org/eclipse/jdt/internal/formatter/DefaultCodeFormatterOptions$$Lambda+0x0000000023657c80
instanceKlass  @bci org/eclipse/jdt/internal/formatter/DefaultCodeFormatterOptions set (Ljava/util/Map;)V 958 <appendix> member <vmtarget> ; # org/eclipse/jdt/internal/formatter/DefaultCodeFormatterOptions$$Lambda+0x0000000023657a40
instanceKlass  @bci org/eclipse/jdt/internal/formatter/DefaultCodeFormatterOptions set (Ljava/util/Map;)V 733 <appendix> member <vmtarget> ; # org/eclipse/jdt/internal/formatter/DefaultCodeFormatterOptions$$Lambda+0x0000000023657800
instanceKlass  @bci org/eclipse/jdt/internal/formatter/DefaultCodeFormatterOptions set (Ljava/util/Map;)V 719 <appendix> member <vmtarget> ; # org/eclipse/jdt/internal/formatter/DefaultCodeFormatterOptions$$Lambda+0x00000000236575c0
instanceKlass  @bci org/eclipse/jdt/internal/formatter/DefaultCodeFormatterOptions set (Ljava/util/Map;)V 601 <appendix> member <vmtarget> ; # org/eclipse/jdt/internal/formatter/DefaultCodeFormatterOptions$$Lambda+0x0000000023657380
instanceKlass  @bci org/eclipse/jdt/internal/formatter/DefaultCodeFormatterOptions set (Ljava/util/Map;)V 481 <appendix> member <vmtarget> ; # org/eclipse/jdt/internal/formatter/DefaultCodeFormatterOptions$$Lambda+0x0000000023657140
instanceKlass  @bci org/eclipse/jdt/internal/formatter/DefaultCodeFormatterOptions set (Ljava/util/Map;)V 467 <appendix> member <vmtarget> ; # org/eclipse/jdt/internal/formatter/DefaultCodeFormatterOptions$$Lambda+0x0000000023656f00
instanceKlass  @bci org/eclipse/jdt/internal/formatter/DefaultCodeFormatterOptions set (Ljava/util/Map;)V 453 <appendix> member <vmtarget> ; # org/eclipse/jdt/internal/formatter/DefaultCodeFormatterOptions$$Lambda+0x0000000023656cc0
instanceKlass  @bci org/eclipse/jdt/internal/formatter/DefaultCodeFormatterOptions set (Ljava/util/Map;)V 439 <appendix> member <vmtarget> ; # org/eclipse/jdt/internal/formatter/DefaultCodeFormatterOptions$$Lambda+0x0000000023656a80
instanceKlass  @bci org/eclipse/jdt/internal/formatter/DefaultCodeFormatterOptions set (Ljava/util/Map;)V 425 <appendix> member <vmtarget> ; # org/eclipse/jdt/internal/formatter/DefaultCodeFormatterOptions$$Lambda+0x0000000023656840
instanceKlass  @bci org/eclipse/jdt/internal/formatter/DefaultCodeFormatterOptions set (Ljava/util/Map;)V 411 <appendix> member <vmtarget> ; # org/eclipse/jdt/internal/formatter/DefaultCodeFormatterOptions$$Lambda+0x0000000023656600
instanceKlass  @bci org/eclipse/jdt/internal/formatter/DefaultCodeFormatterOptions set (Ljava/util/Map;)V 397 <appendix> member <vmtarget> ; # org/eclipse/jdt/internal/formatter/DefaultCodeFormatterOptions$$Lambda+0x00000000236563c0
instanceKlass  @bci org/eclipse/jdt/internal/formatter/DefaultCodeFormatterOptions set (Ljava/util/Map;)V 344 <appendix> member <vmtarget> ; # org/eclipse/jdt/internal/formatter/DefaultCodeFormatterOptions$$Lambda+0x0000000023656180
instanceKlass  @bci org/eclipse/jdt/internal/formatter/DefaultCodeFormatterOptions set (Ljava/util/Map;)V 104 <appendix> member <vmtarget> ; # org/eclipse/jdt/internal/formatter/DefaultCodeFormatterOptions$$Lambda+0x0000000023655f40
instanceKlass  @bci org/eclipse/jdt/internal/formatter/DefaultCodeFormatterOptions set (Ljava/util/Map;)V 90 <appendix> member <vmtarget> ; # org/eclipse/jdt/internal/formatter/DefaultCodeFormatterOptions$$Lambda+0x0000000023655d00
instanceKlass  @bci org/eclipse/jdt/internal/formatter/DefaultCodeFormatterOptions set (Ljava/util/Map;)V 76 <appendix> member <vmtarget> ; # org/eclipse/jdt/internal/formatter/DefaultCodeFormatterOptions$$Lambda+0x0000000023655ac0
instanceKlass  @bci org/eclipse/jdt/internal/formatter/DefaultCodeFormatterOptions set (Ljava/util/Map;)V 62 <appendix> member <vmtarget> ; # org/eclipse/jdt/internal/formatter/DefaultCodeFormatterOptions$$Lambda+0x0000000023655880
instanceKlass  @bci org/eclipse/jdt/internal/formatter/DefaultCodeFormatterOptions set (Ljava/util/Map;)V 48 <appendix> member <vmtarget> ; # org/eclipse/jdt/internal/formatter/DefaultCodeFormatterOptions$$Lambda+0x0000000023655640
instanceKlass  @bci org/eclipse/jdt/internal/formatter/DefaultCodeFormatterOptions set (Ljava/util/Map;)V 34 <appendix> member <vmtarget> ; # org/eclipse/jdt/internal/formatter/DefaultCodeFormatterOptions$$Lambda+0x0000000023655400
instanceKlass  @bci org/eclipse/jdt/internal/formatter/DefaultCodeFormatterOptions set (Ljava/util/Map;)V 20 <appendix> member <vmtarget> ; # org/eclipse/jdt/internal/formatter/DefaultCodeFormatterOptions$$Lambda+0x00000000236551c0
instanceKlass  @bci org/eclipse/jdt/internal/formatter/DefaultCodeFormatterOptions set (Ljava/util/Map;)V 6 <appendix> member <vmtarget> ; # org/eclipse/jdt/internal/formatter/DefaultCodeFormatterOptions$$Lambda+0x0000000023654f80
instanceKlass  @cpi org/eclipse/jdt/internal/formatter/DefaultCodeFormatterOptions 2935 form vmentry <vmtarget> ; # java/lang/invoke/LambdaForm$DMH+0x000000002365b800
instanceKlass  @bci org/eclipse/jdt/ls/core/internal/handlers/FormatterHandler getOptions (Lorg/eclipse/lsp4j/FormattingOptions;Lorg/eclipse/jdt/core/ICompilationUnit;)Ljava/util/Map; 42 <appendix> argL0 ; # org/eclipse/jdt/ls/core/internal/handlers/FormatterHandler$$Lambda+0x000000002365fa30
instanceKlass  @bci org/eclipse/jdt/ls/core/internal/handlers/FormatterHandler getOptions (Lorg/eclipse/lsp4j/FormattingOptions;Lorg/eclipse/jdt/core/ICompilationUnit;)Ljava/util/Map; 37 <appendix> argL0 ; # org/eclipse/jdt/ls/core/internal/handlers/FormatterHandler$$Lambda+0x000000002365f7e8
instanceKlass  @bci org/eclipse/jdt/ls/core/internal/handlers/FormatterHandler getOptions (Lorg/eclipse/lsp4j/FormattingOptions;Lorg/eclipse/jdt/core/ICompilationUnit;)Ljava/util/Map; 27 <appendix> argL0 ; # org/eclipse/jdt/ls/core/internal/handlers/FormatterHandler$$Lambda+0x000000002365f590
instanceKlass org/eclipse/jdt/ls/core/internal/preferences/ClientPreferences$NonStandardJavaFormatting
instanceKlass  @bci org/eclipse/jdt/ls/core/internal/handlers/JDTLanguageServer formatting (Lorg/eclipse/lsp4j/DocumentFormattingParams;)Ljava/util/concurrent/CompletableFuture; 21 <appendix> member <vmtarget> ; # org/eclipse/jdt/ls/core/internal/handlers/JDTLanguageServer$$Lambda+0x000000002365f108
instanceKlass  @bci org/eclipse/jdt/ls/core/internal/codemanipulation/PartialSortMembersOperation$2 visit (Lorg/eclipse/jdt/core/dom/TypeDeclaration;)Z 24 <appendix> member <vmtarget> ; # org/eclipse/jdt/ls/core/internal/codemanipulation/PartialSortMembersOperation$2$$Lambda+0x000000002365eea8
instanceKlass  @bci org/eclipse/jdt/ls/core/internal/codemanipulation/PartialSortMembersOperation$2 visit (Lorg/eclipse/jdt/core/dom/CompilationUnit;)Z 24 <appendix> member <vmtarget> ; # org/eclipse/jdt/ls/core/internal/codemanipulation/PartialSortMembersOperation$2$$Lambda+0x000000002365ec48
instanceKlass  @bci org/eclipse/jdt/ls/core/internal/text/correction/SourceAssistProcessor getSortMembersForSelectionProposal (Lorg/eclipse/jdt/ui/text/java/IInvocationContext;Lorg/eclipse/lsp4j/CodeActionParams;Ljava/util/List;Z)Ljava/util/Optional; 88 <appendix> argL0 ; # org/eclipse/jdt/ls/core/internal/text/correction/SourceAssistProcessor$$Lambda+0x000000002365e9f0
instanceKlass org/eclipse/jdt/ls/core/internal/codemanipulation/PartialSortMembersOperation
# instanceKlass java/lang/invoke/LambdaForm$MH+0x000000002365b400
instanceKlass  @bci org/eclipse/jdt/ls/core/internal/text/correction/SourceAssistProcessor addSourceActionCommand (Ljava/util/List;Lorg/eclipse/lsp4j/CodeActionContext;Ljava/util/Optional;)V 86 <appendix> member <vmtarget> ; # org/eclipse/jdt/ls/core/internal/text/correction/SourceAssistProcessor$$Lambda+0x000000002365d2a0
# instanceKlass java/lang/invoke/LambdaForm$MH+0x000000002365b000
# instanceKlass java/lang/invoke/LambdaForm$MH+0x000000002365ac00
# instanceKlass java/lang/invoke/LambdaForm$MH+0x000000002365a800
# instanceKlass java/lang/invoke/LambdaForm$MH+0x000000002365a400
# instanceKlass java/lang/invoke/LambdaForm$MH+0x000000002365a000
# instanceKlass java/lang/invoke/LambdaForm$MH+0x0000000023659c00
# instanceKlass java/lang/invoke/LambdaForm$MH+0x0000000023659800
# instanceKlass java/lang/invoke/LambdaForm$MH+0x0000000023659400
# instanceKlass java/lang/invoke/LambdaForm$MH+0x0000000023659000
# instanceKlass java/lang/invoke/LambdaForm$MH+0x0000000023658c00
# instanceKlass java/lang/invoke/LambdaForm$MH+0x0000000023658800
# instanceKlass java/lang/invoke/LambdaForm$MH+0x0000000023658400
instanceKlass lombok/core/configuration/ConfigurationSource
instanceKlass  @bci org/eclipse/jdt/ls/core/internal/handlers/BaseDocumentLifeCycleHandler didOpen (Lorg/eclipse/lsp4j/DidOpenTextDocumentParams;)V 69 <appendix> member <vmtarget> ; # org/eclipse/jdt/ls/core/internal/handlers/BaseDocumentLifeCycleHandler$$Lambda+0x000000002365d058
instanceKlass org/eclipse/jdt/ls/core/internal/DecompilerResult
instanceKlass org/eclipse/jdt/ls/core/internal/SourceContentProvider
instanceKlass org/eclipse/jdt/ls/core/internal/IDecompiler
instanceKlass  @bci org/eclipse/jdt/ls/core/internal/managers/ContentProviderManager findMatchingProviders (Ljava/net/URI;)Ljava/util/List; 77 <appendix> argL0 ; # org/eclipse/jdt/ls/core/internal/managers/ContentProviderManager$$Lambda+0x000000002365c910
instanceKlass  @bci org/eclipse/jdt/ls/core/internal/managers/ContentProviderManager findMatchingProviders (Ljava/net/URI;)Ljava/util/List; 67 <appendix> member <vmtarget> ; # org/eclipse/jdt/ls/core/internal/managers/ContentProviderManager$$Lambda+0x000000002365c6d0
instanceKlass  @bci org/eclipse/jdt/ls/core/internal/managers/ContentProviderManager findMatchingProviders (Ljava/net/URI;)Ljava/util/List; 56 <appendix> member <vmtarget> ; # org/eclipse/jdt/ls/core/internal/managers/ContentProviderManager$$Lambda+0x000000002365c470
instanceKlass  @bci org/eclipse/jdt/ls/core/internal/managers/ContentProviderManager getDescriptors (Ljava/util/List;)Ljava/util/Set; 23 <appendix> argL0 ; # org/eclipse/jdt/ls/core/internal/managers/ContentProviderManager$$Lambda+0x000000002365c228
instanceKlass org/eclipse/jdt/ls/core/internal/managers/ContentProviderManager$ContentProviderDescriptor
instanceKlass org/eclipse/jdt/ls/core/internal/IContentProvider
instanceKlass  @bci org/eclipse/jdt/ls/core/internal/handlers/JDTLanguageServer classFileContents (Lorg/eclipse/lsp4j/TextDocumentIdentifier;)Ljava/util/concurrent/CompletableFuture; 21 <appendix> member <vmtarget> ; # org/eclipse/jdt/ls/core/internal/handlers/JDTLanguageServer$$Lambda+0x0000000023633b90
instanceKlass  @bci org/eclipse/jdt/ls/core/internal/handlers/DocumentSymbolHandler documentSymbol (Lorg/eclipse/lsp4j/DocumentSymbolParams;Lorg/eclipse/core/runtime/IProgressMonitor;)Ljava/util/List; 57 <appendix> argL0 ; # org/eclipse/jdt/ls/core/internal/handlers/DocumentSymbolHandler$$Lambda+0x0000000023633948
instanceKlass  @bci org/eclipse/jdt/ls/core/internal/handlers/DocumentSymbolHandler toDocumentSymbol (Lorg/eclipse/jdt/core/IJavaElement;Lorg/eclipse/jdt/core/ITypeRoot;Lorg/eclipse/core/runtime/IProgressMonitor;ZLjava/util/Set;)Lorg/eclipse/lsp4j/DocumentSymbol; 610 <appendix> argL0 ; # org/eclipse/jdt/ls/core/internal/handlers/DocumentSymbolHandler$$Lambda+0x00000000236336f0
instanceKlass  @bci org/eclipse/jdt/ls/core/internal/handlers/DocumentSymbolHandler toDocumentSymbol (Lorg/eclipse/jdt/core/IJavaElement;Lorg/eclipse/jdt/core/ITypeRoot;Lorg/eclipse/core/runtime/IProgressMonitor;ZLjava/util/Set;)Lorg/eclipse/lsp4j/DocumentSymbol; 600 <appendix> member <vmtarget> ; # org/eclipse/jdt/ls/core/internal/handlers/DocumentSymbolHandler$$Lambda+0x00000000236334a0
instanceKlass org/eclipse/jdt/internal/core/manipulation/JavaElementLabelComposerCore$FlexibleBufferCore
instanceKlass org/eclipse/jdt/internal/core/manipulation/JavaElementLabelComposerCore
instanceKlass org/eclipse/jdt/internal/core/manipulation/JavaElementLabelsCore
instanceKlass  @bci org/eclipse/jdt/ls/core/internal/handlers/DocumentSymbolHandler getHierarchicalOutline (Lorg/eclipse/jdt/core/ITypeRoot;Lorg/eclipse/core/runtime/IProgressMonitor;Z)Ljava/util/List; 159 <appendix> argL0 ; # org/eclipse/jdt/ls/core/internal/handlers/DocumentSymbolHandler$$Lambda+0x0000000023633248
instanceKlass  @bci org/eclipse/jdt/ls/core/internal/handlers/DocumentSymbolHandler getHierarchicalOutline (Lorg/eclipse/jdt/core/ITypeRoot;Lorg/eclipse/core/runtime/IProgressMonitor;Z)Ljava/util/List; 149 <appendix> member <vmtarget> ; # org/eclipse/jdt/ls/core/internal/handlers/DocumentSymbolHandler$$Lambda+0x0000000023632ff8
instanceKlass  @cpi org/eclipse/jdt/ls/core/internal/handlers/DocumentSymbolHandler 720 form vmentry <vmtarget> ; # java/lang/invoke/LambdaForm$DMH+0x0000000023658000
instanceKlass  @bci org/eclipse/jdt/ls/core/internal/handlers/SymbolUtils filter ([Lorg/eclipse/jdt/core/IJavaElement;)[Lorg/eclipse/jdt/core/IJavaElement; 14 <appendix> argL0 ; # org/eclipse/jdt/ls/core/internal/handlers/SymbolUtils$$Lambda+0x0000000023632dd0
instanceKlass  @bci org/eclipse/jdt/ls/core/internal/handlers/SymbolUtils filter ([Lorg/eclipse/jdt/core/IJavaElement;)[Lorg/eclipse/jdt/core/IJavaElement; 4 <appendix> argL0 ; # org/eclipse/jdt/ls/core/internal/handlers/SymbolUtils$$Lambda+0x0000000023632b78
instanceKlass org/eclipse/jdt/ls/core/internal/handlers/SymbolUtils
instanceKlass  @bci org/eclipse/jdt/ls/core/internal/handlers/JDTLanguageServer documentSymbol (Lorg/eclipse/lsp4j/DocumentSymbolParams;)Ljava/util/concurrent/CompletableFuture; 22 <appendix> member <vmtarget> ; # org/eclipse/jdt/ls/core/internal/handlers/JDTLanguageServer$$Lambda+0x0000000023632718
instanceKlass org/eclipse/jdt/internal/core/SearchableEnvironment$4
instanceKlass org/eclipse/jdt/internal/core/SearchableEnvironment$3
instanceKlass org/eclipse/jdt/internal/codeassist/impl/AssistOptions
instanceKlass org/eclipse/jdt/internal/core/SelectionRequestor
instanceKlass  @bci org/eclipse/jdt/ls/core/internal/handlers/JDTLanguageServer definition (Lorg/eclipse/lsp4j/DefinitionParams;)Ljava/util/concurrent/CompletableFuture; 22 <appendix> member <vmtarget> ; # org/eclipse/jdt/ls/core/internal/handlers/JDTLanguageServer$$Lambda+0x00000000236314a0
instanceKlass org/eclipse/jdt/ls/core/internal/handlers/FoldingRangeHandler
instanceKlass  @bci org/eclipse/jdt/ls/core/internal/handlers/JDTLanguageServer computeAsyncWithClientProgress (Ljava/util/function/Function;)Ljava/util/concurrent/CompletableFuture; 2 <appendix> member <vmtarget> ; # org/eclipse/jdt/ls/core/internal/handlers/JDTLanguageServer$$Lambda+0x0000000023631038
instanceKlass  @bci org/eclipse/jdt/ls/core/internal/handlers/JDTLanguageServer foldingRange (Lorg/eclipse/lsp4j/FoldingRangeRequestParams;)Ljava/util/concurrent/CompletableFuture; 9 <appendix> member <vmtarget> ; # org/eclipse/jdt/ls/core/internal/handlers/JDTLanguageServer$$Lambda+0x0000000023630de8
# instanceKlass java/lang/invoke/LambdaForm$MH+0x000000002364dc00
# instanceKlass java/lang/invoke/LambdaForm$MH+0x000000002364d800
# instanceKlass java/lang/invoke/LambdaForm$MH+0x000000002364d400
# instanceKlass java/lang/invoke/LambdaForm$MH+0x000000002364d000
# instanceKlass java/lang/invoke/LambdaForm$MH+0x000000002364cc00
# instanceKlass java/lang/invoke/LambdaForm$MH+0x000000002364c800
# instanceKlass java/lang/invoke/LambdaForm$MH+0x000000002364c400
instanceKlass  @bci org/eclipse/jdt/ls/core/internal/handlers/BaseDiagnosticsHandler collectNonJavaProblems (Ljava/util/List;Z)V 54 <appendix> argL0 ; # org/eclipse/jdt/ls/core/internal/handlers/BaseDiagnosticsHandler$$Lambda+0x0000000023630b90
instanceKlass org/eclipse/jdt/internal/core/ReconcileWorkingCopyOperation$1
instanceKlass org/eclipse/jdt/core/compiler/ReconcileContext
instanceKlass org/eclipse/jdt/internal/compiler/parser/TypeConverter
instanceKlass org/eclipse/jdt/internal/core/CompilationUnitProblemFinder$1
instanceKlass org/eclipse/jdt/internal/core/JavaElementDeltaBuilder$ListItem
instanceKlass org/eclipse/jdt/internal/core/JavaElementDeltaBuilder
# instanceKlass java/lang/invoke/LambdaForm$MH+0x0000000023645000
# instanceKlass java/lang/invoke/LambdaForm$MH+0x0000000023644c00
instanceKlass org/eclipse/jdt/internal/core/LambdaFactory
instanceKlass org/eclipse/jdt/internal/core/util/ResourceCompilationUnit
instanceKlass com/microsoft/jdtls/ext/core/ProjectCommand$MainClassInfo
# instanceKlass java/lang/invoke/LambdaForm$MH+0x0000000023644800
instanceKlass org/eclipse/lsp4j/ChangeAnnotation
instanceKlass  @bci org/eclipse/lsp4j/adapters/DocumentChangeListAdapter create (Lcom/google/gson/Gson;Lcom/google/gson/reflect/TypeToken;)Lcom/google/gson/TypeAdapter; 62 <appendix> argL0 ; # org/eclipse/lsp4j/adapters/DocumentChangeListAdapter$$Lambda+0x0000000023640dc0
instanceKlass org/eclipse/lsp4j/RenameFileOptions
# instanceKlass java/lang/invoke/LambdaForm$MH+0x0000000023644400
# instanceKlass java/lang/invoke/LambdaForm$MH+0x0000000023644000
instanceKlass org/eclipse/lsp4j/DeleteFileOptions
instanceKlass org/eclipse/lsp4j/CreateFileOptions
instanceKlass org/eclipse/lsp4j/adapters/ResourceOperationTypeAdapter
instanceKlass  @bci org/eclipse/jdt/internal/core/search/matching/JavaSearchNameEnvironment findClass (Ljava/lang/String;[CLorg/eclipse/jdt/internal/compiler/env/IModuleAwareNameEnvironment$LookupStrategy;Ljava/lang/String;)Lorg/eclipse/jdt/internal/compiler/env/NameEnvironmentAnswer; 248 <appendix> member <vmtarget> ; # org/eclipse/jdt/internal/core/search/matching/JavaSearchNameEnvironment$$Lambda+0x000000002363cff8
instanceKlass  @bci org/eclipse/jdt/internal/core/search/matching/JavaSearchNameEnvironment findClass (Ljava/lang/String;[CLorg/eclipse/jdt/internal/compiler/env/IModuleAwareNameEnvironment$LookupStrategy;Ljava/lang/String;)Lorg/eclipse/jdt/internal/compiler/env/NameEnvironmentAnswer; 87 <appendix> argL0 ; # org/eclipse/jdt/internal/core/search/matching/JavaSearchNameEnvironment$$Lambda+0x000000002363cda0
instanceKlass org/eclipse/lsp4j/adapters/VersionedTextDocumentIdentifierTypeAdapter$Factory
instanceKlass  @bci java/util/function/Predicate and (Ljava/util/function/Predicate;)Ljava/util/function/Predicate; 7 <appendix> member <vmtarget> ; # java/util/function/Predicate$$Lambda+0x0000000023452a60
instanceKlass org/eclipse/lsp4j/adapters/DocumentChangeListAdapter
instanceKlass org/eclipse/lsp4j/ResourceOperation
instanceKlass org/eclipse/lsp4j/TextDocumentEdit
instanceKlass  @bci org/eclipse/jdt/internal/core/ModuleSourcePathManager seekModule ([CZLorg/eclipse/jdt/internal/core/IJavaElementRequestor;)V 19 <appendix> argL0 ; # org/eclipse/jdt/internal/core/ModuleSourcePathManager$$Lambda+0x000000002363cb78
instanceKlass org/eclipse/lsp4j/CodeActionDisabled
instanceKlass org/eclipse/jdt/internal/core/ModuleSourcePathManager$IPrefixMatcherCharArray
instanceKlass org/eclipse/jdt/internal/core/ModuleSourcePathManager
instanceKlass  @bci org/eclipse/jdt/ls/core/internal/handlers/CodeActionHandler populateDataFields (Ljava/util/List;)V 18 <appendix> member <vmtarget> ; # org/eclipse/jdt/ls/core/internal/handlers/CodeActionHandler$$Lambda+0x0000000023630950
instanceKlass org/eclipse/jdt/ls/core/internal/handlers/ResponseStore$ResponseItem
instanceKlass  @bci org/eclipse/core/internal/preferences/EclipsePreferences firePreferenceEvent (Ljava/lang/String;Ljava/lang/Object;Ljava/lang/Object;)V 41 <appendix> member <vmtarget> ; # org/eclipse/core/internal/preferences/EclipsePreferences$$Lambda+0x000000002318b330
instanceKlass org/eclipse/jdt/internal/corext/util/JdtFlags
instanceKlass org/eclipse/jdt/core/dom/rewrite/ListRewrite
instanceKlass org/eclipse/jdt/internal/core/dom/rewrite/NodeInfoStore$PlaceholderData
instanceKlass org/eclipse/jdt/internal/core/dom/rewrite/NodeInfoStore
instanceKlass  @bci org/eclipse/jdt/internal/core/search/matching/JavaSearchNameEnvironment getModulesDeclaringPackage ([[C[C)[[C 149 <appendix> argL0 ; # org/eclipse/jdt/internal/core/search/matching/JavaSearchNameEnvironment$$Lambda+0x000000002363b310
instanceKlass org/eclipse/jdt/core/dom/rewrite/ITrackedNodePosition
instanceKlass org/eclipse/jdt/core/dom/rewrite/ASTRewrite
instanceKlass org/eclipse/jdt/internal/core/search/matching/JavaSearchNameEnvironment
instanceKlass org/eclipse/jdt/core/util/CompilationUnitSorter
instanceKlass org/eclipse/jdt/internal/core/search/matching/JavaSearchDelegateDiscovery
instanceKlass org/eclipse/jdt/ls/core/internal/codemanipulation/DefaultJavaElementComparator
instanceKlass  @bci org/eclipse/jdt/ls/core/internal/text/correction/SourceAssistProcessor getSortMembersProposal (Lorg/eclipse/jdt/ui/text/java/IInvocationContext;Lorg/eclipse/lsp4j/CodeActionParams;Ljava/lang/String;Ljava/lang/String;Z)Ljava/util/Optional; 50 <appendix> argL0 ; # org/eclipse/jdt/ls/core/internal/text/correction/SourceAssistProcessor$$Lambda+0x0000000023630210
instanceKlass org/eclipse/jdt/internal/compiler/util/HashtableOfLong
instanceKlass org/eclipse/jdt/ls/core/internal/Messages
instanceKlass org/eclipse/jdt/internal/core/search/matching/MatchingNodeSet
instanceKlass org/eclipse/jdt/internal/corext/fix/LinkedProposalModelCore
instanceKlass org/eclipse/jdt/internal/core/search/matching/PossibleMatch
instanceKlass org/eclipse/jdt/internal/core/search/matching/MatchLocator$1
instanceKlass org/eclipse/jdt/internal/core/search/matching/PossibleMatchSet
instanceKlass org/eclipse/jdt/internal/core/search/matching/SuperTypeNamesCollector
instanceKlass org/eclipse/jdt/internal/core/util/HandleFactory
instanceKlass org/eclipse/jdt/ls/core/internal/handlers/SourceAttachUpdateHandler
instanceKlass org/eclipse/jdt/ls/core/internal/handlers/ClasspathUpdateHandler
instanceKlass org/eclipse/jdt/ls/core/internal/handlers/GenerateDelegateMethodsHandler
instanceKlass  @bci org/eclipse/jdt/ls/core/internal/handlers/WorkspaceDiagnosticsHandler checkPreviewFeatureValidity (Ljava/util/List;)V 6 <appendix> argL0 ; # org/eclipse/jdt/ls/core/internal/handlers/WorkspaceDiagnosticsHandler$$Lambda+0x000000002360b300
instanceKlass  @bci org/eclipse/jdt/ls/core/internal/text/correction/SourceAssistProcessor getSourceActionCommands (Lorg/eclipse/lsp4j/CodeActionParams;Lorg/eclipse/jdt/ui/text/java/IInvocationContext;[Lorg/eclipse/jdt/ui/text/java/IProblemLocation;Lorg/eclipse/core/runtime/IProgressMonitor;)Ljava/util/List; 698 <adapter> ; # java/lang/invoke/LambdaForm$MH+0x0000000023625400
# instanceKlass java/lang/invoke/LambdaForm$DMH+0x0000000023625000
instanceKlass  @bci org/eclipse/jdt/ls/core/internal/text/correction/SourceAssistProcessor getSourceActionCommands (Lorg/eclipse/lsp4j/CodeActionParams;Lorg/eclipse/jdt/ui/text/java/IInvocationContext;[Lorg/eclipse/jdt/ui/text/java/IProblemLocation;Lorg/eclipse/core/runtime/IProgressMonitor;)Ljava/util/List; 698 <appendix> form vmentry <vmtarget> ; # java/lang/invoke/LambdaForm$DMH+0x0000000023624c00
instanceKlass  @bci org/eclipse/jdt/ls/core/internal/text/correction/SourceAssistProcessor getSourceActionCommands (Lorg/eclipse/lsp4j/CodeActionParams;Lorg/eclipse/jdt/ui/text/java/IInvocationContext;[Lorg/eclipse/jdt/ui/text/java/IProblemLocation;Lorg/eclipse/core/runtime/IProgressMonitor;)Ljava/util/List; 698 <appendix> member <vmtarget> ; # org/eclipse/jdt/ls/core/internal/text/correction/SourceAssistProcessor$$Lambda+0x000000002360b0d0
instanceKlass  @cpi org/eclipse/jdt/ls/core/internal/text/correction/SourceAssistProcessor 1294 form vmentry <vmtarget> ; # java/lang/invoke/LambdaForm$DMH+0x0000000023624800
instanceKlass  @bci org/eclipse/jdt/ls/core/internal/text/correction/SourceAssistProcessor supportsHashCodeEquals (Lorg/eclipse/jdt/ui/text/java/IInvocationContext;Lorg/eclipse/jdt/core/IType;Lorg/eclipse/core/runtime/IProgressMonitor;)Z 84 <appendix> argL0 ; # org/eclipse/jdt/ls/core/internal/text/correction/SourceAssistProcessor$$Lambda+0x000000002360ae78
instanceKlass  @bci org/eclipse/jdt/ls/core/internal/text/correction/CodeActionUtility hasMethod (Lorg/eclipse/jdt/core/IType;Ljava/lang/String;[Ljava/lang/Class;)Z 17 <appendix> member <vmtarget> ; # org/eclipse/jdt/ls/core/internal/text/correction/CodeActionUtility$$Lambda+0x000000002360ac18
instanceKlass org/eclipse/jdt/ls/core/internal/codemanipulation/GenerateGetterSetterOperation
instanceKlass org/eclipse/jdt/internal/core/search/matching/PatternLocator
instanceKlass org/eclipse/jdt/ls/core/internal/text/correction/CodeActionComparator
instanceKlass  @bci org/eclipse/jdt/ls/core/internal/text/correction/SourceAssistProcessor getSourceActionCommands (Lorg/eclipse/lsp4j/CodeActionParams;Lorg/eclipse/jdt/ui/text/java/IInvocationContext;[Lorg/eclipse/jdt/ui/text/java/IProblemLocation;Lorg/eclipse/core/runtime/IProgressMonitor;)Ljava/util/List; 170 <appendix> member <vmtarget> ; # org/eclipse/jdt/ls/core/internal/text/correction/SourceAssistProcessor$$Lambda+0x0000000023609eb0
instanceKlass org/eclipse/jdt/ls/core/internal/handlers/CodeActionProposal
instanceKlass  @bci org/eclipse/jdt/internal/core/search/PathCollector getPaths ()[Ljava/lang/String; 4 <appendix> argL0 ; # org/eclipse/jdt/internal/core/search/PathCollector$$Lambda+0x0000000023614e08
instanceKlass  @bci org/eclipse/jdt/internal/core/search/matching/OrPattern isParallelSearchSupported ()Z 7 <appendix> argL0 ; # org/eclipse/jdt/internal/core/search/matching/OrPattern$$Lambda+0x0000000023614bb0
instanceKlass org/eclipse/jdt/ls/core/internal/handlers/CodeActionHandler$CodeActionData
instanceKlass  @bci com/microsoft/jdtls/ext/core/ProjectCommand listProjects (Ljava/util/List;Lorg/eclipse/core/runtime/IProgressMonitor;)Ljava/util/List; 73 <appendix> argL0 ; # com/microsoft/jdtls/ext/core/ProjectCommand$$Lambda+0x00000000235db028
instanceKlass  @bci com/microsoft/jdtls/ext/core/ProjectCommand listProjects (Ljava/util/List;Lorg/eclipse/core/runtime/IProgressMonitor;)Ljava/util/List; 63 <appendix> argL0 ; # com/microsoft/jdtls/ext/core/ProjectCommand$$Lambda+0x00000000235dade0
# instanceKlass java/lang/invoke/LambdaForm$MH+0x0000000023624400
# instanceKlass java/lang/invoke/LambdaForm$MH+0x0000000023624000
instanceKlass org/eclipse/lsp4j/MarkupContent
instanceKlass org/eclipse/lsp4j/InlayHintLabelPart
instanceKlass org/eclipse/osgi/util/TextProcessor
instanceKlass org/eclipse/jdt/internal/core/manipulation/util/Strings
instanceKlass org/eclipse/jface/text/TreeLineTracker$Node
instanceKlass org/eclipse/jface/text/TreeLineTracker
instanceKlass org/eclipse/text/edits/UndoCollector
instanceKlass org/eclipse/text/edits/TextEditProcessor
instanceKlass org/eclipse/text/edits/TextEdit$InsertionComparator
instanceKlass org/eclipse/jface/text/templates/TemplateBuffer
instanceKlass  @bci org/eclipse/jface/text/templates/TemplateTranslator lambda$1 (Lorg/eclipse/jface/text/templates/TemplateVariable;Ljava/util/Collection;)V 7 <appendix> argL0 ; # org/eclipse/jface/text/templates/TemplateTranslator$$Lambda+0x0000000023620238
instanceKlass  @bci org/eclipse/jface/text/templates/TemplateTranslator fixOffsetsAndBuffer (Ljava/lang/StringBuilder;[Lorg/eclipse/jface/text/templates/TemplateVariable;)V 252 <appendix> argL0 ; # org/eclipse/jface/text/templates/TemplateTranslator$$Lambda+0x0000000023620000
instanceKlass  @bci org/eclipse/jface/text/templates/TemplateTranslator fixOffsetsAndBuffer (Ljava/lang/StringBuilder;[Lorg/eclipse/jface/text/templates/TemplateVariable;)V 167 <appendix> argL0 ; # org/eclipse/jface/text/templates/TemplateTranslator$$Lambda+0x0000000023619d00
instanceKlass org/eclipse/jface/text/TextUtilities
instanceKlass org/eclipse/jface/text/templates/TemplateVariableType
instanceKlass org/eclipse/jface/text/templates/TemplateVariable
instanceKlass org/eclipse/jface/text/templates/TemplateTranslator$VariableDescription
instanceKlass  @bci java/util/regex/Pattern and (Ljava/util/regex/Pattern$CharPredicate;Ljava/util/regex/Pattern$CharPredicate;Z)Ljava/util/regex/Pattern$CharPredicate; 14 <appendix> member <vmtarget> ; # java/util/regex/Pattern$$Lambda+0x0000000023451ff0
instanceKlass  @bci java/util/regex/CharPredicates forProperty (Ljava/lang/String;Z)Ljava/util/regex/Pattern$CharPredicate; 2665 <appendix> argL0 ; # java/util/regex/CharPredicates$$Lambda+0x0000000023451d88
instanceKlass org/eclipse/jface/text/templates/TemplateTranslator
instanceKlass org/eclipse/jface/text/templates/TemplateContext
instanceKlass org/eclipse/jdt/internal/core/manipulation/ProjectTemplateStore
instanceKlass org/eclipse/jdt/core/manipulation/CodeGeneration
instanceKlass org/eclipse/jdt/internal/ui/text/correction/ProblemLocation
# instanceKlass java/lang/invoke/LambdaForm$MH+0x0000000023618c00
# instanceKlass java/lang/invoke/LambdaForm$MH+0x0000000023618800
instanceKlass org/eclipse/jdt/internal/ui/text/correction/JavadocTagsBaseSubProcessor
# instanceKlass java/lang/invoke/LambdaForm$MH+0x0000000023618400
instanceKlass org/eclipse/jdt/internal/corext/fix/CompilationUnitRewriteOperationsFixCore$CompilationUnitRewriteOperation
instanceKlass org/eclipse/jdt/internal/corext/fix/AbstractFixCore
instanceKlass org/eclipse/jdt/internal/corext/fix/ILinkedFix
instanceKlass  @bci org/eclipse/jdt/ls/core/internal/text/correction/RefactorProposalUtility getIntroduceParameterRefactoringProposals (Lorg/eclipse/lsp4j/CodeActionParams;Lorg/eclipse/jdt/ui/text/java/IInvocationContext;Lorg/eclipse/jdt/core/dom/ASTNode;Z[Lorg/eclipse/jdt/ui/text/java/IProblemLocation;)Lorg/eclipse/jdt/ls/core/internal/corrections/ProposalKindWrapper; 23 <appendix> argL0 ; # org/eclipse/jdt/ls/core/internal/text/correction/RefactorProposalUtility$$Lambda+0x0000000023609228
instanceKlass org/eclipse/jdt/ls/core/internal/text/correction/CodeActionUtility
instanceKlass org/eclipse/jdt/internal/corext/refactoring/RefactoringAvailabilityTesterCore
instanceKlass jdk/internal/ref/CleanerImpl$InnocuousThreadFactory
# instanceKlass java/lang/invoke/LambdaForm$DMH+0x0000000023618000
instanceKlass  @bci org/eclipse/jdt/ls/core/internal/handlers/WorkspaceDiagnosticsHandler isInteresting (Lorg/eclipse/core/resources/IMarker;)Z 15 <appendix> member <vmtarget> ; # org/eclipse/jdt/ls/core/internal/handlers/WorkspaceDiagnosticsHandler$$Lambda+0x0000000023608db8
instanceKlass  @bci org/eclipse/jdt/ls/core/internal/handlers/WorkspaceDiagnosticsHandler toDiagnosticsArray (Lorg/eclipse/jface/text/IDocument;[Lorg/eclipse/core/resources/IMarker;Z)Ljava/util/List; 36 <appendix> argL0 ; # org/eclipse/jdt/ls/core/internal/handlers/WorkspaceDiagnosticsHandler$$Lambda+0x0000000023608b90
instanceKlass  @bci org/eclipse/jdt/ls/core/internal/handlers/WorkspaceDiagnosticsHandler toDiagnosticsArray (Lorg/eclipse/jface/text/IDocument;[Lorg/eclipse/core/resources/IMarker;Z)Ljava/util/List; 26 <appendix> argL0 ; # org/eclipse/jdt/ls/core/internal/handlers/WorkspaceDiagnosticsHandler$$Lambda+0x0000000023608938
instanceKlass  @bci org/eclipse/jdt/ls/core/internal/handlers/WorkspaceDiagnosticsHandler toDiagnosticsArray (Lorg/eclipse/jface/text/IDocument;[Lorg/eclipse/core/resources/IMarker;Z)Ljava/util/List; 16 <appendix> member <vmtarget> ; # org/eclipse/jdt/ls/core/internal/handlers/WorkspaceDiagnosticsHandler$$Lambda+0x00000000236086e8
instanceKlass  @bci org/eclipse/jdt/ls/core/internal/handlers/WorkspaceDiagnosticsHandler toDiagnosticsArray (Lorg/eclipse/jface/text/IDocument;[Lorg/eclipse/core/resources/IMarker;Z)Ljava/util/List; 4 <appendix> argL0 ; # org/eclipse/jdt/ls/core/internal/handlers/WorkspaceDiagnosticsHandler$$Lambda+0x0000000023608490
instanceKlass  @bci org/eclipse/core/internal/runtime/AdapterManager getAdapter (Ljava/lang/Object;Ljava/lang/Class;)Ljava/lang/Object; 68 <appendix> argL0 ; # org/eclipse/core/internal/runtime/AdapterManager$$Lambda+0x000000002318f470
instanceKlass  @bci org/eclipse/core/internal/runtime/AdapterManager getAdapter (Ljava/lang/Object;Ljava/lang/Class;)Ljava/lang/Object; 58 <appendix> member <vmtarget> ; # org/eclipse/core/internal/runtime/AdapterManager$$Lambda+0x000000002318f210
instanceKlass  @bci org/eclipse/core/internal/runtime/AdapterManager getAdapter (Ljava/lang/Object;Ljava/lang/Class;)Ljava/lang/Object; 46 <appendix> member <vmtarget> ; # org/eclipse/core/internal/runtime/AdapterManager$$Lambda+0x000000002318efc0
instanceKlass  @bci org/eclipse/core/internal/runtime/AdapterManager addFactoriesFor (Ljava/lang/String;Ljava/util/Map;)V 86 <appendix> argL0 ; # org/eclipse/core/internal/runtime/AdapterManager$$Lambda+0x000000002318ed78
instanceKlass  @bci org/eclipse/core/internal/adapter/AdapterFactoryProxy createProxy (Lorg/eclipse/core/runtime/IConfigurationElement;)Lorg/eclipse/core/internal/adapter/AdapterFactoryProxy; 187 <appendix> member <vmtarget> ; # org/eclipse/core/internal/adapter/AdapterFactoryProxy$$Lambda+0x0000000023610000
instanceKlass  @bci org/eclipse/core/internal/adapter/AdapterFactoryProxy createProxy (Lorg/eclipse/core/runtime/IConfigurationElement;)Lorg/eclipse/core/internal/adapter/AdapterFactoryProxy; 108 <appendix> argL0 ; # org/eclipse/core/internal/adapter/AdapterFactoryProxy$$Lambda+0x0000000023127db8
instanceKlass  @bci org/eclipse/core/internal/adapter/AdapterFactoryProxy createProxy (Lorg/eclipse/core/runtime/IConfigurationElement;)Lorg/eclipse/core/internal/adapter/AdapterFactoryProxy; 98 <appendix> argL0 ; # org/eclipse/core/internal/adapter/AdapterFactoryProxy$$Lambda+0x0000000023127b60
instanceKlass  @bci org/eclipse/core/internal/adapter/AdapterFactoryProxy createProxy (Lorg/eclipse/core/runtime/IConfigurationElement;)Lorg/eclipse/core/internal/adapter/AdapterFactoryProxy; 88 <appendix> argL0 ; # org/eclipse/core/internal/adapter/AdapterFactoryProxy$$Lambda+0x0000000023127918
instanceKlass  @bci org/eclipse/core/internal/adapter/AdapterFactoryProxy createProxy (Lorg/eclipse/core/runtime/IConfigurationElement;)Lorg/eclipse/core/internal/adapter/AdapterFactoryProxy; 78 <appendix> argL0 ; # org/eclipse/core/internal/adapter/AdapterFactoryProxy$$Lambda+0x00000000231276c0
instanceKlass org/eclipse/core/internal/adapter/AdapterFactoryProxy
instanceKlass  @bci org/eclipse/core/internal/runtime/AdapterManager getClassOrder (Ljava/lang/Class;)[Ljava/lang/Class; 5 <appendix> argL0 ; # org/eclipse/core/internal/runtime/AdapterManager$$Lambda+0x000000002318eb30
instanceKlass  @bci org/eclipse/core/internal/runtime/AdapterManager getFactories (Ljava/lang/Class;)Ljava/util/Map; 10 <appendix> member <vmtarget> ; # org/eclipse/core/internal/runtime/AdapterManager$$Lambda+0x000000002318e8e0
instanceKlass org/eclipse/core/internal/runtime/AdapterManager$AdapterLookup
instanceKlass  @bci org/eclipse/jdt/ls/core/internal/handlers/WorkspaceDiagnosticsHandler publishDiagnostics (Ljava/util/List;)V 6 <appendix> argL0 ; # org/eclipse/jdt/ls/core/internal/handlers/WorkspaceDiagnosticsHandler$$Lambda+0x0000000023608248
instanceKlass org/eclipse/ltk/core/refactoring/GroupCategory
instanceKlass org/eclipse/ltk/core/refactoring/GroupCategorySet
instanceKlass org/eclipse/jdt/ls/core/internal/handlers/WorkspaceDiagnosticsHandler
instanceKlass org/eclipse/jdt/internal/corext/refactoring/structure/constraints/SuperTypeConstraintsSolver
instanceKlass org/eclipse/jdt/internal/corext/refactoring/changes/WorkspaceTracker$Listener
instanceKlass org/eclipse/jdt/ls/core/internal/JobHelpers$UpdateJobMatcher
instanceKlass org/eclipse/jdt/internal/corext/util/CodeFormatterUtil
instanceKlass org/eclipse/jdt/internal/corext/codemanipulation/CodeGenerationSettings
instanceKlass org/eclipse/jdt/internal/corext/util/JavaModelUtil
instanceKlass org/eclipse/jdt/ls/core/internal/corrections/ProposalKindWrapper
instanceKlass org/eclipse/text/edits/TextEditVisitor
instanceKlass org/eclipse/jdt/core/dom/BindingComparator
instanceKlass org/eclipse/jdt/internal/corext/refactoring/code/SnippetFinder$Match
instanceKlass org/eclipse/lsp4j/RelativePattern
instanceKlass org/eclipse/jdt/core/dom/ASTMatcher
instanceKlass org/eclipse/lsp4j/DidChangeWatchedFilesRegistrationOptions
instanceKlass org/eclipse/lsp4j/FileSystemWatcher
instanceKlass  @bci org/eclipse/jdt/ls/core/internal/managers/StandardProjectsManager registerWatchers ()Ljava/util/List; 817 <appendix> argL0 ; # org/eclipse/jdt/ls/core/internal/managers/StandardProjectsManager$$Lambda+0x00000000235eb6a0
instanceKlass  @bci org/eclipse/jdt/ls/core/internal/managers/StandardProjectsManager registerWatchers ()Ljava/util/List; 583 <appendix> argL0 ; # org/eclipse/jdt/ls/core/internal/managers/StandardProjectsManager$$Lambda+0x00000000235eb458
instanceKlass org/eclipse/jdt/internal/corext/dom/ASTNodeFactory
instanceKlass  @bci org/eclipse/jdt/ls/core/internal/managers/StandardProjectsManager lambda$9 (Ljava/util/Set;Lorg/eclipse/jdt/ls/core/internal/managers/IBuildSupport;)V 7 <appendix> member <vmtarget> ; # org/eclipse/jdt/ls/core/internal/managers/StandardProjectsManager$$Lambda+0x00000000235eb218
instanceKlass  @bci org/eclipse/jdt/ls/core/internal/managers/StandardProjectsManager registerWatchers ()Ljava/util/List; 35 <appendix> member <vmtarget> ; # org/eclipse/jdt/ls/core/internal/managers/StandardProjectsManager$$Lambda+0x00000000235eafd8
instanceKlass org/eclipse/jdt/internal/corext/refactoring/ParameterInfo
instanceKlass org/eclipse/jdt/internal/corext/codemanipulation/RedundantNullnessTypeAnnotationsFilter
instanceKlass org/eclipse/jface/text/Region
instanceKlass org/eclipse/jdt/internal/corext/refactoring/code/flow/FlowInfo
instanceKlass org/eclipse/jdt/internal/corext/refactoring/code/flow/FlowContext$Enum
instanceKlass org/eclipse/jdt/internal/corext/refactoring/code/flow/FlowContext
instanceKlass org/eclipse/jdt/internal/corext/refactoring/util/CommentAnalyzer
instanceKlass org/eclipse/jdt/internal/core/manipulation/dom/ASTResolving
instanceKlass org/eclipse/jdt/internal/corext/dom/TokenScanner
instanceKlass org/eclipse/jdt/core/dom/rewrite/ImportRewrite
instanceKlass org/eclipse/jdt/core/manipulation/CodeStyleConfiguration
instanceKlass org/eclipse/jdt/internal/core/manipulation/StubUtility
instanceKlass  @bci org/eclipse/core/internal/expressions/Expressions createClassCaches ()V 37 <appendix> argL0 ; # org/eclipse/core/internal/expressions/Expressions$$Lambda+0x00000000235f77f0
instanceKlass org/eclipse/jdt/internal/junit/launcher/JUnit5TestFinder$Annotation
instanceKlass org/eclipse/core/expressions/EvaluationResult
instanceKlass org/eclipse/core/expressions/EvaluationContext
instanceKlass org/eclipse/core/internal/expressions/Expressions
instanceKlass  @bci org/eclipse/jdt/ls/core/internal/handlers/InlayHintFilterManager initializeFromPreference ()V 36 <appendix> member <vmtarget> ; # org/eclipse/jdt/ls/core/internal/handlers/InlayHintFilterManager$$Lambda+0x00000000235ead98
instanceKlass org/eclipse/core/expressions/Expression
instanceKlass org/eclipse/jdt/ls/core/internal/handlers/InlayHintFilterManager$InstanceHolder
instanceKlass org/eclipse/jdt/ls/core/internal/handlers/InlayHintFilterManager
instanceKlass org/eclipse/core/expressions/ElementHandler
instanceKlass org/eclipse/core/expressions/ExpressionConverter
instanceKlass org/eclipse/jdt/internal/compiler/ISourceElementRequestor$TypeParameterInfo
instanceKlass org/eclipse/core/expressions/IEvaluationContext
instanceKlass org/eclipse/core/internal/resources/mapping/ModelProviderDescriptor
instanceKlass org/eclipse/core/resources/mapping/IModelProviderDescriptor
instanceKlass org/eclipse/core/internal/resources/mapping/ModelProviderManager
instanceKlass  @bci org/eclipse/core/resources/mapping/ResourceChangeValidator getRootResources (Lorg/eclipse/core/resources/IResourceDelta;)[Lorg/eclipse/core/resources/IResource; 10 <appendix> member <vmtarget> ; # org/eclipse/core/resources/mapping/ResourceChangeValidator$$Lambda+0x0000000023561c30
instanceKlass org/eclipse/core/internal/resources/mapping/ChangeDescription
instanceKlass org/eclipse/core/internal/resources/mapping/ResourceChangeDescriptionFactory
instanceKlass org/eclipse/core/resources/mapping/IResourceChangeDescriptionFactory
instanceKlass org/eclipse/core/resources/mapping/ResourceChangeValidator
instanceKlass org/eclipse/ltk/core/refactoring/participants/ResourceChangeChecker
instanceKlass org/eclipse/ltk/core/refactoring/participants/IConditionChecker
instanceKlass org/eclipse/jdt/internal/ui/util/Progress
instanceKlass org/eclipse/jdt/internal/corext/util/Resources
instanceKlass org/eclipse/jdt/internal/corext/refactoring/Checks
instanceKlass org/eclipse/jdt/internal/core/SourceMapper$LocalVariableElementKey
instanceKlass org/eclipse/jdt/internal/codeassist/impl/Keywords
instanceKlass org/eclipse/jdt/internal/ui/util/ResourcesUtility
instanceKlass org/eclipse/jdt/internal/corext/refactoring/util/ResourceUtil
instanceKlass org/eclipse/ltk/core/refactoring/RefactoringStatus
instanceKlass org/eclipse/jdt/internal/junit/launcher/JUnit4TestFinder$Annotation
instanceKlass org/eclipse/jdt/internal/compiler/util/HashtableOfObjectToTokenArray
instanceKlass  @bci org/eclipse/jdt/ls/core/internal/text/correction/RefactorProposalUtility proposeMethodNameHeuristic (Lorg/eclipse/jdt/ui/text/java/IInvocationContext;Lorg/eclipse/jdt/core/dom/ASTNode;)Ljava/lang/String; 204 <appendix> argL0 ; # org/eclipse/jdt/ls/core/internal/text/correction/RefactorProposalUtility$$Lambda+0x00000000235ea4f8
instanceKlass org/eclipse/jdt/internal/corext/dom/Selection
instanceKlass  @bci org/eclipse/jdt/ls/core/internal/text/correction/RefactorProposalUtility proposeMethodNameHeuristic (Lorg/eclipse/jdt/ui/text/java/IInvocationContext;Lorg/eclipse/jdt/core/dom/ASTNode;)Ljava/lang/String; 64 <appendix> argL0 ; # org/eclipse/jdt/ls/core/internal/text/correction/RefactorProposalUtility$$Lambda+0x00000000235ea258
instanceKlass  @bci org/eclipse/jdt/ls/core/internal/text/correction/RefactorProposalUtility proposeMethodNameHeuristic (Lorg/eclipse/jdt/ui/text/java/IInvocationContext;Lorg/eclipse/jdt/core/dom/ASTNode;)Ljava/lang/String; 54 <appendix> member <vmtarget> ; # org/eclipse/jdt/ls/core/internal/text/correction/RefactorProposalUtility$$Lambda+0x00000000235ea000
instanceKlass  @cpi org/eclipse/jdt/internal/formatter/linewrap/WrapExecutor 527 form vmentry <vmtarget> ; # java/lang/invoke/LambdaForm$DMH+0x00000000235e8400
instanceKlass  @bci org/eclipse/jdt/ls/core/internal/text/correction/RefactorProposalUtility proposeMethodNameHeuristic (Lorg/eclipse/jdt/ui/text/java/IInvocationContext;Lorg/eclipse/jdt/core/dom/ASTNode;)Ljava/lang/String; 42 <appendix> argL0 ; # org/eclipse/jdt/ls/core/internal/text/correction/RefactorProposalUtility$$Lambda+0x00000000235d7c68
instanceKlass org/eclipse/jdt/core/dom/rewrite/TargetSourceRangeComputer
instanceKlass org/eclipse/ltk/core/refactoring/ChangeDescriptor
# instanceKlass java/lang/invoke/LambdaForm$MH+0x00000000235e8000
instanceKlass org/eclipse/jdt/internal/junit/util/CoreTestSearchEngine
instanceKlass org/eclipse/jdt/internal/junit/launcher/JUnit5TestFinder
instanceKlass org/eclipse/jdt/internal/corext/dom/Bindings
instanceKlass org/eclipse/jdt/internal/junit/model/ITestSessionListener
instanceKlass org/eclipse/jdt/internal/junit/model/JUnitModel$LegacyTestRunSessionListener
instanceKlass org/eclipse/jdt/junit/model/ITestRunSession
instanceKlass org/eclipse/jdt/junit/model/ITestElementContainer
instanceKlass org/eclipse/jdt/junit/model/ITestElement
instanceKlass org/eclipse/jdt/internal/junit/model/JUnitModel$JUnitLaunchListener
instanceKlass org/eclipse/jdt/internal/junit/model/ITestRunSessionListener
instanceKlass org/eclipse/jdt/internal/junit/model/JUnitModel
instanceKlass org/eclipse/jdt/internal/junit/launcher/JUnit4TestFinder
instanceKlass org/eclipse/jdt/internal/junit/launcher/ITestFinder
instanceKlass com/microsoft/java/test/plugin/searcher/BaseFrameworkSearcher
instanceKlass com/microsoft/java/test/plugin/util/TestFrameworkUtils
instanceKlass  @bci com/microsoft/java/test/plugin/util/TestSearchUtils findTestItemsInTypeBinding (Lorg/eclipse/jdt/core/dom/ITypeBinding;Lcom/microsoft/java/test/plugin/model/JavaTestItem;Ljava/util/List;Lorg/eclipse/core/runtime/IProgressMonitor;)V 38 <appendix> member <vmtarget> ; # com/microsoft/java/test/plugin/util/TestSearchUtils$$Lambda+0x00000000235d1b20
instanceKlass com/microsoft/java/test/plugin/searcher/TestFrameworkSearcher
instanceKlass org/eclipse/jdt/internal/corext/refactoring/tagging/IDelegateUpdating
instanceKlass java/util/LinkedList$LLSpliterator
instanceKlass org/eclipse/jdt/ls/core/internal/text/correction/RefactorProposalUtility
instanceKlass com/microsoft/java/test/plugin/model/JavaTestItem
instanceKlass org/eclipse/jdt/internal/corext/refactoring/structure/ASTNodeSearchUtil
instanceKlass org/eclipse/jdt/ls/core/internal/corrections/InvertBooleanUtility$SimpleNameRenameProvider
instanceKlass org/eclipse/jdt/ls/core/internal/corrections/InvertBooleanUtility
instanceKlass org/eclipse/jdt/core/dom/DefaultBindingResolver$1
instanceKlass org/eclipse/jdt/core/dom/NodeFinder
instanceKlass  @bci org/eclipse/jdt/ls/core/internal/handlers/CodeActionHandler containsKind (Ljava/util/List;Ljava/lang/String;)Z 7 <appendix> member <vmtarget> ; # org/eclipse/jdt/ls/core/internal/handlers/CodeActionHandler$$Lambda+0x00000000235d5c98
instanceKlass org/eclipse/jdt/ls/core/internal/handlers/CodeActionHandler$ChangeCorrectionProposalComparator
instanceKlass org/eclipse/jdt/ui/text/java/IProblemLocation
instanceKlass  @bci org/eclipse/jdt/ls/core/internal/handlers/CodeActionHandler getCodeActionCommands (Lorg/eclipse/lsp4j/CodeActionParams;Lorg/eclipse/core/runtime/IProgressMonitor;)Ljava/util/List; 243 <appendix> argL0 ; # org/eclipse/jdt/ls/core/internal/handlers/CodeActionHandler$$Lambda+0x00000000235d5790
instanceKlass org/eclipse/jdt/ls/core/internal/corrections/InnovationContext
instanceKlass org/eclipse/jdt/ls/core/internal/handlers/JsonRpcHelpers
instanceKlass org/eclipse/jdt/ls/core/internal/corrections/DiagnosticsHelper
# instanceKlass java/lang/invoke/LambdaForm$MH+0x00000000235e2800
# instanceKlass java/lang/invoke/LambdaForm$MH+0x00000000235e2400
# instanceKlass java/lang/invoke/LambdaForm$MH+0x00000000235e2000
# instanceKlass java/lang/invoke/LambdaForm$MH+0x00000000235e1c00
# instanceKlass java/lang/invoke/LambdaForm$MH+0x00000000235e1800
# instanceKlass java/lang/invoke/LambdaForm$MH+0x00000000235e1000
# instanceKlass java/lang/invoke/LambdaForm$MH+0x00000000235e1400
instanceKlass org/eclipse/lsp4j/ConfigurationItem
instanceKlass org/eclipse/jdt/ls/core/internal/handlers/ConfigurationHandler
instanceKlass  @bci org/eclipse/jdt/ls/core/internal/handlers/BaseDocumentLifeCycleHandler performValidation (Lorg/eclipse/core/runtime/IProgressMonitor;)Lorg/eclipse/core/runtime/IStatus; 209 <adapter> ; # java/lang/invoke/LambdaForm$MH+0x00000000235e0c00
instanceKlass  @bci org/eclipse/jdt/ls/core/internal/handlers/BaseDocumentLifeCycleHandler performValidation (Lorg/eclipse/core/runtime/IProgressMonitor;)Lorg/eclipse/core/runtime/IStatus; 209 <appendix> form vmentry <vmtarget> ; # java/lang/invoke/LambdaForm$MH+0x00000000235e0800
# instanceKlass java/lang/invoke/LambdaForm$BMH+0x00000000235e0400
instanceKlass  @bci org/eclipse/jdt/ls/core/internal/handlers/BaseDocumentLifeCycleHandler performValidation (Lorg/eclipse/core/runtime/IProgressMonitor;)Lorg/eclipse/core/runtime/IStatus; 209 <appendix> form names 5 function resolvedHandle form vmentry <vmtarget> ; # java/lang/invoke/LambdaForm$DMH+0x00000000235e0000
instanceKlass  @bci org/eclipse/jdt/ls/core/internal/handlers/BaseDocumentLifeCycleHandler performValidation (Lorg/eclipse/core/runtime/IProgressMonitor;)Lorg/eclipse/core/runtime/IStatus; 209 <appendix> argL0 form vmentry <vmtarget> ; # java/lang/invoke/LambdaForm$DMH+0x00000000235d9c00
# instanceKlass java/lang/invoke/LambdaForm$MH+0x00000000235d9400
instanceKlass  @bci com/microsoft/jdtls/ext/core/PackageCommand getContainerChildren (Lcom/microsoft/jdtls/ext/core/PackageParams;Lorg/eclipse/core/runtime/IProgressMonitor;)Ljava/util/List; 51 <appendix> argL0 ; # com/microsoft/jdtls/ext/core/PackageCommand$$Lambda+0x00000000235dab88
instanceKlass com/microsoft/jdtls/ext/core/ExtUtils
instanceKlass org/eclipse/jdt/apt/core/internal/generatedfile/GeneratedResourceChangeListener$PreBuildVisitor
instanceKlass com/microsoft/jdtls/ext/core/parser/JavaResourceVisitor
instanceKlass com/microsoft/jdtls/ext/core/parser/ResourceSet
instanceKlass java/util/AbstractList$SubList$1
instanceKlass  @bci org/eclipse/jdt/ls/core/internal/filesystem/JLSFile childNames (ILorg/eclipse/core/runtime/IProgressMonitor;)[Ljava/lang/String; 152 <appendix> argL0 ; # org/eclipse/jdt/ls/core/internal/filesystem/JLSFile$$Lambda+0x000000002319dd50
instanceKlass com/google/gson/internal/GsonTypes$GenericArrayTypeImpl
instanceKlass  @bci org/eclipse/jdt/internal/launching/DefaultProjectClasspathEntry adjustClasspathProperty (Lorg/eclipse/jdt/launching/IRuntimeClasspathEntry;Lorg/eclipse/jdt/core/IClasspathEntry;)V 19 <appendix> argL0 ; # org/eclipse/jdt/internal/launching/DefaultProjectClasspathEntry$$Lambda+0x00000000235dca68
instanceKlass org/eclipse/jdt/launching/IRuntimeClasspathEntry2
instanceKlass  @bci com/microsoft/jdtls/ext/core/PackageCommand getProject (Ljava/lang/String;)Lorg/eclipse/core/resources/IProject; 26 <appendix> argL0 ; # com/microsoft/jdtls/ext/core/PackageCommand$$Lambda+0x00000000235da238
instanceKlass org/eclipse/jdt/internal/launching/RuntimeClasspathEntry
instanceKlass com/google/gson/internal/Streams$AppendableWriter$CurrentWrite
instanceKlass  @bci com/microsoft/jdtls/ext/core/PackageCommand <clinit> ()V 119 <appendix> argL0 ; # com/microsoft/jdtls/ext/core/PackageCommand$$Lambda+0x00000000235da000
instanceKlass  @bci com/microsoft/jdtls/ext/core/PackageCommand <clinit> ()V 102 <appendix> argL0 ; # com/microsoft/jdtls/ext/core/PackageCommand$$Lambda+0x00000000235d8d60
instanceKlass  @bci com/microsoft/jdtls/ext/core/PackageCommand <clinit> ()V 85 <appendix> argL0 ; # com/microsoft/jdtls/ext/core/PackageCommand$$Lambda+0x00000000235d8b28
instanceKlass  @bci com/microsoft/jdtls/ext/core/PackageCommand <clinit> ()V 68 <appendix> argL0 ; # com/microsoft/jdtls/ext/core/PackageCommand$$Lambda+0x00000000235d88f0
instanceKlass  @bci com/microsoft/jdtls/ext/core/PackageCommand <clinit> ()V 51 <appendix> argL0 ; # com/microsoft/jdtls/ext/core/PackageCommand$$Lambda+0x00000000235d86b8
instanceKlass  @cpi com/microsoft/jdtls/ext/core/PackageCommand 860 form vmentry <vmtarget> ; # java/lang/invoke/LambdaForm$DMH+0x00000000235d9000
instanceKlass com/microsoft/jdtls/ext/core/PackageParams
instanceKlass com/microsoft/jdtls/ext/core/parser/ResourceVisitor
instanceKlass com/microsoft/jdtls/ext/core/PackageCommand
instanceKlass org/eclipse/jdt/launching/IJavaLaunchConfigurationConstants
instanceKlass  @bci org/eclipse/jdt/ls/core/internal/commands/ProjectCommand getClasspathsFromJavaProject (Lorg/eclipse/jdt/core/IJavaProject;Lorg/eclipse/jdt/ls/core/internal/commands/ProjectCommand$ClasspathOptions;)Lorg/eclipse/jdt/ls/core/internal/commands/ProjectCommand$ClasspathResult; 141 <appendix> member <vmtarget> ; # org/eclipse/jdt/ls/core/internal/commands/ProjectCommand$$Lambda+0x00000000235d4c88
instanceKlass org/eclipse/jdt/ls/core/internal/commands/ProjectCommand$ClasspathResult
instanceKlass org/eclipse/debug/core/sourcelookup/ISourceLookupDirector
instanceKlass org/eclipse/debug/core/sourcelookup/IPersistableSourceLocator2
instanceKlass org/eclipse/debug/core/model/IPersistableSourceLocator
instanceKlass org/eclipse/debug/core/model/IBreakpoint
instanceKlass org/eclipse/debug/core/model/LaunchConfigurationDelegate
instanceKlass org/eclipse/debug/core/model/ILaunchConfigurationDelegate2
instanceKlass org/eclipse/debug/core/model/ILaunchConfigurationDelegate
instanceKlass com/microsoft/jdtls/ext/core/ProjectCommand$LinkedFolderVisitor
instanceKlass org/eclipse/debug/internal/core/LaunchDelegate
instanceKlass org/eclipse/debug/core/ILaunchConfigurationType
instanceKlass com/microsoft/jdtls/ext/core/model/PackageNode
instanceKlass com/microsoft/java/test/plugin/util/TestSearchUtils
instanceKlass org/eclipse/jdt/internal/launching/JRERuntimeClasspathEntryResolver
instanceKlass org/eclipse/debug/internal/core/LaunchConfigurationInfo
instanceKlass org/eclipse/jdt/internal/launching/RuntimeClasspathEntryResolver
instanceKlass org/eclipse/jdt/launching/IRuntimeClasspathEntryResolver2
instanceKlass org/eclipse/debug/core/ILaunchConfigurationWorkingCopy
instanceKlass  @bci org/eclipse/jdt/ls/core/internal/managers/StandardProjectsManager getBuildSupport (Lorg/eclipse/core/resources/IProject;)Ljava/util/Optional; 5 <appendix> member <vmtarget> ; # org/eclipse/jdt/ls/core/internal/managers/StandardProjectsManager$$Lambda+0x00000000235cbb00
instanceKlass  @bci org/eclipse/jdt/ls/core/internal/commands/ProjectCommand getJavaProjectFromUri (Ljava/lang/String;)Lorg/eclipse/jdt/core/IJavaProject; 98 <appendix> argL0 ; # org/eclipse/jdt/ls/core/internal/commands/ProjectCommand$$Lambda+0x00000000235cb860
instanceKlass org/eclipse/jdt/ls/core/internal/commands/ProjectCommand$ClasspathOptions
instanceKlass com/microsoft/jdtls/ext/core/ProjectCommand
instanceKlass com/microsoft/jdtls/ext/core/JdtlsExtActivator
instanceKlass  @bci com/google/gson/internal/ConstructorConstructor newUnsafeAllocator (Ljava/lang/Class;)Lcom/google/gson/internal/ObjectConstructor; 8 <appendix> member <vmtarget> ; # com/google/gson/internal/ConstructorConstructor$$Lambda+0x00000000235c9440
# instanceKlass com/google/gson/internal/ConstructorConstructor$$Lambda+0x00000000235c9210
instanceKlass com/microsoft/java/test/plugin/util/ProjectTestUtils$TestSourcePath
instanceKlass com/microsoft/java/test/plugin/provider/TestKindProvider
# instanceKlass org/eclipse/jdt/ls/core/internal/ProjectUtils$$Lambda+0x00000000235cb3e8
instanceKlass  @bci org/eclipse/jdt/ls/core/internal/ProjectUtils isInternalBuildSupport (Lorg/eclipse/jdt/ls/core/internal/managers/IBuildSupport;)Z 11 <appendix> member <vmtarget> ; # org/eclipse/jdt/ls/core/internal/ProjectUtils$$Lambda+0x00000000235cb188
instanceKlass com/microsoft/jdtls/ext/core/CommandHandler
instanceKlass org/eclipse/jdt/internal/core/DeltaProcessor$3
# instanceKlass com/microsoft/java/test/plugin/util/ProjectTestUtils$$Lambda+0x00000000235d0470
instanceKlass  @bci com/microsoft/java/test/plugin/util/ProjectTestUtils parseProjects (Ljava/lang/String;)Ljava/util/Set; 20 <appendix> member <vmtarget> ; # com/microsoft/java/test/plugin/util/ProjectTestUtils$$Lambda+0x00000000235d0210
instanceKlass com/microsoft/java/test/plugin/util/ProjectTestUtils
instanceKlass  @bci org/eclipse/lsp4j/jsonrpc/json/adapters/CollectionTypeAdapter$Factory getConstructor (Ljava/lang/Class;)Ljava/util/function/Supplier; 10 <appendix> member <vmtarget> ; # org/eclipse/lsp4j/jsonrpc/json/adapters/CollectionTypeAdapter$Factory$$Lambda+0x0000000023326ff0
# instanceKlass org/eclipse/lsp4j/jsonrpc/json/adapters/CollectionTypeAdapter$Factory$$Lambda+0x0000000023327220
instanceKlass com/google/gson/internal/bind/NumberTypeAdapter$2
instanceKlass com/microsoft/java/test/plugin/handler/ClasspathUpdateHandler
# instanceKlass org/eclipse/jdt/ls/core/internal/commands/ProjectCommand$$Lambda+0x00000000235ca8e8
instanceKlass  @bci org/eclipse/jdt/ls/core/internal/commands/ProjectCommand getAllJavaProjects ()Ljava/util/List; 16 <appendix> argL0 ; # org/eclipse/jdt/ls/core/internal/commands/ProjectCommand$$Lambda+0x00000000235cab10
instanceKlass com/microsoft/java/test/plugin/util/JUnitPlugin
# instanceKlass org/eclipse/jdt/ls/core/internal/commands/ProjectCommand$$Lambda+0x00000000235ca6a0
instanceKlass  @bci org/eclipse/jdt/ls/core/internal/commands/ProjectCommand getAllJavaProjects ()Ljava/util/List; 6 <appendix> argL0 ; # org/eclipse/jdt/ls/core/internal/commands/ProjectCommand$$Lambda+0x00000000235ca458
instanceKlass org/eclipse/jdt/ls/core/internal/commands/ProjectCommand
instanceKlass com/microsoft/java/test/plugin/handler/TestDelegateCommandHandler
instanceKlass  @bci org/eclipse/jdt/ls/core/internal/handlers/WorkspaceExecuteCommandHandler$1 run ()V 38 <appendix> argL0 ; # org/eclipse/jdt/ls/core/internal/handlers/WorkspaceExecuteCommandHandler$1$$Lambda+0x00000000235ca000
# instanceKlass org/eclipse/jdt/ls/core/internal/handlers/WorkspaceExecuteCommandHandler$1$$Lambda+0x00000000235c7da8
instanceKlass org/eclipse/jdt/ls/core/internal/JDTDelegateCommandHandler
instanceKlass org/eclipse/jdt/ls/core/internal/IDelegateCommandHandler
instanceKlass org/eclipse/jdt/ls/core/internal/handlers/WorkspaceExecuteCommandHandler$1
instanceKlass  @bci org/eclipse/jdt/ls/core/internal/handlers/WorkspaceExecuteCommandHandler executeCommand (Lorg/eclipse/lsp4j/ExecuteCommandParams;Lorg/eclipse/core/runtime/IProgressMonitor;)Ljava/lang/Object; 50 <appendix> member <vmtarget> ; # org/eclipse/jdt/ls/core/internal/handlers/WorkspaceExecuteCommandHandler$$Lambda+0x00000000235c76d0
instanceKlass  @bci org/eclipse/jdt/ls/core/internal/handlers/JDTLanguageServer executeCommand (Lorg/eclipse/lsp4j/ExecuteCommandParams;)Ljava/util/concurrent/CompletableFuture; 85 <appendix> member <vmtarget> ; # org/eclipse/jdt/ls/core/internal/handlers/JDTLanguageServer$$Lambda+0x00000000235c7480
instanceKlass  @bci org/eclipse/jdt/internal/core/index/MetaIndex addIndexEntry ([C[CLjava/lang/String;)V 18 <appendix> member <vmtarget> ; # org/eclipse/jdt/internal/core/index/MetaIndex$$Lambda+0x00000000235cc6c8
instanceKlass  @bci org/eclipse/jdt/internal/core/index/MetaIndex remove (Ljava/lang/String;)V 16 <appendix> member <vmtarget> ; # org/eclipse/jdt/internal/core/index/MetaIndex$$Lambda+0x00000000235cc488
instanceKlass org/eclipse/jdt/internal/core/index/MetaIndex
instanceKlass org/eclipse/jdt/internal/core/index/IndexQualifier
instanceKlass org/eclipse/jdt/internal/core/search/indexing/IndexManager$1
instanceKlass  @bci org/eclipse/jdt/ls/core/internal/ProjectUtils updateBinaries (Lorg/eclipse/jdt/core/IJavaProject;Ljava/util/Map;Lorg/eclipse/core/runtime/IProgressMonitor;)V 63 <appendix> argL0 ; # org/eclipse/jdt/ls/core/internal/ProjectUtils$$Lambda+0x00000000235c7258
instanceKlass  @bci org/eclipse/jdt/ls/core/internal/ProjectUtils updateBinaries (Lorg/eclipse/jdt/core/IJavaProject;Ljava/util/Map;Lorg/eclipse/core/runtime/IProgressMonitor;)V 53 <appendix> argL0 ; # org/eclipse/jdt/ls/core/internal/ProjectUtils$$Lambda+0x00000000235c7000
instanceKlass  @bci java/util/stream/Collectors toCollection (Ljava/util/function/Supplier;)Ljava/util/stream/Collector; 10 <appendix> argL0 ; # java/util/stream/Collectors$$Lambda+0x000000002344fed0
instanceKlass  @bci java/util/stream/Collectors toCollection (Ljava/util/function/Supplier;)Ljava/util/stream/Collector; 5 <appendix> argL0 ; # java/util/stream/Collectors$$Lambda+0x000000002344fc98
instanceKlass  @bci org/eclipse/jdt/ls/core/internal/ProjectUtils updateBinaries (Lorg/eclipse/jdt/core/IJavaProject;Ljava/util/Map;Lorg/eclipse/core/runtime/IProgressMonitor;)V 31 <appendix> argL0 ; # org/eclipse/jdt/ls/core/internal/ProjectUtils$$Lambda+0x00000000235c6dd8
instanceKlass  @bci org/eclipse/jdt/ls/core/internal/ProjectUtils updateBinaries (Lorg/eclipse/jdt/core/IJavaProject;Ljava/util/Map;Lorg/eclipse/core/runtime/IProgressMonitor;)V 21 <appendix> argL0 ; # org/eclipse/jdt/ls/core/internal/ProjectUtils$$Lambda+0x00000000235c6b80
instanceKlass org/codehaus/plexus/util/SelectorUtils
instanceKlass org/codehaus/plexus/util/MatchPatterns
instanceKlass org/codehaus/plexus/util/MatchPattern
instanceKlass org/codehaus/plexus/util/AbstractScanner
instanceKlass  @bci org/eclipse/jdt/ls/core/internal/ProjectUtils collectBinaries (Lorg/eclipse/core/runtime/IPath;Ljava/util/Set;Ljava/util/Set;Lorg/eclipse/core/runtime/IProgressMonitor;)Ljava/util/Set; 170 <appendix> member <vmtarget> ; # org/eclipse/jdt/ls/core/internal/ProjectUtils$$Lambda+0x00000000235c6930
instanceKlass  @bci org/eclipse/jdt/ls/core/internal/ProjectUtils collectBinaries (Lorg/eclipse/core/runtime/IPath;Ljava/util/Set;Ljava/util/Set;Lorg/eclipse/core/runtime/IProgressMonitor;)Ljava/util/Set; 23 <appendix> member <vmtarget> ; # org/eclipse/jdt/ls/core/internal/ProjectUtils$$Lambda+0x00000000235c66e0
instanceKlass  @bci java/util/stream/Collectors lambda$groupingBy$2 (Ljava/util/function/Function;Ljava/util/Map;)Ljava/util/Map; 2 <appendix> member <vmtarget> ; # java/util/stream/Collectors$$Lambda+0x000000002344fa58
instanceKlass  @bci java/util/stream/Collectors groupingBy (Ljava/util/function/Function;Ljava/util/function/Supplier;Ljava/util/stream/Collector;)Ljava/util/stream/Collector; 84 <appendix> member <vmtarget> ; # java/util/stream/Collectors$$Lambda+0x000000002344f808
instanceKlass  @bci java/util/stream/Collectors groupingBy (Ljava/util/function/Function;Ljava/util/stream/Collector;)Ljava/util/stream/Collector; 1 <appendix> argL0 ; # java/util/stream/Collectors$$Lambda+0x000000002344f5e0
instanceKlass  @bci java/util/stream/Collectors reducing (Ljava/lang/Object;Ljava/util/function/BinaryOperator;)Ljava/util/stream/Collector; 20 <appendix> argL0 ; # java/util/stream/Collectors$$Lambda+0x000000002344f398
instanceKlass  @bci java/util/stream/Collectors reducing (Ljava/lang/Object;Ljava/util/function/BinaryOperator;)Ljava/util/stream/Collector; 15 <appendix> member <vmtarget> ; # java/util/stream/Collectors$$Lambda+0x000000002344f140
instanceKlass  @bci java/util/stream/Collectors reducing (Ljava/lang/Object;Ljava/util/function/BinaryOperator;)Ljava/util/stream/Collector; 9 <appendix> member <vmtarget> ; # java/util/stream/Collectors$$Lambda+0x000000002344ef00
instanceKlass  @bci org/eclipse/jdt/internal/core/search/processing/JobManager isJobWaiting (Lorg/eclipse/jdt/internal/core/search/processing/IJob;)Z 22 <appendix> member <vmtarget> ; # org/eclipse/jdt/internal/core/search/processing/JobManager$$Lambda+0x00000000235bba58
instanceKlass  @bci java/util/stream/Collectors boxSupplier (Ljava/lang/Object;)Ljava/util/function/Supplier; 1 <appendix> member <vmtarget> ; # java/util/stream/Collectors$$Lambda+0x000000002344ecd0
instanceKlass org/eclipse/jdt/internal/core/search/indexing/IndexManager$MetaIndexUpdateRequest
instanceKlass  @bci org/eclipse/jdt/ls/core/internal/managers/UpdateClasspathJob runInWorkspace (Lorg/eclipse/core/runtime/IProgressMonitor;)Lorg/eclipse/core/runtime/IStatus; 54 <appendix> argL0 ; # org/eclipse/jdt/ls/core/internal/managers/UpdateClasspathJob$$Lambda+0x00000000235c6490
instanceKlass  @bci org/eclipse/jdt/ls/core/internal/managers/UpdateClasspathJob runInWorkspace (Lorg/eclipse/core/runtime/IProgressMonitor;)Lorg/eclipse/core/runtime/IStatus; 42 <appendix> argL0 ; # org/eclipse/jdt/ls/core/internal/managers/UpdateClasspathJob$$Lambda+0x00000000235c6248
instanceKlass org/eclipse/jdt/internal/core/jdom/CompilationUnit
instanceKlass org/eclipse/jdt/internal/core/search/indexing/SourceIndexerRequestor
instanceKlass org/eclipse/jdt/internal/core/search/indexing/AbstractIndexer
instanceKlass org/eclipse/jdt/apt/core/internal/generatedfile/GeneratedResourceChangeListener$PostChangeVisitor
instanceKlass  @bci org/eclipse/jdt/ls/core/internal/handlers/JDTLanguageServer codeAction (Lorg/eclipse/lsp4j/CodeActionParams;)Ljava/util/concurrent/CompletableFuture; 22 <appendix> member <vmtarget> ; # org/eclipse/jdt/ls/core/internal/handlers/JDTLanguageServer$$Lambda+0x00000000235c5ff8
instanceKlass org/eclipse/jdt/internal/core/DeltaProcessingState$1
instanceKlass org/eclipse/jdt/ls/core/internal/text/correction/NonProjectFixProcessor
instanceKlass org/eclipse/jdt/ls/core/internal/corrections/RefactorProcessor
instanceKlass org/eclipse/jdt/core/dom/rewrite/ImportRewrite$ImportRewriteContext
instanceKlass org/eclipse/jdt/ui/cleanup/ICleanUp
instanceKlass org/eclipse/jdt/ls/core/internal/text/correction/QuickAssistProcessor
instanceKlass org/eclipse/text/edits/TextEditGroup
instanceKlass org/eclipse/jdt/ls/core/internal/text/correction/SourceAssistProcessor
instanceKlass org/eclipse/jdt/internal/corext/fix/IProposableFix
instanceKlass org/eclipse/jdt/ui/cleanup/ICleanUpFix
instanceKlass org/eclipse/jdt/core/manipulation/ICleanUpFixCore
instanceKlass org/eclipse/jdt/internal/ui/text/correction/UnInitializedFinalFieldBaseSubProcessor
instanceKlass org/eclipse/jdt/core/manipulation/ICUCorrectionProposal
instanceKlass org/eclipse/jdt/ls/core/internal/corrections/QuickFixProcessor
instanceKlass org/eclipse/lsp4j/DiagnosticRelatedInformation
instanceKlass org/eclipse/jdt/ls/core/internal/JobHelpers$BuildJobMatcher
instanceKlass org/eclipse/jdt/ls/core/internal/handlers/IndexUtils
instanceKlass org/eclipse/lsp4j/DiagnosticCodeDescription
instanceKlass org/eclipse/jdt/ls/core/internal/framework/android/AndroidSupport
instanceKlass org/eclipse/lsp4j/Diagnostic
instanceKlass org/eclipse/jdt/ls/core/internal/framework/protobuf/ProtobufSupport
instanceKlass org/eclipse/lsp4j/CodeActionContext
instanceKlass org/eclipse/jdt/ls/core/internal/handlers/InlayHintsHandler
instanceKlass  @bci org/eclipse/jdt/ls/core/internal/handlers/JDTLanguageServer inlayHint (Lorg/eclipse/lsp4j/InlayHintParams;)Ljava/util/concurrent/CompletableFuture; 9 <appendix> member <vmtarget> ; # org/eclipse/jdt/ls/core/internal/handlers/JDTLanguageServer$$Lambda+0x00000000235be000
instanceKlass  @bci org/eclipse/jdt/ls/core/internal/semantictokens/SemanticTokensVisitor visitSimpleNameOfType (Lorg/eclipse/jdt/core/dom/Type;Lorg/eclipse/jdt/ls/core/internal/semantictokens/SemanticTokensVisitor$NodeVisitor;)V 215 <appendix> member <vmtarget> ; # org/eclipse/jdt/ls/core/internal/semantictokens/SemanticTokensVisitor$$Lambda+0x00000000235b7ce8
instanceKlass org/eclipse/lsp4j/Position
instanceKlass  @bci org/eclipse/jdt/ls/core/internal/semantictokens/SemanticTokensVisitor visit (Lorg/eclipse/jdt/core/dom/ClassInstanceCreation;)Z 29 <appendix> member <vmtarget> ; # org/eclipse/jdt/ls/core/internal/semantictokens/SemanticTokensVisitor$$Lambda+0x00000000235b7ab8
instanceKlass  @bci org/eclipse/jdt/ls/core/internal/semantictokens/SemanticTokensVisitor visit (Lorg/eclipse/jdt/core/dom/ClassInstanceCreation;)Z 14 <appendix> member <vmtarget> ; # org/eclipse/jdt/ls/core/internal/semantictokens/SemanticTokensVisitor$$Lambda+0x00000000235b7888
instanceKlass com/google/gson/JsonParser
# instanceKlass java/lang/invoke/LambdaForm$MH+0x00000000235bcc00
instanceKlass  @bci org/eclipse/jdt/ls/core/internal/semantictokens/SemanticTokensVisitor visit (Lorg/eclipse/jdt/core/dom/MethodInvocation;)Z 14 <appendix> member <vmtarget> ; # org/eclipse/jdt/ls/core/internal/semantictokens/SemanticTokensVisitor$$Lambda+0x00000000235b7658
instanceKlass  @bci org/eclipse/jdt/ls/core/internal/semantictokens/SemanticTokensVisitor typeArgumentVisitor (Lorg/eclipse/jdt/core/dom/Type;)V 3 <appendix> member <vmtarget> ; # org/eclipse/jdt/ls/core/internal/semantictokens/SemanticTokensVisitor$$Lambda+0x00000000235b7428
instanceKlass  @bci org/eclipse/jdt/ls/core/internal/semantictokens/SemanticTokensVisitor visit (Lorg/eclipse/jdt/core/dom/ParameterizedType;)Z 14 <appendix> member <vmtarget> ; # org/eclipse/jdt/ls/core/internal/semantictokens/SemanticTokensVisitor$$Lambda+0x00000000235b71f8
# instanceKlass java/lang/invoke/LambdaForm$MH+0x00000000235bc800
# instanceKlass java/lang/invoke/LambdaForm$MH+0x00000000235bc400
instanceKlass  @bci org/eclipse/jdt/ls/core/internal/semantictokens/SemanticTokensVisitor visit (Lorg/eclipse/jdt/core/dom/TypeDeclaration;)Z 20 <appendix> member <vmtarget> ; # org/eclipse/jdt/ls/core/internal/semantictokens/SemanticTokensVisitor$$Lambda+0x00000000235b6fc8
instanceKlass  @cpi org/eclipse/jdt/ls/core/internal/semantictokens/SemanticTokensVisitor 684 form vmentry <vmtarget> ; # java/lang/invoke/LambdaForm$DMH+0x00000000235bc000
instanceKlass org/eclipse/jdt/ls/core/internal/semantictokens/SemanticTokensVisitor$ScannerTokenVisitor
instanceKlass org/eclipse/jdt/core/dom/PackageBinding
instanceKlass org/eclipse/jdt/core/dom/AnnotationBinding
instanceKlass org/eclipse/jdt/core/dom/DefaultBindingResolver$AnnotationIdentityBinding
instanceKlass org/eclipse/jdt/ls/core/internal/semantictokens/SemanticTokensVisitor$SemanticToken
instanceKlass  @bci org/eclipse/jdt/ls/core/internal/semantictokens/SemanticTokensVisitor addTokenToSimpleNamesOfName (Lorg/eclipse/jdt/core/dom/Name;Lorg/eclipse/jdt/ls/core/internal/semantictokens/TokenType;)V 4 <appendix> member <vmtarget> ; # org/eclipse/jdt/ls/core/internal/semantictokens/SemanticTokensVisitor$$Lambda+0x00000000235b6b60
instanceKlass org/eclipse/jdt/ls/core/internal/semantictokens/SemanticTokensVisitor$NodeVisitor
instanceKlass org/eclipse/jdt/internal/core/util/PublicScanner
instanceKlass org/eclipse/jdt/core/compiler/ITerminalSymbols
instanceKlass org/eclipse/jdt/core/ICodeFormatter
instanceKlass org/eclipse/jdt/core/util/ClassFileBytesDisassembler
instanceKlass org/eclipse/jdt/core/util/IClassFileDisassembler
instanceKlass org/eclipse/jdt/core/util/IClassFileReader
instanceKlass org/eclipse/jdt/core/compiler/IScanner
instanceKlass org/eclipse/jdt/core/ToolFactory
instanceKlass org/eclipse/jdt/internal/compiler/flow/LoopingFlowContext$EscapingExceptionCatchSite
instanceKlass org/eclipse/jdt/internal/compiler/lookup/ElementValuePair$UnresolvedEnumConstant
instanceKlass org/eclipse/jdt/internal/core/ClassFileInfo$1
instanceKlass org/eclipse/jdt/internal/compiler/lookup/Substitution$NullSubstitution
instanceKlass org/eclipse/core/runtime/jobs/IJobStatus
# instanceKlass java/lang/invoke/LambdaForm$MH+0x00000000235b4800
instanceKlass  @bci org/eclipse/core/internal/jobs/JobManager reportBlocked (Lorg/eclipse/core/runtime/IProgressMonitor;Ljava/util/Collection;)V 6 <appendix> argL0 ; # org/eclipse/core/internal/jobs/JobManager$$Lambda+0x00000000231336d0
instanceKlass  @bci org/eclipse/jdt/ls/core/internal/JDTUtils resolveCompilationUnit (Ljava/net/URI;)Lorg/eclipse/jdt/core/ICompilationUnit; 39 <appendix> member <vmtarget> ; # org/eclipse/jdt/ls/core/internal/JDTUtils$$Lambda+0x00000000235b6910
instanceKlass org/eclipse/jdt/ls/core/internal/handlers/BaseDocumentLifeCycleHandler$DocumentMonitor
instanceKlass org/eclipse/lsp4j/jsonrpc/CompletableFutures$FutureCancelChecker
instanceKlass org/eclipse/lsp4j/jsonrpc/CompletableFutures
instanceKlass  @bci org/eclipse/jdt/ls/core/internal/BaseJDTLanguageServer computeAsync (Ljava/util/function/Function;)Ljava/util/concurrent/CompletableFuture; 2 <appendix> member <vmtarget> ; # org/eclipse/jdt/ls/core/internal/BaseJDTLanguageServer$$Lambda+0x00000000235b6498
instanceKlass  @bci org/eclipse/jdt/ls/core/internal/handlers/JDTLanguageServer semanticTokensFull (Lorg/eclipse/lsp4j/SemanticTokensParams;)Ljava/util/concurrent/CompletableFuture; 9 <appendix> member <vmtarget> ; # org/eclipse/jdt/ls/core/internal/handlers/JDTLanguageServer$$Lambda+0x00000000235b6248
instanceKlass org/eclipse/jdt/launching/environments/CompatibleEnvironment
instanceKlass org/eclipse/jdt/internal/launching/environments/ExecutionEnvironmentAnalyzer
instanceKlass org/eclipse/jdt/internal/launching/environments/Analyzer
instanceKlass org/eclipse/jdt/launching/environments/IExecutionEnvironmentAnalyzerDelegate
instanceKlass org/eclipse/jdt/internal/launching/environments/AccessRuleParticipant
instanceKlass org/eclipse/jdt/internal/launching/environments/ExecutionEnvironment$1
instanceKlass org/eclipse/jdt/launching/environments/IAccessRuleParticipant
instanceKlass org/eclipse/jdt/internal/launching/environments/ExecutionEnvironment
instanceKlass  @bci org/eclipse/jdt/internal/launching/environments/EnvironmentsManager initializeExtensions ()V 14 <appendix> argL0 ; # org/eclipse/jdt/internal/launching/environments/EnvironmentsManager$$Lambda+0x00000000233f6ac0
instanceKlass  @bci org/eclipse/jdt/internal/launching/environments/EnvironmentsManager initializeExtensions ()V 9 <appendix> member <vmtarget> ; # org/eclipse/jdt/internal/launching/environments/EnvironmentsManager$$Lambda+0x00000000233f6818
instanceKlass org/eclipse/jdt/launching/environments/IExecutionEnvironment
instanceKlass org/eclipse/jdt/internal/launching/environments/EnvironmentsManager
instanceKlass  @bci org/eclipse/jdt/launching/VMStandin init (Lorg/eclipse/jdt/launching/IVMInstall;)V 107 <appendix> member <vmtarget> ; # org/eclipse/jdt/launching/VMStandin$$Lambda+0x00000000233f62f0
instanceKlass org/eclipse/jdt/ls/core/internal/preferences/PreferenceManager$1
instanceKlass org/eclipse/jdt/internal/compiler/lookup/InferenceContext18$SuspendedInferenceRecord
instanceKlass org/eclipse/jdt/internal/compiler/lookup/Scope$2
instanceKlass org/eclipse/jdt/internal/compiler/lookup/ParameterizedMethodBinding$1
# instanceKlass java/lang/invoke/LambdaForm$MH+0x00000000235b4400
# instanceKlass java/lang/invoke/LambdaForm$MH+0x00000000235b4000
instanceKlass org/eclipse/jdt/internal/compiler/codegen/IntegerCache
instanceKlass  @bci org/eclipse/jdt/internal/compiler/lookup/Scope greaterLowerBound ([Lorg/eclipse/jdt/internal/compiler/lookup/TypeBinding;Lorg/eclipse/jdt/internal/compiler/lookup/Scope;Lorg/eclipse/jdt/internal/compiler/lookup/LookupEnvironment;)[Lorg/eclipse/jdt/internal/compiler/lookup/TypeBinding; 7 <appendix> argL0 ; # org/eclipse/jdt/internal/compiler/lookup/Scope$$Lambda+0x00000000235b1350
instanceKlass  @bci org/eclipse/jdt/internal/compiler/lookup/ParameterizedTypeBinding capture (Lorg/eclipse/jdt/internal/compiler/lookup/Scope;II)Lorg/eclipse/jdt/internal/compiler/lookup/ParameterizedTypeBinding; 163 <appendix> member <vmtarget> ; # org/eclipse/jdt/internal/compiler/lookup/ParameterizedTypeBinding$$Lambda+0x00000000235b1120
instanceKlass java/lang/invoke/TypeConvertingMethodAdapter$BoxHolder
instanceKlass  @bci org/eclipse/jdt/internal/compiler/ast/SwitchStatement$SwitchTranslator$StringSwitchTranslator initializeLabels (Lorg/eclipse/jdt/internal/compiler/codegen/CodeStream;)V 27 <appendix> argL0 ; # org/eclipse/jdt/internal/compiler/ast/SwitchStatement$SwitchTranslator$StringSwitchTranslator$$Lambda+0x00000000235abc50
instanceKlass org/eclipse/jdt/internal/compiler/ast/FakedTrackingVariable$IteratorForReporting
instanceKlass  @bci org/eclipse/jdt/internal/compiler/ast/FakedTrackingVariable markClose (Lorg/eclipse/jdt/internal/compiler/flow/FlowInfo;Lorg/eclipse/jdt/internal/compiler/flow/FlowContext;)V 3 <appendix> member <vmtarget> ; # org/eclipse/jdt/internal/compiler/ast/FakedTrackingVariable$$Lambda+0x00000000235afa58
instanceKlass  @bci org/eclipse/jdt/internal/compiler/ast/FakedTrackingVariable markNullStatus (Lorg/eclipse/jdt/internal/compiler/flow/FlowInfo;Lorg/eclipse/jdt/internal/compiler/flow/FlowContext;I)V 4 <appendix> member <vmtarget> ; # org/eclipse/jdt/internal/compiler/ast/FakedTrackingVariable$$Lambda+0x00000000235af488
instanceKlass  @cpi org/eclipse/jdt/internal/compiler/ast/FakedTrackingVariable 1046 form vmentry <vmtarget> ; # java/lang/invoke/LambdaForm$DMH+0x00000000235ab400
instanceKlass org/eclipse/jdt/internal/compiler/lookup/InferenceContext18$3
instanceKlass org/eclipse/jdt/internal/compiler/lookup/InferenceContext18$2
instanceKlass  @bci org/eclipse/jdt/internal/compiler/lookup/BoundSet properTypesByInferenceVariable ([Lorg/eclipse/jdt/internal/compiler/lookup/TypeBound;[Lorg/eclipse/jdt/internal/compiler/lookup/TypeBound;)Ljava/util/Map; 34 <appendix> argL0 ; # org/eclipse/jdt/internal/compiler/lookup/BoundSet$$Lambda+0x00000000235ae930
instanceKlass  @bci org/eclipse/jdt/internal/compiler/lookup/BoundSet properTypesByInferenceVariable ([Lorg/eclipse/jdt/internal/compiler/lookup/TypeBound;[Lorg/eclipse/jdt/internal/compiler/lookup/TypeBound;)Ljava/util/Map; 26 <appendix> argL0 ; # org/eclipse/jdt/internal/compiler/lookup/BoundSet$$Lambda+0x00000000235ae6e8
instanceKlass  @bci org/eclipse/jdt/internal/compiler/lookup/BoundSet properTypesByInferenceVariable ([Lorg/eclipse/jdt/internal/compiler/lookup/TypeBound;[Lorg/eclipse/jdt/internal/compiler/lookup/TypeBound;)Ljava/util/Map; 16 <appendix> argL0 ; # org/eclipse/jdt/internal/compiler/lookup/BoundSet$$Lambda+0x00000000235ae490
instanceKlass  @bci org/eclipse/jdt/internal/compiler/lookup/BoundSet properTypesByInferenceVariable ([Lorg/eclipse/jdt/internal/compiler/lookup/TypeBound;[Lorg/eclipse/jdt/internal/compiler/lookup/TypeBound;)Ljava/util/Map; 6 <appendix> argL0 ; # org/eclipse/jdt/internal/compiler/lookup/BoundSet$$Lambda+0x00000000235ae238
instanceKlass org/eclipse/jdt/internal/compiler/lookup/BoundSet$ThreeSets
# instanceKlass java/lang/invoke/LambdaForm$MH+0x00000000235ab000
instanceKlass org/eclipse/jdt/internal/compiler/lookup/InferenceVariable$InferenceVarKey
instanceKlass org/eclipse/jdt/internal/compiler/lookup/BoundSet
# instanceKlass java/lang/invoke/LambdaForm$MH+0x00000000235aac00
instanceKlass  @bci org/eclipse/jdt/internal/compiler/ast/FakedTrackingVariable getCloseTrackingVariable (Lorg/eclipse/jdt/internal/compiler/ast/Expression;Lorg/eclipse/jdt/internal/compiler/flow/FlowInfo;Lorg/eclipse/jdt/internal/compiler/flow/FlowContext;Z)Lorg/eclipse/jdt/internal/compiler/ast/FakedTrackingVariable; 60 <appendix> member <vmtarget> ; # org/eclipse/jdt/internal/compiler/ast/FakedTrackingVariable$$Lambda+0x00000000235ac450
# instanceKlass java/lang/invoke/LambdaForm$MH+0x00000000235aa800
# instanceKlass java/lang/invoke/LambdaForm$MH+0x00000000235aa400
# instanceKlass java/lang/invoke/LambdaForm$MH+0x00000000235aa000
# instanceKlass java/lang/invoke/LambdaForm$MH+0x00000000235a9c00
# instanceKlass java/lang/invoke/LambdaForm$MH+0x00000000235a9800
# instanceKlass java/lang/invoke/LambdaForm$MH+0x00000000235a9400
instanceKlass org/eclipse/jdt/internal/compiler/codegen/DoubleCache
instanceKlass  @bci org/eclipse/jdt/internal/compiler/ClassFile generateNestMembersAttribute ()I 20 <appendix> argL0 ; # org/eclipse/jdt/internal/compiler/ClassFile$$Lambda+0x0000000023593ac0
# instanceKlass java/lang/invoke/LambdaForm$MH+0x00000000235a9000
# instanceKlass java/lang/invoke/LambdaForm$MH+0x00000000235a8c00
# instanceKlass java/lang/invoke/LambdaForm$MH+0x00000000235a8800
# instanceKlass java/lang/invoke/LambdaForm$MH+0x00000000235a8400
# instanceKlass java/lang/invoke/LambdaForm$MH+0x00000000235a8000
# instanceKlass java/lang/invoke/LambdaForm$MH+0x000000002359ac00
# instanceKlass java/lang/invoke/LambdaForm$MH+0x000000002359a800
# instanceKlass java/lang/invoke/LambdaForm$MH+0x000000002359a400
instanceKlass  @bci org/eclipse/jdt/ls/core/internal/handlers/BaseDocumentLifeCycleHandler needInferSourceRoot (Lorg/eclipse/jdt/core/IJavaProject;Lorg/eclipse/jdt/core/ICompilationUnit;)Z 45 <appendix> argL0 ; # org/eclipse/jdt/ls/core/internal/handlers/BaseDocumentLifeCycleHandler$$Lambda+0x0000000023513ca8
instanceKlass org/eclipse/jdt/core/dom/ASTNode$NodeList$Cursor
instanceKlass org/eclipse/jdt/internal/corext/dom/TypeBindingVisitor
instanceKlass org/eclipse/jdt/internal/corext/dom/ASTNodes
instanceKlass  @bci org/eclipse/jdt/internal/compiler/ast/Javadoc resolveParamTags (Lorg/eclipse/jdt/internal/compiler/lookup/MethodScope;ZZ)V 82 <appendix> member <vmtarget> ; # org/eclipse/jdt/internal/compiler/ast/Javadoc$$Lambda+0x0000000023592f50
instanceKlass  @bci org/eclipse/jdt/ls/core/internal/handlers/WorkspaceDiagnosticsHandler toDiagnosticsArray (Lorg/eclipse/jface/text/IDocument;[Lorg/eclipse/core/resources/IMarker;Z)Ljava/util/List; 16 <appendix> form vmentry <vmtarget> ; # java/lang/invoke/LambdaForm$DMH+0x000000002359a000
instanceKlass  @bci org/eclipse/jdt/internal/compiler/ast/Javadoc resolveParamTags (Lorg/eclipse/jdt/internal/compiler/lookup/MethodScope;ZZ)V 74 <appendix> member <vmtarget> ; # org/eclipse/jdt/internal/compiler/ast/Javadoc$$Lambda+0x0000000023592d00
instanceKlass  @cpi org/eclipse/jdt/ls/core/internal/handlers/WorkspaceDiagnosticsHandler 910 form vmentry <vmtarget> ; # java/lang/invoke/LambdaForm$DMH+0x0000000023599c00
instanceKlass org/eclipse/jdt/core/dom/TypeBinding
instanceKlass org/eclipse/jdt/core/dom/PrefixExpression$Operator
# instanceKlass java/lang/invoke/LambdaForm$MH+0x0000000023599800
# instanceKlass java/lang/invoke/LambdaForm$MH+0x0000000023599400
instanceKlass org/eclipse/jdt/core/dom/PostfixExpression$Operator
instanceKlass  @bci org/eclipse/jdt/internal/compiler/ast/CaseStatement peeledLabelExpressions ()[Lorg/eclipse/jdt/internal/compiler/ast/Expression; 80 <appendix> argL0 ; # org/eclipse/jdt/internal/compiler/ast/CaseStatement$$Lambda+0x0000000023592ad8
instanceKlass org/eclipse/jdt/core/dom/MethodBinding
# instanceKlass java/lang/invoke/LambdaForm$MH+0x0000000023599000
# instanceKlass java/lang/invoke/LambdaForm$MH+0x0000000023598c00
instanceKlass org/eclipse/jdt/core/dom/Assignment$Operator
# instanceKlass java/lang/invoke/LambdaForm$MH+0x0000000023598800
# instanceKlass java/lang/invoke/LambdaForm$MH+0x0000000023598400
# instanceKlass java/lang/invoke/LambdaForm$MH+0x0000000023598000
instanceKlass org/eclipse/jdt/internal/compiler/ast/CaseStatement$LabelExpression
instanceKlass org/eclipse/jdt/internal/compiler/ast/SwitchStatement$SwitchTranslator
instanceKlass lombok/eclipse/agent/PatchValEclipse
instanceKlass lombok/eclipse/agent/PatchValEclipsePortal$Reflection
# instanceKlass java/lang/invoke/LambdaForm$MH+0x0000000023591c00
# instanceKlass java/lang/invoke/LambdaForm$MH+0x0000000023591800
instanceKlass lombok/eclipse/agent/PatchValEclipsePortal
instanceKlass lombok/launch/PatchFixesHider$ValPortal
instanceKlass lombok/launch/PatchFixesHider$PatchFixes
instanceKlass org/eclipse/jdt/core/dom/VariableBinding
# instanceKlass java/lang/invoke/LambdaForm$MH+0x0000000023591400
instanceKlass org/eclipse/jdt/core/dom/IMemberValuePairBinding
instanceKlass org/eclipse/jdt/core/dom/IAnnotationBinding
instanceKlass org/eclipse/jdt/core/dom/IVariableBinding
instanceKlass org/eclipse/jdt/core/dom/IModuleBinding
instanceKlass org/eclipse/jdt/core/dom/IPackageBinding
instanceKlass org/eclipse/jdt/core/dom/IMethodBinding
instanceKlass org/eclipse/jdt/internal/core/util/Util$BindingsToNodesMap
instanceKlass org/eclipse/jdt/core/dom/ITypeBinding
instanceKlass org/eclipse/jdt/core/dom/DefaultBindingResolver$BindingTables
instanceKlass org/eclipse/core/runtime/SlicedProgressMonitor
instanceKlass org/eclipse/jdt/internal/compiler/ClassFile$1
instanceKlass  @bci org/eclipse/jdt/internal/compiler/ClassFile addFieldAttributes (Lorg/eclipse/jdt/internal/compiler/lookup/FieldBinding;I)I 220 <appendix> member <vmtarget> ; # org/eclipse/jdt/internal/compiler/ClassFile$$Lambda+0x000000002358ed88
instanceKlass  @bci org/eclipse/jdt/internal/compiler/ClassFile addFieldAttributes (Lorg/eclipse/jdt/internal/compiler/lookup/FieldBinding;I)I 213 <appendix> member <vmtarget> ; # org/eclipse/jdt/internal/compiler/ClassFile$$Lambda+0x000000002358eb30
instanceKlass  @bci org/eclipse/core/internal/resources/File internalSetMultipleContents (Ljava/util/concurrent/ConcurrentMap;IZLorg/eclipse/core/runtime/IProgressMonitor;Ljava/util/concurrent/ExecutorService;)V 63 <adapter> ; # java/lang/invoke/LambdaForm$MH+0x0000000023591000
# instanceKlass java/lang/invoke/LambdaForm$DMH+0x0000000023590c00
instanceKlass org/eclipse/jdt/internal/compiler/ast/FunctionalExpression$1BridgeCollector
instanceKlass  @bci org/eclipse/core/internal/resources/File internalSetMultipleContents (Ljava/util/concurrent/ConcurrentMap;IZLorg/eclipse/core/runtime/IProgressMonitor;Ljava/util/concurrent/ExecutorService;)V 63 <appendix> form vmentry <vmtarget> ; # java/lang/invoke/LambdaForm$DMH+0x0000000023590800
instanceKlass  @bci org/eclipse/core/internal/resources/File internalSetMultipleContents (Ljava/util/concurrent/ConcurrentMap;IZLorg/eclipse/core/runtime/IProgressMonitor;Ljava/util/concurrent/ExecutorService;)V 63 <appendix> member <vmtarget> ; # org/eclipse/core/internal/resources/File$$Lambda+0x0000000023561048
instanceKlass  @cpi org/eclipse/core/internal/resources/File 783 form vmentry <vmtarget> ; # java/lang/invoke/LambdaForm$DMH+0x0000000023590400
instanceKlass  @bci org/eclipse/jdt/internal/compiler/ast/LambdaExpression generateCode (Lorg/eclipse/jdt/internal/compiler/ClassFile;)V 456 <appendix> argL0 ; # org/eclipse/jdt/internal/compiler/ast/LambdaExpression$$Lambda+0x000000002358e258
instanceKlass  @bci org/eclipse/core/internal/resources/Workspace createMultiple (Ljava/util/concurrent/ConcurrentMap;ILorg/eclipse/core/runtime/IProgressMonitor;Ljava/util/concurrent/ExecutorService;)V 115 <appendix> argL0 ; # org/eclipse/core/internal/resources/Workspace$$Lambda+0x0000000023560e20
instanceKlass org/eclipse/jdt/internal/compiler/lookup/SourceTypeBinding$1
instanceKlass  @bci org/eclipse/core/internal/resources/Workspace createMultiple (Ljava/util/concurrent/ConcurrentMap;ILorg/eclipse/core/runtime/IProgressMonitor;Ljava/util/concurrent/ExecutorService;)V 105 <appendix> member <vmtarget> ; # org/eclipse/core/internal/resources/Workspace$$Lambda+0x0000000023560bd0
instanceKlass  @bci org/eclipse/jdt/internal/compiler/lookup/SyntheticMethodBinding <init> (Lorg/eclipse/jdt/internal/compiler/ast/LambdaExpression;[CLorg/eclipse/jdt/internal/compiler/lookup/SourceTypeBinding;)V 153 <appendix> argL0 ; # org/eclipse/jdt/internal/compiler/lookup/SyntheticMethodBinding$$Lambda+0x000000002358db78
instanceKlass  @bci org/eclipse/jdt/internal/compiler/lookup/SyntheticMethodBinding <init> (Lorg/eclipse/jdt/internal/compiler/ast/LambdaExpression;[CLorg/eclipse/jdt/internal/compiler/lookup/SourceTypeBinding;)V 143 <appendix> argL0 ; # org/eclipse/jdt/internal/compiler/lookup/SyntheticMethodBinding$$Lambda+0x000000002358d920
instanceKlass  @bci org/eclipse/jdt/internal/compiler/lookup/SyntheticMethodBinding <init> (Lorg/eclipse/jdt/internal/compiler/ast/LambdaExpression;[CLorg/eclipse/jdt/internal/compiler/lookup/SourceTypeBinding;)V 111 <appendix> argL0 ; # org/eclipse/jdt/internal/compiler/lookup/SyntheticMethodBinding$$Lambda+0x000000002358d6c8
instanceKlass org/eclipse/jdt/internal/compiler/codegen/StackMapFrameCodeStream$ExceptionMarker
instanceKlass org/eclipse/jdt/internal/compiler/ClassFile$3
instanceKlass org/eclipse/jdt/internal/compiler/codegen/VerificationTypeInfo
instanceKlass org/eclipse/jdt/internal/compiler/codegen/StackMapFrame
instanceKlass  @bci java/util/DualPivotQuicksort sort (Ljava/util/DualPivotQuicksort$Sorter;[IIII)V 63 <appendix> argL0 ; # java/util/DualPivotQuicksort$$Lambda+0x000000002344d548
instanceKlass  @cpi java/util/DualPivotQuicksort 405 form vmentry <vmtarget> ; # java/lang/invoke/LambdaForm$DMH+0x0000000023590000
instanceKlass java/util/DualPivotQuicksort$SortOperation
instanceKlass  @bci org/eclipse/jdt/internal/compiler/ast/AbstractMethodDeclaration generateCode (Lorg/eclipse/jdt/internal/compiler/ClassFile;)V 295 <appendix> argL0 ; # org/eclipse/jdt/internal/compiler/ast/AbstractMethodDeclaration$$Lambda+0x000000002358c3e0
instanceKlass  @bci org/eclipse/jdt/internal/compiler/lookup/Scope initializeCommonTypeBindings ()Ljava/util/Map; 515 <appendix> member <vmtarget> ; # org/eclipse/jdt/internal/compiler/lookup/Scope$$Lambda+0x000000002358c1b0
instanceKlass  @bci org/eclipse/jdt/internal/compiler/lookup/Scope initializeCommonTypeBindings ()Ljava/util/Map; 492 <appendix> member <vmtarget> ; # org/eclipse/jdt/internal/compiler/lookup/Scope$$Lambda+0x000000002358bf80
instanceKlass  @bci org/eclipse/jdt/internal/compiler/lookup/Scope initializeCommonTypeBindings ()Ljava/util/Map; 469 <appendix> member <vmtarget> ; # org/eclipse/jdt/internal/compiler/lookup/Scope$$Lambda+0x000000002358bd50
instanceKlass  @bci org/eclipse/jdt/internal/compiler/lookup/Scope initializeCommonTypeBindings ()Ljava/util/Map; 446 <appendix> member <vmtarget> ; # org/eclipse/jdt/internal/compiler/lookup/Scope$$Lambda+0x000000002358bb20
instanceKlass  @bci org/eclipse/jdt/internal/compiler/lookup/Scope initializeCommonTypeBindings ()Ljava/util/Map; 423 <appendix> member <vmtarget> ; # org/eclipse/jdt/internal/compiler/lookup/Scope$$Lambda+0x000000002358b8f0
instanceKlass  @bci org/eclipse/jdt/internal/compiler/lookup/Scope initializeCommonTypeBindings ()Ljava/util/Map; 400 <appendix> member <vmtarget> ; # org/eclipse/jdt/internal/compiler/lookup/Scope$$Lambda+0x000000002358b6c0
instanceKlass  @bci org/eclipse/jdt/internal/compiler/lookup/Scope initializeCommonTypeBindings ()Ljava/util/Map; 377 <appendix> member <vmtarget> ; # org/eclipse/jdt/internal/compiler/lookup/Scope$$Lambda+0x000000002358b490
instanceKlass  @bci org/eclipse/jdt/internal/compiler/lookup/Scope initializeCommonTypeBindings ()Ljava/util/Map; 354 <appendix> member <vmtarget> ; # org/eclipse/jdt/internal/compiler/lookup/Scope$$Lambda+0x000000002358b260
instanceKlass  @bci org/eclipse/jdt/internal/compiler/lookup/Scope initializeCommonTypeBindings ()Ljava/util/Map; 331 <appendix> member <vmtarget> ; # org/eclipse/jdt/internal/compiler/lookup/Scope$$Lambda+0x000000002358b030
instanceKlass  @bci org/eclipse/jdt/internal/compiler/lookup/Scope initializeCommonTypeBindings ()Ljava/util/Map; 308 <appendix> member <vmtarget> ; # org/eclipse/jdt/internal/compiler/lookup/Scope$$Lambda+0x000000002358ae00
instanceKlass  @bci org/eclipse/jdt/internal/compiler/lookup/Scope initializeCommonTypeBindings ()Ljava/util/Map; 285 <appendix> member <vmtarget> ; # org/eclipse/jdt/internal/compiler/lookup/Scope$$Lambda+0x000000002358abd0
instanceKlass  @bci org/eclipse/jdt/internal/compiler/lookup/Scope initializeCommonTypeBindings ()Ljava/util/Map; 262 <appendix> member <vmtarget> ; # org/eclipse/jdt/internal/compiler/lookup/Scope$$Lambda+0x000000002358a9a0
instanceKlass  @bci org/eclipse/jdt/internal/compiler/lookup/Scope initializeCommonTypeBindings ()Ljava/util/Map; 239 <appendix> member <vmtarget> ; # org/eclipse/jdt/internal/compiler/lookup/Scope$$Lambda+0x000000002358a770
instanceKlass  @bci org/eclipse/jdt/internal/compiler/lookup/Scope initializeCommonTypeBindings ()Ljava/util/Map; 216 <appendix> member <vmtarget> ; # org/eclipse/jdt/internal/compiler/lookup/Scope$$Lambda+0x000000002358a540
instanceKlass  @bci org/eclipse/jdt/internal/compiler/lookup/Scope initializeCommonTypeBindings ()Ljava/util/Map; 193 <appendix> member <vmtarget> ; # org/eclipse/jdt/internal/compiler/lookup/Scope$$Lambda+0x000000002358a310
instanceKlass  @bci org/eclipse/jdt/internal/compiler/lookup/Scope initializeCommonTypeBindings ()Ljava/util/Map; 170 <appendix> member <vmtarget> ; # org/eclipse/jdt/internal/compiler/lookup/Scope$$Lambda+0x000000002358a0e0
instanceKlass  @bci org/eclipse/jdt/internal/compiler/ProcessTaskManager <init> (Lorg/eclipse/jdt/internal/compiler/Compiler;I)V 37 <appendix> member <vmtarget> ; # org/eclipse/jdt/internal/compiler/ProcessTaskManager$$Lambda+0x0000000023589eb0
instanceKlass  @bci org/eclipse/jdt/internal/compiler/lookup/Scope initializeCommonTypeBindings ()Ljava/util/Map; 147 <appendix> member <vmtarget> ; # org/eclipse/jdt/internal/compiler/lookup/Scope$$Lambda+0x0000000023589c80
instanceKlass  @bci org/eclipse/jdt/internal/compiler/lookup/Scope initializeCommonTypeBindings ()Ljava/util/Map; 124 <appendix> member <vmtarget> ; # org/eclipse/jdt/internal/compiler/lookup/Scope$$Lambda+0x0000000023589a50
instanceKlass  @bci org/eclipse/jdt/internal/compiler/lookup/Scope initializeCommonTypeBindings ()Ljava/util/Map; 101 <appendix> member <vmtarget> ; # org/eclipse/jdt/internal/compiler/lookup/Scope$$Lambda+0x0000000023589820
instanceKlass  @bci org/eclipse/jdt/internal/compiler/ProcessTaskManager <clinit> ()V 10 <appendix> argL0 ; # org/eclipse/jdt/internal/compiler/ProcessTaskManager$$Lambda+0x00000000235895f8
instanceKlass org/eclipse/jdt/internal/compiler/ProcessTaskManager
instanceKlass  @bci org/eclipse/jdt/internal/compiler/lookup/Scope initializeCommonTypeBindings ()Ljava/util/Map; 78 <appendix> member <vmtarget> ; # org/eclipse/jdt/internal/compiler/lookup/Scope$$Lambda+0x0000000023589180
instanceKlass  @bci org/eclipse/jdt/internal/compiler/lookup/Scope initializeCommonTypeBindings ()Ljava/util/Map; 55 <appendix> member <vmtarget> ; # org/eclipse/jdt/internal/compiler/lookup/Scope$$Lambda+0x0000000023588f50
instanceKlass  @bci org/eclipse/jdt/internal/compiler/lookup/Scope initializeCommonTypeBindings ()Ljava/util/Map; 32 <appendix> member <vmtarget> ; # org/eclipse/jdt/internal/compiler/lookup/Scope$$Lambda+0x0000000023588d20
instanceKlass  @bci org/eclipse/jdt/internal/compiler/ClassFile completeMethodInfo (Lorg/eclipse/jdt/internal/compiler/lookup/MethodBinding;II)V 437 <appendix> member <vmtarget> ; # org/eclipse/jdt/internal/compiler/ClassFile$$Lambda+0x00000000235886a0
instanceKlass  @bci org/eclipse/jdt/internal/compiler/ClassFile completeMethodInfo (Lorg/eclipse/jdt/internal/compiler/lookup/MethodBinding;II)V 430 <appendix> member <vmtarget> ; # org/eclipse/jdt/internal/compiler/ClassFile$$Lambda+0x0000000023588448
instanceKlass  @bci org/eclipse/jdt/internal/compiler/ClassFile generateTypeAnnotationsOnCodeAttribute ()I 245 <appendix> member <vmtarget> ; # org/eclipse/jdt/internal/compiler/ClassFile$$Lambda+0x0000000023588218
instanceKlass org/eclipse/jdt/internal/compiler/lookup/ReferenceBindingSetWrapper
instanceKlass  @bci org/eclipse/jdt/internal/compiler/ClassFile generateTypeAnnotationsOnCodeAttribute ()I 239 <appendix> member <vmtarget> ; # org/eclipse/jdt/internal/compiler/ClassFile$$Lambda+0x0000000023580c00
instanceKlass  @bci org/eclipse/jdt/internal/compiler/codegen/CodeStream exitUserScope (Lorg/eclipse/jdt/internal/compiler/lookup/BlockScope;)V 2 <appendix> argL0 ; # org/eclipse/jdt/internal/compiler/codegen/CodeStream$$Lambda+0x0000000023581ce8
instanceKlass  @bci org/eclipse/jdt/internal/compiler/ast/ConstructorDeclaration internalGenerateCode (Lorg/eclipse/jdt/internal/compiler/lookup/ClassScope;Lorg/eclipse/jdt/internal/compiler/ClassFile;)V 700 <appendix> argL0 ; # org/eclipse/jdt/internal/compiler/ast/ConstructorDeclaration$$Lambda+0x0000000023581a90
instanceKlass  @bci org/eclipse/jdt/internal/core/builder/NameEnvironment findClass (Ljava/lang/String;[CLorg/eclipse/jdt/internal/compiler/env/IModuleAwareNameEnvironment$LookupStrategy;Ljava/lang/String;)Lorg/eclipse/jdt/internal/compiler/env/NameEnvironmentAnswer; 380 <appendix> member <vmtarget> ; # org/eclipse/jdt/internal/core/builder/NameEnvironment$$Lambda+0x000000002357af30
instanceKlass org/eclipse/jdt/internal/compiler/codegen/StackMapFrameCodeStream$FramePosition
instanceKlass org/eclipse/jdt/internal/compiler/codegen/CachedIndexEntry
instanceKlass  @bci org/eclipse/jdt/internal/core/builder/NameEnvironment findClass (Ljava/lang/String;[CLorg/eclipse/jdt/internal/compiler/env/IModuleAwareNameEnvironment$LookupStrategy;Ljava/lang/String;)Lorg/eclipse/jdt/internal/compiler/env/NameEnvironmentAnswer; 339 <appendix> argL0 ; # org/eclipse/jdt/internal/core/builder/NameEnvironment$$Lambda+0x000000002357acd8
instanceKlass org/eclipse/jdt/internal/compiler/util/HashtableOfInteger
instanceKlass org/eclipse/jdt/internal/compiler/codegen/CharArrayCache
instanceKlass org/eclipse/jdt/internal/compiler/codegen/OperandStack
instanceKlass  @bci org/eclipse/jdt/internal/compiler/util/JrtFileSystem hasClassFile (Ljava/lang/String;Ljava/lang/String;)Z 92 <appendix> argL0 ; # org/eclipse/jdt/internal/compiler/util/JrtFileSystem$$Lambda+0x0000000023587d90
instanceKlass  @bci java/nio/file/Files asUncheckedRunnable (Ljava/io/Closeable;)Ljava/lang/Runnable; 1 <appendix> member <vmtarget> ; # java/nio/file/Files$$Lambda+0x000000002344cda8
instanceKlass java/nio/file/Files$2
instanceKlass org/eclipse/jdt/internal/core/builder/ModulePathEntry
instanceKlass org/eclipse/jdt/internal/compiler/ast/NullAnnotationMatching
instanceKlass org/eclipse/jdt/internal/compiler/ast/UnlikelyArgumentCheck
instanceKlass  @bci org/eclipse/jdt/internal/compiler/ast/MethodDeclaration analyseCode (Lorg/eclipse/jdt/internal/compiler/lookup/ClassScope;Lorg/eclipse/jdt/internal/compiler/flow/FlowContext;Lorg/eclipse/jdt/internal/compiler/flow/FlowInfo;)V 273 <appendix> argL0 ; # org/eclipse/jdt/internal/compiler/ast/MethodDeclaration$$Lambda+0x0000000023586570
# instanceKlass java/lang/invoke/LambdaForm$MH+0x0000000023580800
# instanceKlass java/lang/invoke/LambdaForm$MH+0x0000000023580400
instanceKlass  @bci org/eclipse/jdt/internal/compiler/lookup/ReferenceBinding getFunctionalInterfaceAbstractContracts (Lorg/eclipse/jdt/internal/compiler/lookup/Scope;Z)[Lorg/eclipse/jdt/internal/compiler/lookup/MethodBinding; 252 <appendix> argL0 ; # org/eclipse/jdt/internal/compiler/lookup/ReferenceBinding$$Lambda+0x0000000023584258
instanceKlass  @bci org/eclipse/jdt/internal/compiler/lookup/ReferenceBinding getFunctionalInterfaceAbstractContracts (Lorg/eclipse/jdt/internal/compiler/lookup/Scope;Z)[Lorg/eclipse/jdt/internal/compiler/lookup/MethodBinding; 242 <appendix> argL0 ; # org/eclipse/jdt/internal/compiler/lookup/ReferenceBinding$$Lambda+0x0000000023584000
instanceKlass  @bci org/eclipse/jdt/internal/compiler/lookup/ReferenceBinding getFunctionalInterfaceAbstractContracts (Lorg/eclipse/jdt/internal/compiler/lookup/Scope;Z)[Lorg/eclipse/jdt/internal/compiler/lookup/MethodBinding; 40 <appendix> argL0 ; # org/eclipse/jdt/internal/compiler/lookup/ReferenceBinding$$Lambda+0x00000000235799b0
instanceKlass  @bci org/eclipse/jdt/internal/compiler/lookup/ReferenceBinding getFunctionalInterfaceAbstractContracts (Lorg/eclipse/jdt/internal/compiler/lookup/Scope;Z)[Lorg/eclipse/jdt/internal/compiler/lookup/MethodBinding; 30 <appendix> argL0 ; # org/eclipse/jdt/internal/compiler/lookup/ReferenceBinding$$Lambda+0x0000000023579710
instanceKlass  @bci org/eclipse/jdt/internal/compiler/lookup/ReferenceBinding collateFunctionalInterfaceContracts (Lorg/eclipse/jdt/internal/compiler/lookup/Scope;ZLjava/util/Set;)Ljava/util/stream/Stream; 47 <appendix> member <vmtarget> ; # org/eclipse/jdt/internal/compiler/lookup/ReferenceBinding$$Lambda+0x00000000235794c0
instanceKlass  @cpi org/eclipse/jdt/internal/compiler/lookup/ReferenceBinding 1630 form vmentry <vmtarget> ; # java/lang/invoke/LambdaForm$DMH+0x0000000023580000
instanceKlass  @bci org/eclipse/jdt/internal/compiler/lookup/ReferenceBinding collateFunctionalInterfaceContracts (Lorg/eclipse/jdt/internal/compiler/lookup/Scope;ZLjava/util/Set;)Ljava/util/stream/Stream; 34 <appendix> member <vmtarget> ; # org/eclipse/jdt/internal/compiler/lookup/ReferenceBinding$$Lambda+0x0000000023579260
instanceKlass  @bci org/eclipse/jdt/internal/compiler/lookup/ReferenceBinding collateFunctionalInterfaceContracts (Lorg/eclipse/jdt/internal/compiler/lookup/Scope;ZLjava/util/Set;)Ljava/util/stream/Stream; 19 <appendix> member <vmtarget> ; # org/eclipse/jdt/internal/compiler/lookup/ReferenceBinding$$Lambda+0x0000000023579000
instanceKlass  @bci org/eclipse/jdt/internal/compiler/ast/ArrayTypeReference internalResolveType (Lorg/eclipse/jdt/internal/compiler/lookup/Scope;I)Lorg/eclipse/jdt/internal/compiler/lookup/TypeBinding; 18 <appendix> member <vmtarget> ; # org/eclipse/jdt/internal/compiler/ast/ArrayTypeReference$$Lambda+0x000000002357f2a0
instanceKlass org/eclipse/jdt/internal/compiler/parser/NullMarkdownHelper
instanceKlass org/eclipse/jdt/internal/compiler/parser/IMarkdownCommentHelper
instanceKlass lombok/core/TypeResolver
instanceKlass  @bci org/eclipse/jdt/internal/compiler/parser/Parser consumeInternalCompilationUnitWithPotentialImplicitlyDeclaredClass ()V 422 <appendix> argL0 ; # org/eclipse/jdt/internal/compiler/parser/Parser$$Lambda+0x000000002357c618
instanceKlass  @bci org/eclipse/jdt/internal/core/builder/NameEnvironment getModulesDeclaringPackage ([[C[C)[[C 167 <appendix> argL0 ; # org/eclipse/jdt/internal/core/builder/NameEnvironment$$Lambda+0x000000002357a000
instanceKlass  @bci org/eclipse/jdt/internal/core/builder/ClasspathJar getCachedPackageNames ()Ljava/util/Set; 8 <appendix> member <vmtarget> ; # org/eclipse/jdt/internal/core/builder/ClasspathJar$$Lambda+0x0000000023567c38
instanceKlass  @bci org/eclipse/jdt/internal/core/builder/NameEnvironment getModulesDeclaringPackage ([[C[C)[[C 96 <appendix> argL0 ; # org/eclipse/jdt/internal/core/builder/NameEnvironment$$Lambda+0x00000000235677c0
instanceKlass org/eclipse/jdt/internal/compiler/lookup/SortedSimpleNameVector
instanceKlass org/eclipse/jdt/internal/compiler/lookup/SortedCompoundNameVector
# instanceKlass java/lang/invoke/LambdaForm$MH+0x0000000023578c00
# instanceKlass java/lang/invoke/LambdaForm$MH+0x0000000023578800
# instanceKlass java/lang/invoke/LambdaForm$MH+0x0000000023578400
# instanceKlass java/lang/invoke/LambdaForm$MH+0x0000000023578000
instanceKlass  @bci org/eclipse/jdt/internal/compiler/ReadManager queueNextReadAhead ()Z 46 <appendix> member <vmtarget> ; # org/eclipse/jdt/internal/compiler/ReadManager$$Lambda+0x0000000023573ae0
instanceKlass  @bci org/eclipse/jdt/internal/compiler/ReadManager createExecutor (I)Ljava/util/concurrent/ExecutorService; 25 <appendix> argL0 ; # org/eclipse/jdt/internal/compiler/ReadManager$$Lambda+0x00000000235738b8
instanceKlass  @bci org/eclipse/jdt/internal/compiler/Compiler sortModuleDeclarationsFirst ([Lorg/eclipse/jdt/internal/compiler/env/ICompilationUnit;)V 1 <appendix> argL0 ; # org/eclipse/jdt/internal/compiler/Compiler$$Lambda+0x0000000023573618
instanceKlass org/eclipse/jdt/internal/compiler/util/SimpleSet
instanceKlass  @bci org/eclipse/jdt/internal/core/builder/AbstractImageBuilder compile ([Lorg/eclipse/jdt/internal/core/builder/SourceFile;[Lorg/eclipse/jdt/internal/core/builder/SourceFile;Z)V 570 <appendix> argL0 ; # org/eclipse/jdt/internal/core/builder/AbstractImageBuilder$$Lambda+0x0000000023567598
instanceKlass  @bci java/util/stream/Collectors lambda$groupingBy$0 (Ljava/util/function/Function;Ljava/util/function/Supplier;Ljava/util/function/BiConsumer;Ljava/util/Map;Ljava/lang/Object;)V 20 <appendix> member <vmtarget> ; # java/util/stream/Collectors$$Lambda+0x000000002344c6e8
instanceKlass  @bci java/util/stream/Collectors groupingBy (Ljava/util/function/Function;Ljava/util/function/Supplier;Ljava/util/stream/Collector;)Ljava/util/stream/Collector; 19 <appendix> member <vmtarget> ; # java/util/stream/Collectors$$Lambda+0x000000002344c4a8
instanceKlass  @bci org/eclipse/jdt/internal/core/builder/AbstractImageBuilder compile ([Lorg/eclipse/jdt/internal/core/builder/SourceFile;[Lorg/eclipse/jdt/internal/core/builder/SourceFile;Z)V 145 <appendix> argL0 ; # org/eclipse/jdt/internal/core/builder/AbstractImageBuilder$$Lambda+0x0000000023567370
instanceKlass  @bci org/eclipse/jdt/internal/core/builder/AbstractImageBuilder compile ([Lorg/eclipse/jdt/internal/core/builder/SourceFile;[Lorg/eclipse/jdt/internal/core/builder/SourceFile;Z)V 140 <appendix> argL0 ; # org/eclipse/jdt/internal/core/builder/AbstractImageBuilder$$Lambda+0x0000000023567128
instanceKlass org/eclipse/jdt/internal/core/builder/SourceFile
instanceKlass org/eclipse/jdt/internal/compiler/lookup/CapturingContext
instanceKlass org/eclipse/jdt/internal/core/builder/AbstractImageBuilder$1
instanceKlass  @bci org/eclipse/jdt/internal/compiler/lookup/LookupEnvironment askForType ([[CLorg/eclipse/jdt/internal/compiler/lookup/ModuleBinding;)Lorg/eclipse/jdt/internal/compiler/lookup/ReferenceBinding; 48 <appendix> member <vmtarget> ; # org/eclipse/jdt/internal/compiler/lookup/LookupEnvironment$$Lambda+0x0000000023577290
instanceKlass org/eclipse/jdt/internal/compiler/lookup/InferenceContext18
# instanceKlass java/lang/invoke/LambdaForm$MH+0x0000000023572c00
# instanceKlass java/lang/invoke/LambdaForm$MH+0x0000000023572800
# instanceKlass java/lang/invoke/LambdaForm$MH+0x0000000023572400
# instanceKlass java/lang/invoke/LambdaForm$MH+0x0000000023572000
instanceKlass lombok/launch/PatchFixesHider$Val
instanceKlass lombok/eclipse/agent/PatchExtensionMethod$Reflection
# instanceKlass java/lang/invoke/LambdaForm$MH+0x0000000023571c00
# instanceKlass java/lang/invoke/LambdaForm$MH+0x0000000023571800
# instanceKlass java/lang/invoke/LambdaForm$MH+0x0000000023571400
# instanceKlass java/lang/invoke/LambdaForm$MH+0x0000000023571000
instanceKlass lombok/eclipse/agent/PatchExtensionMethod$PostponedError
instanceKlass lombok/eclipse/agent/PatchExtensionMethod
instanceKlass lombok/launch/PatchFixesHider$ExtensionMethod
instanceKlass org/eclipse/jdt/internal/compiler/util/Sorting
instanceKlass lombok/eclipse/EcjAugments$EclipseAugments
instanceKlass lombok/launch/PatchFixesHider$FieldInitializer
instanceKlass org/eclipse/jdt/internal/compiler/ISourceElementRequestor$FieldInfo
instanceKlass org/eclipse/jdt/internal/compiler/env/EnumConstantSignature
instanceKlass org/eclipse/jdt/internal/compiler/env/ClassSignature
instanceKlass org/eclipse/jdt/internal/compiler/classfmt/TypeAnnotationWalker
instanceKlass  @bci org/eclipse/jdt/internal/compiler/lookup/TypeSystem$HashedParameterizedTypes$PTBKey <init> (Lorg/eclipse/jdt/internal/compiler/lookup/TypeSystem$HashedParameterizedTypes;Lorg/eclipse/jdt/internal/compiler/lookup/ReferenceBinding;[Lorg/eclipse/jdt/internal/compiler/lookup/TypeBinding;Lorg/eclipse/jdt/internal/compiler/lookup/ReferenceBinding;Lorg/eclipse/jdt/internal/compiler/lookup/LookupEnvironment;)V 118 <appendix> member <vmtarget> ; # org/eclipse/jdt/internal/compiler/lookup/TypeSystem$HashedParameterizedTypes$PTBKey$$Lambda+0x000000002356ab60
instanceKlass  @cpi org/eclipse/jdt/internal/compiler/lookup/TypeSystem$HashedParameterizedTypes$PTBKey 181 form vmentry <vmtarget> ; # java/lang/invoke/LambdaForm$DMH+0x0000000023570c00
instanceKlass org/eclipse/jdt/internal/core/index/EntryResult
instanceKlass org/eclipse/jdt/internal/compiler/env/AccessRuleSet
instanceKlass org/eclipse/jdt/internal/core/JavaModelManager$17
# instanceKlass java/lang/invoke/LambdaForm$MH+0x0000000023570800
instanceKlass org/eclipse/jdt/internal/compiler/lookup/ExtendedTagBits
instanceKlass lombok/eclipse/agent/PatchDelegate$EclipseOnlyMethods
# instanceKlass java/lang/invoke/LambdaForm$MH+0x0000000023570400
# instanceKlass java/lang/invoke/LambdaForm$MH+0x0000000023570000
instanceKlass lombok/eclipse/agent/PatchDelegatePortal$Reflection
instanceKlass lombok/eclipse/agent/PatchDelegate$BindingTuple
instanceKlass lombok/eclipse/agent/PatchDelegate
instanceKlass lombok/eclipse/agent/PatchDelegatePortal
instanceKlass lombok/launch/PatchFixesHider$Delegate
instanceKlass org/eclipse/core/resources/ResourceAttributes
instanceKlass org/eclipse/jdt/internal/compiler/lookup/TypeSystem$HashedParameterizedTypes$PTBKey
instanceKlass  @bci org/eclipse/jdt/internal/compiler/lookup/LookupEnvironment getTypeArgumentsFromSignature (Lorg/eclipse/jdt/internal/compiler/lookup/SignatureWrapper;[Lorg/eclipse/jdt/internal/compiler/lookup/TypeVariableBinding;Lorg/eclipse/jdt/internal/compiler/lookup/ReferenceBinding;Lorg/eclipse/jdt/internal/compiler/lookup/ReferenceBinding;[[[CLorg/eclipse/jdt/internal/compiler/env/ITypeAnnotationWalker;)[Lorg/eclipse/jdt/internal/compiler/lookup/TypeBinding; 72 <appendix> argL0 ; # org/eclipse/jdt/internal/compiler/lookup/LookupEnvironment$$Lambda+0x0000000023569278
instanceKlass org/eclipse/jdt/internal/compiler/lookup/SignatureWrapper
instanceKlass  @bci sun/nio/ch/FileChannelImpl transferToDirectInternal (JILjava/nio/channels/WritableByteChannel;)J 49 <appendix> member <vmtarget> ; # sun/nio/ch/FileChannelImpl$$TypeSwitch+0x000000002344c298
instanceKlass org/eclipse/jdt/internal/compiler/lookup/AnnotationHolder
instanceKlass org/eclipse/jdt/internal/compiler/env/ITypeAnnotationWalker$1
instanceKlass org/eclipse/jdt/internal/compiler/lookup/LookupEnvironment$GlobalDataMemento
instanceKlass org/eclipse/core/internal/localstore/CopyVisitor
instanceKlass org/eclipse/jdt/internal/compiler/classfmt/ElementValuePairInfo
instanceKlass org/eclipse/core/internal/localstore/BlobStore
instanceKlass org/eclipse/jdt/internal/compiler/classfmt/JavaBinaryNames
instanceKlass org/eclipse/jdt/internal/core/nd/java/model/BinaryTypeDescriptor
instanceKlass org/eclipse/jdt/internal/core/nd/util/CharArrayUtils
instanceKlass  @bci org/eclipse/jdt/internal/core/NameLookup findType (Ljava/lang/String;Ljava/lang/String;ZIZZZLorg/eclipse/core/runtime/IProgressMonitor;[Lorg/eclipse/jdt/core/IPackageFragmentRoot;I)Lorg/eclipse/jdt/internal/core/NameLookup$Answer; 286 <appendix> member <vmtarget> ; # org/eclipse/jdt/internal/core/NameLookup$$Lambda+0x0000000023559a10
instanceKlass org/eclipse/core/internal/localstore/HistoryStore2
instanceKlass org/eclipse/jdt/internal/core/JavadocContents
instanceKlass org/eclipse/jdt/internal/core/IJavadocContents
instanceKlass org/eclipse/jdt/internal/core/ExternalJavadocSupport
instanceKlass org/eclipse/jdt/internal/core/builder/BatchImageBuilder$3
instanceKlass org/eclipse/jdt/internal/core/SingleTypeRequestor
instanceKlass  @bci org/eclipse/jdt/internal/compiler/lookup/CompilationUnitScope checkAndSetImports ()V 280 <appendix> member <vmtarget> ; # org/eclipse/jdt/internal/compiler/lookup/CompilationUnitScope$$Lambda+0x000000002355ad30
instanceKlass  @bci java/util/function/Predicate negate ()Ljava/util/function/Predicate; 1 <appendix> member <vmtarget> ; # java/util/function/Predicate$$Lambda+0x000000002344c038
instanceKlass  @cpi java/util/function/Predicate 75 form vmentry <vmtarget> ; # java/lang/invoke/LambdaForm$DMH+0x0000000023559400
instanceKlass  @bci org/eclipse/jdt/internal/compiler/lookup/CompilationUnitScope checkAndSetImports ()V 265 <appendix> argL0 ; # org/eclipse/jdt/internal/compiler/lookup/CompilationUnitScope$$Lambda+0x000000002355aad8
instanceKlass  @cpi org/eclipse/jdt/internal/core/search/matching/JavaSearchNameEnvironment 851 form vmentry <vmtarget> ; # java/lang/invoke/LambdaForm$DMH+0x0000000023559000
instanceKlass  @bci org/eclipse/jdt/internal/compiler/lookup/ModuleBinding collectTransitiveDependencies (Ljava/util/Set;)V 6 <appendix> member <vmtarget> ; # org/eclipse/jdt/internal/compiler/lookup/ModuleBinding$$Lambda+0x000000002355a698
instanceKlass  @bci org/eclipse/jdt/internal/compiler/lookup/ModuleBinding lambda$6 ()Ljava/util/Collection; 15 <appendix> argL0 ; # org/eclipse/jdt/internal/compiler/lookup/ModuleBinding$$Lambda+0x000000002355a460
instanceKlass  @cpi org/eclipse/jdt/ls/core/internal/corext/template/java/PostfixTemplateEngine 526 form vmentry <vmtarget> ; # java/lang/invoke/LambdaForm$DMH+0x0000000023558c00
instanceKlass  @bci org/eclipse/jdt/internal/compiler/lookup/ModuleBinding lambda$6 ()Ljava/util/Collection; 10 <appendix> argL0 ; # org/eclipse/jdt/internal/compiler/lookup/ModuleBinding$$Lambda+0x000000002355a228
instanceKlass  @bci org/eclipse/jdt/internal/compiler/lookup/ModuleBinding lambda$6 ()Ljava/util/Collection; 5 <appendix> argL0 ; # org/eclipse/jdt/internal/compiler/lookup/ModuleBinding$$Lambda+0x000000002355a000
instanceKlass  @bci org/eclipse/jdt/internal/compiler/lookup/ModuleBinding dependencyCollector ()Ljava/util/function/Supplier; 1 <appendix> member <vmtarget> ; # org/eclipse/jdt/internal/compiler/lookup/ModuleBinding$$Lambda+0x000000002355fbb0
instanceKlass  @bci org/eclipse/jdt/internal/compiler/lookup/LookupEnvironment askForType (Lorg/eclipse/jdt/internal/compiler/lookup/PackageBinding;[CLorg/eclipse/jdt/internal/compiler/lookup/ModuleBinding;)Lorg/eclipse/jdt/internal/compiler/lookup/ReferenceBinding; 63 <appendix> member <vmtarget> ; # org/eclipse/jdt/internal/compiler/lookup/LookupEnvironment$$Lambda+0x000000002355f760
instanceKlass org/eclipse/jdt/internal/compiler/env/NameEnvironmentAnswer
instanceKlass org/eclipse/jdt/internal/compiler/util/CharArrayHashMap
instanceKlass org/eclipse/jdt/internal/compiler/env/ITypeAnnotationWalker
instanceKlass org/eclipse/jdt/internal/compiler/lookup/BinaryTypeBinding$VariableBindingInitialization
instanceKlass org/eclipse/jdt/internal/core/NameLookup$Answer
instanceKlass  @bci org/eclipse/jdt/internal/core/NameLookup seekModule ([CZLorg/eclipse/jdt/internal/core/IJavaElementRequestor;)V 161 <appendix> member <vmtarget> ; # org/eclipse/jdt/internal/core/NameLookup$$Lambda+0x0000000023555ba0
instanceKlass  @bci org/eclipse/jdt/internal/core/NameLookup seekModule ([CZLorg/eclipse/jdt/internal/core/IJavaElementRequestor;)V 46 <appendix> argL0 ; # org/eclipse/jdt/internal/core/NameLookup$$Lambda+0x0000000023555978
instanceKlass org/eclipse/jdt/internal/core/NameLookup$IPrefixMatcherCharArray
instanceKlass org/eclipse/jdt/internal/core/JavaElementRequestor
instanceKlass org/eclipse/jdt/internal/compiler/util/HashtableOfType
instanceKlass  @bci org/eclipse/core/internal/filesystem/local/LocalFile lambda$2 (Lorg/eclipse/core/internal/filesystem/local/InfiniteProgress;Ljava/util/concurrent/ExecutorService;Ljava/util/List;Ljava/nio/file/Path;)V 6 <appendix> member <vmtarget> ; # org/eclipse/core/internal/filesystem/local/LocalFile$$Lambda+0x00000000231a7440
instanceKlass  @bci org/eclipse/core/internal/filesystem/local/LocalFile internalDelete (Ljava/io/File;Lorg/eclipse/core/internal/filesystem/local/InfiniteProgress;Ljava/util/concurrent/ExecutorService;)Lorg/eclipse/core/runtime/IStatus; 107 <appendix> member <vmtarget> ; # org/eclipse/core/internal/filesystem/local/LocalFile$$Lambda+0x00000000231a7200
instanceKlass  @bci org/eclipse/jdt/internal/compiler/lookup/ModuleBinding combineWithPackagesFromOtherRelevantModules (Lorg/eclipse/jdt/internal/compiler/lookup/PackageBinding;[[C[[C)Lorg/eclipse/jdt/internal/compiler/lookup/PackageBinding; 20 <appendix> member <vmtarget> ; # org/eclipse/jdt/internal/compiler/lookup/ModuleBinding$$Lambda+0x000000002355cdb8
instanceKlass  @bci org/eclipse/jdt/internal/compiler/lookup/ModuleBinding otherRelevantModules ([[C)Ljava/util/List; 43 <appendix> argL0 ; # org/eclipse/jdt/internal/compiler/lookup/ModuleBinding$$Lambda+0x000000002355cb60
instanceKlass  @bci org/eclipse/jdt/internal/compiler/lookup/ModuleBinding otherRelevantModules ([[C)Ljava/util/List; 33 <appendix> member <vmtarget> ; # org/eclipse/jdt/internal/compiler/lookup/ModuleBinding$$Lambda+0x000000002355c910
instanceKlass  @bci org/eclipse/jdt/internal/compiler/lookup/ModuleBinding otherRelevantModules ([[C)Ljava/util/List; 22 <appendix> argL0 ; # org/eclipse/jdt/internal/compiler/lookup/ModuleBinding$$Lambda+0x000000002355c6b8
instanceKlass  @bci org/eclipse/jdt/internal/core/SearchableEnvironment getModuleDescription ([Lorg/eclipse/jdt/core/IPackageFragmentRoot;)Lorg/eclipse/jdt/core/IModuleDescription; 56 <appendix> member <vmtarget> ; # org/eclipse/jdt/internal/core/SearchableEnvironment$$Lambda+0x0000000023555038
instanceKlass org/eclipse/core/internal/localstore/DeleteVisitor
instanceKlass  @bci org/eclipse/jdt/internal/compiler/env/IModuleAwareNameEnvironment$LookupStrategy matches (Ljava/lang/Object;Ljava/util/function/Predicate;)Z 3 <appendix> argL0 ; # org/eclipse/jdt/internal/compiler/env/IModuleAwareNameEnvironment$LookupStrategy$$Lambda+0x000000002355c460
instanceKlass org/eclipse/core/internal/localstore/UnifiedTreeNode
instanceKlass  @bci org/eclipse/jdt/internal/core/SearchableEnvironment getModulesDeclaringPackage ([[C[C)[[C 332 <appendix> member <vmtarget> ; # org/eclipse/jdt/internal/core/SearchableEnvironment$$Lambda+0x0000000023554dd8
instanceKlass org/eclipse/core/internal/localstore/UnifiedTree
instanceKlass  @bci org/eclipse/jdt/internal/core/SearchableEnvironment getModulesDeclaringPackage ([[C[C)[[C 28 <appendix> argL0 ; # org/eclipse/jdt/internal/core/SearchableEnvironment$$Lambda+0x0000000023554bb0
instanceKlass  @bci org/eclipse/jdt/internal/core/SearchableEnvironment getModulesDeclaringPackage ([[C[C)[[C 18 <appendix> argL0 ; # org/eclipse/jdt/internal/core/SearchableEnvironment$$Lambda+0x0000000023554968
instanceKlass  @bci org/eclipse/core/internal/resources/Workspace countResources (Lorg/eclipse/core/runtime/IPath;IZ)I 61 <appendix> member <vmtarget> ; # org/eclipse/core/internal/resources/Workspace$$Lambda+0x000000002353e350
instanceKlass  @cpi org/eclipse/core/internal/resources/Workspace 2639 form vmentry <vmtarget> ; # java/lang/invoke/LambdaForm$DMH+0x0000000023558800
# instanceKlass java/lang/invoke/LambdaForm$MH+0x0000000023558400
instanceKlass org/eclipse/core/internal/resources/MarkerManager$1
instanceKlass org/eclipse/jdt/core/dom/CompilationUnitResolver$2
instanceKlass org/eclipse/jdt/core/dom/CompilationUnitResolver$1
instanceKlass org/eclipse/core/internal/filesystem/local/InfiniteProgress
instanceKlass org/eclipse/core/internal/resources/MoveDeleteHook
instanceKlass org/eclipse/core/internal/resources/ResourceTree
instanceKlass org/eclipse/core/internal/resources/MarkerDelta
instanceKlass  @bci org/eclipse/core/internal/resources/MarkerManager visitorRemoveMarkers (Lorg/eclipse/core/runtime/IPath;Ljava/lang/String;Z)V 3 <appendix> member <vmtarget> ; # org/eclipse/core/internal/resources/MarkerManager$$Lambda+0x000000002353d600
instanceKlass  @cpi org/eclipse/core/internal/resources/MarkerManager 677 form vmentry <vmtarget> ; # java/lang/invoke/LambdaForm$DMH+0x0000000023558000
instanceKlass org/eclipse/jdt/internal/core/builder/WorkQueue
instanceKlass org/eclipse/jdt/internal/compiler/impl/CompilerStats
instanceKlass  @bci org/eclipse/jdt/internal/core/SearchableEnvironment <init> (Lorg/eclipse/jdt/internal/core/JavaProject;[Lorg/eclipse/jdt/core/ICompilationUnit;ZI)V 149 <appendix> argL0 ; # org/eclipse/jdt/internal/core/SearchableEnvironment$$Lambda+0x000000002354fc90
instanceKlass org/eclipse/jdt/internal/compiler/util/HashtableOfModule
instanceKlass org/eclipse/jdt/internal/compiler/lookup/TypeSystem$HashedParameterizedTypes
instanceKlass  @bci org/eclipse/jdt/internal/core/SearchableEnvironment <init> (Lorg/eclipse/jdt/internal/core/JavaProject;[Lorg/eclipse/jdt/core/ICompilationUnit;ZI)V 82 <appendix> member <vmtarget> ; # org/eclipse/jdt/internal/core/SearchableEnvironment$$Lambda+0x000000002354fa60
instanceKlass  @bci org/eclipse/jdt/internal/core/CompilationUnit getTypes ()[Lorg/eclipse/jdt/core/IType; 8 <appendix> argL0 ; # org/eclipse/jdt/internal/core/CompilationUnit$$Lambda+0x000000002354f838
instanceKlass org/eclipse/jdt/internal/compiler/ClassFilePool
instanceKlass org/eclipse/jdt/internal/compiler/util/CharArrayMap
instanceKlass org/eclipse/jdt/internal/compiler/util/CharDelegateMap
instanceKlass org/eclipse/jdt/internal/compiler/util/CharArrayMapper
instanceKlass org/eclipse/jdt/internal/core/util/HashtableOfArrayToObject
instanceKlass org/eclipse/jdt/internal/core/JavaProjectElementInfo$ProjectCache
instanceKlass org/eclipse/jdt/internal/compiler/lookup/ImplicitNullAnnotationVerifier
instanceKlass org/eclipse/jdt/internal/compiler/lookup/TypeSystem
instanceKlass org/eclipse/jdt/internal/compiler/lookup/LookupEnvironment
instanceKlass org/eclipse/jdt/internal/compiler/lookup/ProblemReasons
instanceKlass org/eclipse/jdt/internal/core/util/HashSetOfArray
instanceKlass org/eclipse/jdt/internal/compiler/DefaultCompilerFactory
instanceKlass  @bci org/eclipse/jdt/internal/core/builder/BatchImageBuilder createExecutor (I)Ljava/util/concurrent/ThreadPoolExecutor; 19 <appendix> argL0 ; # org/eclipse/jdt/internal/core/builder/BatchImageBuilder$$Lambda+0x000000002354e910
instanceKlass org/eclipse/jdt/internal/core/search/IRestrictedAccessConstructorRequestor
instanceKlass org/eclipse/core/resources/IResourceVisitor
instanceKlass org/eclipse/jdt/internal/core/SearchableEnvironment
instanceKlass org/eclipse/jdt/core/search/IJavaSearchConstants
instanceKlass org/eclipse/jdt/core/compiler/CompilationProgress
instanceKlass org/eclipse/jdt/internal/compiler/ICompilerFactory
instanceKlass org/eclipse/jdt/core/compiler/BuildContext
instanceKlass org/eclipse/jdt/internal/core/builder/AbstractImageBuilder
instanceKlass org/eclipse/jdt/internal/core/builder/ICompilationUnitLocator
instanceKlass java/lang/invoke/MethodHandleImpl$CountingWrapper$1
instanceKlass  @bci org/eclipse/jdt/internal/compiler/util/SortedCharArrays <clinit> ()V 8 <appendix> argL0 ; # org/eclipse/jdt/internal/compiler/util/SortedCharArrays$$Lambda+0x000000002354a000
instanceKlass  @bci org/eclipse/jdt/internal/compiler/util/SortedCharArrays <clinit> ()V 0 <appendix> argL0 ; # org/eclipse/jdt/internal/compiler/util/SortedCharArrays$$Lambda+0x000000002352bd60
instanceKlass org/eclipse/jdt/internal/compiler/util/SortedCharArrays
instanceKlass org/eclipse/jdt/internal/core/builder/NameSet
instanceKlass org/eclipse/jdt/internal/core/builder/QualifiedNameSet
instanceKlass org/eclipse/jdt/internal/core/builder/TypeLocators
instanceKlass org/eclipse/jdt/internal/core/builder/CompressedReader
instanceKlass org/eclipse/jdt/internal/core/builder/ReferenceCollection
instanceKlass  @bci org/eclipse/jdt/core/dom/ASTParser checkForSystemLibrary (Ljava/util/List;)V 49 <appendix> argL0 ; # org/eclipse/jdt/core/dom/ASTParser$$Lambda+0x000000002354c2c0
instanceKlass org/eclipse/jdt/internal/compiler/batch/FileSystem$Classpath
instanceKlass org/eclipse/jdt/internal/core/builder/State
instanceKlass org/eclipse/jdt/core/manipulation/CoreASTProvider$1
# instanceKlass java/lang/invoke/LambdaForm$MH+0x0000000023548400
# instanceKlass java/lang/invoke/LambdaForm$MH+0x0000000023548000
# instanceKlass java/lang/invoke/LambdaForm$MH+0x0000000023541c00
# instanceKlass java/lang/invoke/LambdaForm$MH+0x0000000023541800
# instanceKlass java/lang/invoke/LambdaForm$MH+0x0000000023541400
# instanceKlass java/lang/invoke/LambdaForm$MH+0x0000000023541000
instanceKlass  @bci org/eclipse/jdt/internal/core/builder/ClasspathJrt selectModules (Ljava/util/Set;Ljava/util/Collection;)Ljava/util/Collection; 55 <appendix> member <vmtarget> ; # org/eclipse/jdt/internal/core/builder/ClasspathJrt$$Lambda+0x0000000023537070
instanceKlass  @bci org/eclipse/jdt/internal/core/builder/ClasspathJrt selectModules (Ljava/util/Set;Ljava/util/Collection;)Ljava/util/Collection; 49 <appendix> argL0 ; # org/eclipse/jdt/internal/core/builder/ClasspathJrt$$Lambda+0x0000000023536e28
instanceKlass org/eclipse/jdt/internal/compiler/env/IUpdatableModule$UpdatesByKind
instanceKlass org/eclipse/jdt/internal/core/builder/ClasspathJrt$1
instanceKlass  @bci org/eclipse/jdt/internal/core/builder/ClasspathJrt loadModules (Lorg/eclipse/jdt/internal/core/builder/ClasspathJrt;)V 15 <appendix> member <vmtarget> ; # org/eclipse/jdt/internal/core/builder/ClasspathJrt$$Lambda+0x0000000023536978
instanceKlass org/eclipse/jdt/internal/core/builder/ModuleEntryProcessor
instanceKlass org/eclipse/jdt/internal/core/ModuleUpdater
instanceKlass org/eclipse/jdt/internal/compiler/env/IMultiModuleEntry
instanceKlass org/eclipse/jdt/internal/core/builder/NameEnvironment
instanceKlass org/eclipse/jdt/internal/compiler/env/IModuleAwareNameEnvironment
instanceKlass org/eclipse/jface/text/Line
instanceKlass org/eclipse/jface/text/DocumentEvent
instanceKlass org/eclipse/core/filebuffers/IDocumentSetupParticipant
instanceKlass org/eclipse/jface/text/Position
instanceKlass org/eclipse/jface/text/DefaultPositionUpdater
instanceKlass org/eclipse/jface/text/AbstractLineTracker$DelimiterInfo
instanceKlass org/eclipse/jface/text/AbstractLineTracker$SessionData
instanceKlass org/eclipse/jface/text/ListLineTracker
instanceKlass org/eclipse/jface/text/AbstractLineTracker
instanceKlass org/eclipse/jface/text/ILineTrackerExtension
instanceKlass org/eclipse/jdt/apt/core/util/AptPreferenceConstants
instanceKlass org/eclipse/jface/text/CopyOnWriteTextStore$StringTextStore
instanceKlass org/eclipse/jface/text/GapTextStore
instanceKlass org/eclipse/jface/text/CopyOnWriteTextStore
instanceKlass org/eclipse/jface/text/ILineTracker
instanceKlass org/eclipse/jface/text/ITextStore
instanceKlass org/eclipse/jface/text/IPositionUpdater
instanceKlass org/eclipse/jface/text/ITypedRegion
instanceKlass org/eclipse/jdt/apt/core/internal/generatedfile/GeneratedResourceChangeListener
instanceKlass org/eclipse/jface/text/AbstractDocument
instanceKlass org/eclipse/jface/text/IRepairableDocumentExtension
instanceKlass org/eclipse/jface/text/IRepairableDocument
instanceKlass org/eclipse/jdt/apt/core/util/IFactoryPath
instanceKlass org/eclipse/jface/text/IDocumentExtension4
instanceKlass org/eclipse/jface/text/IDocumentExtension3
instanceKlass org/eclipse/jface/text/IDocumentExtension2
instanceKlass org/eclipse/jdt/apt/core/util/AptConfig
instanceKlass org/eclipse/jface/text/IDocumentExtension
instanceKlass javax/annotation/processing/Processor
instanceKlass org/eclipse/jface/text/ISynchronizable
instanceKlass org/eclipse/core/internal/filebuffers/ExtensionsRegistry$ContentTypeAdapter
instanceKlass org/eclipse/jdt/apt/core/internal/AptCompilationParticipantExtensionFactory
instanceKlass org/eclipse/core/internal/filebuffers/ResourceFileBuffer$SafeFileChange
instanceKlass org/eclipse/core/internal/filebuffers/ResourceFileBuffer$FileSynchronizer
instanceKlass org/eclipse/core/internal/filebuffers/ResourceTextFileBuffer$DocumentListener
instanceKlass org/eclipse/jdt/internal/core/JavaModelManager$CompilationParticipants$1
instanceKlass org/eclipse/jdt/core/compiler/CompilationParticipant
instanceKlass org/eclipse/jdt/internal/core/JavaModelManager$CompilationParticipants$2
instanceKlass org/eclipse/core/filebuffers/LocationKind
instanceKlass  @bci org/eclipse/jdt/internal/core/builder/JavaBuilder build (ILjava/util/Map;Lorg/eclipse/core/runtime/IProgressMonitor;)[Lorg/eclipse/core/resources/IProject; 82 <appendix> member <vmtarget> ; # org/eclipse/jdt/internal/core/builder/JavaBuilder$$Lambda+0x0000000023534298
instanceKlass org/eclipse/core/internal/filebuffers/ExtensionsRegistry
instanceKlass org/eclipse/jdt/internal/core/builder/BuildNotifier
instanceKlass org/eclipse/core/internal/events/BuildManager$2
instanceKlass org/eclipse/core/filebuffers/ITextFileBuffer
instanceKlass  @bci org/eclipse/core/internal/events/BuildManager$DeltaCache computeIfAbsent (Lorg/eclipse/core/runtime/IPath;Lorg/eclipse/core/internal/watson/ElementTree;Lorg/eclipse/core/internal/watson/ElementTree;Ljava/util/function/Supplier;)Ljava/lang/Object; 48 <appendix> member <vmtarget> ; # org/eclipse/core/internal/events/BuildManager$DeltaCache$$Lambda+0x000000002353d168
instanceKlass  @bci org/eclipse/core/internal/events/BuildManager getDeltaCached (Lorg/eclipse/core/resources/IProject;Lorg/eclipse/core/internal/watson/ElementTree;Lorg/eclipse/core/internal/watson/ElementTree;)Lorg/eclipse/core/resources/IResourceDelta; 22 <appendix> member <vmtarget> ; # org/eclipse/core/internal/events/BuildManager$$Lambda+0x000000002353cf38
instanceKlass org/eclipse/core/internal/filebuffers/AbstractFileBuffer
instanceKlass org/eclipse/core/filebuffers/IStateValidationSupport
instanceKlass org/eclipse/core/filebuffers/IFileBuffer
instanceKlass org/eclipse/core/internal/filebuffers/TextFileBufferManager
instanceKlass org/eclipse/core/internal/events/BuildManager$1
instanceKlass org/eclipse/core/internal/events/BuildContext
instanceKlass org/eclipse/core/internal/resources/Workspace$ProjectBuildConfigOrder
instanceKlass org/eclipse/core/internal/resources/ComputeProjectOrder$VertexOrder
instanceKlass org/eclipse/core/internal/resources/ComputeProjectOrder$Digraph$Vertex
instanceKlass org/eclipse/core/internal/resources/ComputeProjectOrder$Digraph
instanceKlass org/eclipse/core/internal/filebuffers/FileBuffersPlugin
instanceKlass org/eclipse/core/filebuffers/ITextFileBufferManager
instanceKlass org/eclipse/core/filebuffers/IFileBufferManager
instanceKlass org/eclipse/core/internal/resources/ComputeProjectOrder
instanceKlass org/eclipse/core/filebuffers/FileBuffers
instanceKlass  @bci org/eclipse/jdt/internal/core/DynamicProjectReferences getDependentProjects (Lorg/eclipse/core/resources/IBuildConfiguration;)Ljava/util/List; 62 <appendix> member <vmtarget> ; # org/eclipse/jdt/internal/core/DynamicProjectReferences$$Lambda+0x0000000023533dc0
instanceKlass org/eclipse/jdt/ls/core/internal/DocumentAdapter$NullBuffer
instanceKlass org/eclipse/jdt/internal/core/DynamicProjectReferences
instanceKlass org/eclipse/core/resources/IDynamicReferenceProvider
instanceKlass org/eclipse/jdt/ls/core/internal/DocumentAdapter
instanceKlass org/eclipse/jface/text/IDocumentListener
instanceKlass org/eclipse/core/internal/resources/Workspace$BuildConfigurationComparator
instanceKlass org/eclipse/jdt/internal/core/JavaModelManager$PerWorkingCopyInfo
instanceKlass lombok/eclipse/Eclipse
instanceKlass lombok/core/AST
instanceKlass lombok/eclipse/handlers/EclipseHandlerUtil
instanceKlass lombok/eclipse/EcjAugments$EclipseAugments
instanceKlass lombok/eclipse/agent/PatchDelegate$EclipseOnlyMethods
instanceKlass lombok/eclipse/agent/PatchDelegatePortal$Reflection
instanceKlass org/eclipse/jdt/internal/core/Buffer$1
instanceKlass org/eclipse/jdt/core/Flags
instanceKlass  @bci org/eclipse/jdt/ls/core/internal/contentassist/CompletionProposalUtils addStaticImportsAsFavoriteImports (Lorg/eclipse/jdt/core/ICompilationUnit;)V 19 <appendix> argL0 ; # org/eclipse/jdt/ls/core/internal/contentassist/CompletionProposalUtils$$Lambda+0x0000000023513360
instanceKlass  @bci org/eclipse/jdt/ls/core/internal/contentassist/CompletionProposalUtils addStaticImportsAsFavoriteImports (Lorg/eclipse/jdt/core/ICompilationUnit;)V 9 <appendix> argL0 ; # org/eclipse/jdt/ls/core/internal/contentassist/CompletionProposalUtils$$Lambda+0x0000000023513108
instanceKlass org/eclipse/jdt/internal/compiler/ClassFile
instanceKlass  @bci org/eclipse/jdt/internal/core/CompilationUnitStructureRequestor getChildren (Ljava/lang/Object;)[Lorg/eclipse/jdt/core/IJavaElement; 17 <appendix> argL0 ; # org/eclipse/jdt/internal/core/CompilationUnitStructureRequestor$$Lambda+0x00000000235327e8
instanceKlass org/eclipse/jdt/internal/compiler/ISourceElementRequestor$ParameterInfo
instanceKlass org/eclipse/jdt/internal/compiler/ISourceElementRequestor$MethodInfo
instanceKlass org/eclipse/jdt/internal/compiler/ExtraFlags
instanceKlass org/eclipse/jdt/internal/compiler/ISourceElementRequestor$TypeInfo
instanceKlass  @bci org/eclipse/jdt/internal/compiler/ast/TypeDeclaration protoFieldDeclarations ()[Lorg/eclipse/jdt/internal/compiler/ast/AbstractVariableDeclaration; 30 <appendix> argL0 ; # org/eclipse/jdt/internal/compiler/ast/TypeDeclaration$$Lambda+0x00000000235293f8
instanceKlass org/eclipse/jdt/internal/compiler/env/ISourceImport
instanceKlass lombok/var
instanceKlass lombok/val
instanceKlass lombok/core/AST$FieldAccess
instanceKlass lombok/core/configuration/FileSystemSourceCache$Content
instanceKlass lombok/core/configuration/ConfigurationFile
instanceKlass org/eclipse/jdt/internal/compiler/SourceElementNotifier
instanceKlass org/eclipse/jdt/internal/compiler/util/HashtableOfObjectToInt
instanceKlass org/eclipse/jdt/internal/compiler/DefaultErrorHandlingPolicies$1
instanceKlass  @bci org/eclipse/jdt/ls/core/internal/preferences/ClientPreferences isSupportedCodeActionKind (Ljava/lang/String;)Z 102 <appendix> member <vmtarget> ; # org/eclipse/jdt/ls/core/internal/preferences/ClientPreferences$$Lambda+0x0000000023512ea8
instanceKlass org/eclipse/jdt/internal/compiler/env/ISourceMethod
instanceKlass org/eclipse/jdt/ls/core/internal/handlers/ResponseStore
instanceKlass org/eclipse/jdt/core/manipulation/ChangeCorrectionProposalCore
instanceKlass org/eclipse/jdt/core/IInitializer
instanceKlass org/eclipse/ltk/core/refactoring/Change
instanceKlass org/eclipse/jdt/ui/text/java/IInvocationContext
instanceKlass org/eclipse/jdt/core/IMemberValuePair
instanceKlass org/eclipse/jdt/internal/compiler/env/ISourceModule
instanceKlass org/eclipse/ltk/internal/core/refactoring/history/RefactoringHistorySerializer
instanceKlass  @bci org/eclipse/ltk/internal/core/refactoring/history/RefactoringHistoryService connect ()V 42 <appendix> member <vmtarget> ; # org/eclipse/ltk/internal/core/refactoring/history/RefactoringHistoryService$$Lambda+0x000000002351ec18
instanceKlass org/eclipse/jdt/internal/compiler/env/ISourceField
instanceKlass org/eclipse/core/commands/operations/IUndoableOperation
instanceKlass org/eclipse/core/commands/operations/DefaultOperationHistory
instanceKlass org/eclipse/core/commands/operations/IOperationHistory
instanceKlass org/eclipse/core/commands/operations/OperationHistoryFactory
instanceKlass  @bci org/eclipse/ltk/internal/core/refactoring/history/RefactoringHistoryService connect ()V 20 <appendix> member <vmtarget> ; # org/eclipse/ltk/internal/core/refactoring/history/RefactoringHistoryService$$Lambda+0x000000002351e9e8
instanceKlass org/eclipse/core/commands/operations/OperationHistoryEvent
instanceKlass org/eclipse/core/commands/operations/IOperationHistoryListener
instanceKlass org/eclipse/ltk/internal/core/refactoring/history/RefactoringHistoryService
instanceKlass org/eclipse/ltk/core/refactoring/history/IRefactoringHistoryService
instanceKlass  @bci org/eclipse/core/internal/content/ContentTypeMatcher findContentTypeFor (Ljava/lang/String;)Lorg/eclipse/core/runtime/content/IContentType; 12 <appendix> member <vmtarget> ; # org/eclipse/core/internal/content/ContentTypeMatcher$$Lambda+0x0000000023406220
instanceKlass  @bci org/eclipse/core/internal/content/ContentTypeCatalog selectMatchingByName (Lorg/eclipse/core/runtime/preferences/IScopeContext;Ljava/util/Collection;Ljava/util/Collection;Ljava/lang/String;I)Ljava/util/Set; 61 <adapter> ; # java/lang/invoke/LambdaForm$MH+0x000000002351d400
# instanceKlass java/lang/invoke/LambdaForm$DMH+0x000000002351d000
instanceKlass org/eclipse/ltk/core/refactoring/RefactoringDescriptor
instanceKlass  @bci org/eclipse/core/internal/content/ContentTypeCatalog selectMatchingByName (Lorg/eclipse/core/runtime/preferences/IScopeContext;Ljava/util/Collection;Ljava/util/Collection;Ljava/lang/String;I)Ljava/util/Set; 61 <appendix> form vmentry <vmtarget> ; # java/lang/invoke/LambdaForm$DMH+0x000000002351cc00
instanceKlass  @bci org/eclipse/core/internal/content/ContentTypeCatalog selectMatchingByName (Lorg/eclipse/core/runtime/preferences/IScopeContext;Ljava/util/Collection;Ljava/util/Collection;Ljava/lang/String;I)Ljava/util/Set; 61 <appendix> member <vmtarget> ; # org/eclipse/core/internal/content/ContentTypeCatalog$$Lambda+0x0000000023405bf0
instanceKlass org/eclipse/ltk/internal/core/refactoring/history/RefactoringContributionManager
instanceKlass  @cpi org/eclipse/core/internal/content/ContentTypeCatalog 783 form vmentry <vmtarget> ; # java/lang/invoke/LambdaForm$DMH+0x000000002351c800
instanceKlass org/eclipse/ltk/core/refactoring/IUndoManager
instanceKlass org/eclipse/core/internal/content/ContentTypeVisitor
instanceKlass org/eclipse/core/commands/operations/IUndoContext
instanceKlass org/eclipse/ltk/core/refactoring/history/IRefactoringHistoryListener
instanceKlass org/eclipse/jdt/internal/core/Buffer
instanceKlass org/eclipse/jdt/ls/core/internal/contentassist/CompletionProposalUtils
instanceKlass org/eclipse/jdt/ls/core/internal/handlers/CompletionHandler$2
instanceKlass org/eclipse/jdt/ls/core/internal/handlers/CompletionHandler$1
instanceKlass org/eclipse/jdt/ls/core/internal/handlers/CompletionHandler
instanceKlass org/eclipse/core/resources/filtermatchers/AbstractFileInfoMatcher
instanceKlass org/eclipse/core/internal/resources/Filter
instanceKlass  @bci org/eclipse/core/internal/resources/AliasManager findResources (Lorg/eclipse/core/filesystem/IFileStore;)[Lorg/eclipse/core/resources/IResource; 14 <appendix> member <vmtarget> ; # org/eclipse/core/internal/resources/AliasManager$$Lambda+0x0000000023216e68
instanceKlass  @bci org/eclipse/jdt/ls/core/internal/JDTUtils findFile (Ljava/lang/String;)Lorg/eclipse/core/resources/IFile; 17 <appendix> member <vmtarget> ; # org/eclipse/jdt/ls/core/internal/JDTUtils$$Lambda+0x0000000023510fc0
instanceKlass org/eclipse/lsp4j/Registration
instanceKlass  @bci org/eclipse/jdt/ls/core/internal/ProjectUtils getJavaProjects ()[Lorg/eclipse/jdt/core/IJavaProject; 36 <appendix> argL0 ; # org/eclipse/jdt/ls/core/internal/ProjectUtils$$Lambda+0x0000000023510d98
instanceKlass  @bci org/eclipse/jdt/ls/core/internal/ProjectUtils getJavaProjects ()[Lorg/eclipse/jdt/core/IJavaProject; 26 <appendix> argL0 ; # org/eclipse/jdt/ls/core/internal/ProjectUtils$$Lambda+0x0000000023510b40
instanceKlass org/eclipse/lsp4j/TextDocumentItem
instanceKlass  @bci org/eclipse/jdt/ls/core/internal/ProjectUtils getJavaProjects ()[Lorg/eclipse/jdt/core/IJavaProject; 16 <appendix> argL0 ; # org/eclipse/jdt/ls/core/internal/ProjectUtils$$Lambda+0x00000000235108f8
instanceKlass  @bci org/eclipse/jdt/ls/core/internal/ProjectUtils getJavaProjects ()[Lorg/eclipse/jdt/core/IJavaProject; 6 <appendix> argL0 ; # org/eclipse/jdt/ls/core/internal/ProjectUtils$$Lambda+0x00000000235106a0
instanceKlass org/eclipse/core/resources/IResourceStatus
instanceKlass org/eclipse/buildship/core/internal/workspace/SynchronizingBuildScriptUpdateListener$1
instanceKlass org/eclipse/buildship/core/internal/workspace/ProjectChangeListener$1
instanceKlass org/eclipse/debug/internal/core/IInternalDebugCoreConstants
instanceKlass org/eclipse/debug/internal/core/Preferences
instanceKlass org/eclipse/debug/core/commands/IDebugCommandRequest
instanceKlass org/eclipse/debug/core/IRequest
instanceKlass org/eclipse/debug/internal/core/StepFilterManager
instanceKlass org/eclipse/debug/core/ILaunchListener
instanceKlass org/eclipse/debug/internal/core/LaunchManager$LaunchManagerVisitor
instanceKlass org/eclipse/jdt/internal/core/DeltaProcessor$OutputsInfo
instanceKlass org/eclipse/jdt/internal/core/ClasspathAttributeDelta
instanceKlass org/eclipse/jdt/core/IClasspathAttributeDelta
instanceKlass org/eclipse/jdt/internal/core/BufferManager$1
instanceKlass org/eclipse/jdt/internal/core/JavaElementDelta$Key
instanceKlass org/eclipse/jdt/internal/core/SimpleDelta
instanceKlass org/eclipse/core/internal/resources/ProjectNatureDescriptor
instanceKlass  @bci org/eclipse/core/internal/resources/CheckMissingNaturesListener resourceChanged (Lorg/eclipse/core/resources/IResourceChangeEvent;)V 25 <appendix> member <vmtarget> ; # org/eclipse/core/internal/resources/CheckMissingNaturesListener$$Lambda+0x0000000023216098
instanceKlass  @bci org/eclipse/core/internal/events/ResourceChangeListenerList getListeners ()[Lorg/eclipse/core/internal/events/ResourceChangeListenerList$ListenerEntry; 4 <appendix> argL0 ; # org/eclipse/core/internal/events/ResourceChangeListenerList$$Lambda+0x0000000023215e70
instanceKlass org/eclipse/jdt/ls/core/internal/handlers/CodeLensPreferenceChangeListener
instanceKlass org/eclipse/jdt/ls/core/internal/handlers/InlayHintsPreferenceChangeListener
instanceKlass  @bci org/eclipse/jdt/ls/core/internal/managers/StandardProjectsManager registerListeners ()V 46 <appendix> member <vmtarget> ; # org/eclipse/jdt/ls/core/internal/managers/StandardProjectsManager$$Lambda+0x0000000023510000
instanceKlass org/eclipse/jdt/ls/core/internal/managers/StandardProjectsManager$3
instanceKlass  @bci org/eclipse/jdt/ls/core/internal/managers/ProjectsManager configureFilters (Lorg/eclipse/core/runtime/IProgressMonitor;)V 106 <appendix> argL0 ; # org/eclipse/jdt/ls/core/internal/managers/ProjectsManager$$Lambda+0x000000002350ea60
instanceKlass org/eclipse/lsp4j/WorkDoneProgressEnd
instanceKlass  @bci org/eclipse/jdt/ls/core/internal/ProjectUtils getMaxProjectProblemSeverity ()I 84 <appendix> member <vmtarget> ; # org/eclipse/jdt/ls/core/internal/ProjectUtils$$Lambda+0x000000002350e800
instanceKlass  @bci org/eclipse/jdt/ls/core/internal/ResourceUtils findMarkers (Lorg/eclipse/core/resources/IResource;[Ljava/lang/Integer;)Ljava/util/List; 43 <appendix> member <vmtarget> ; # org/eclipse/jdt/ls/core/internal/ResourceUtils$$Lambda+0x0000000023493d38
instanceKlass  @bci org/eclipse/core/internal/resources/MarkerManager visitorFindMarkers (Lorg/eclipse/core/runtime/IPath;Ljava/util/ArrayList;Ljava/lang/String;Z)V 5 <appendix> member <vmtarget> ; # org/eclipse/core/internal/resources/MarkerManager$$Lambda+0x00000000232156c8
instanceKlass  @cpi org/eclipse/core/internal/resources/MarkerManager 672 form vmentry <vmtarget> ; # java/lang/invoke/LambdaForm$DMH+0x000000002350e400
instanceKlass org/eclipse/jdt/ls/core/internal/managers/UpdateClasspathJob$UpdateClasspathRequest
instanceKlass org/eclipse/core/internal/utils/BitMask
instanceKlass org/eclipse/jdt/internal/compiler/util/GenericXMLWriter$1
instanceKlass org/eclipse/jdt/internal/core/JavaModelManager$InvalidArchiveInfo
instanceKlass org/eclipse/jdt/internal/core/UserLibraryClasspathContainer
instanceKlass org/eclipse/jdt/internal/core/ClasspathValidation
instanceKlass org/eclipse/jdt/internal/core/ExternalFolderChange
instanceKlass  @bci org/eclipse/jdt/ls/core/internal/ProjectUtils resolveClassPathEntries (Lorg/eclipse/jdt/core/IJavaProject;Ljava/util/Map;Ljava/util/List;Lorg/eclipse/core/runtime/IPath;)[Lorg/eclipse/jdt/core/IClasspathEntry; 100 <appendix> argL0 ; # org/eclipse/jdt/ls/core/internal/ProjectUtils$$Lambda+0x0000000023493518
instanceKlass  @bci org/eclipse/jdt/ls/core/internal/ProjectUtils resolveSourceClasspathEntries (Lorg/eclipse/jdt/core/IJavaProject;Ljava/util/Map;Ljava/util/List;Lorg/eclipse/core/runtime/IPath;)[Lorg/eclipse/jdt/core/IClasspathEntry; 515 <appendix> argL0 ; # org/eclipse/jdt/ls/core/internal/ProjectUtils$$Lambda+0x00000000234932f0
instanceKlass  @bci org/eclipse/jdt/ls/core/internal/ProjectUtils resolveSourceClasspathEntries (Lorg/eclipse/jdt/core/IJavaProject;Ljava/util/Map;Ljava/util/List;Lorg/eclipse/core/runtime/IPath;)[Lorg/eclipse/jdt/core/IClasspathEntry; 439 <appendix> argL0 ; # org/eclipse/jdt/ls/core/internal/ProjectUtils$$Lambda+0x00000000234930c8
instanceKlass  @bci org/eclipse/jdt/ls/core/internal/ProjectUtils resolveSourceClasspathEntries (Lorg/eclipse/jdt/core/IJavaProject;Ljava/util/Map;Ljava/util/List;Lorg/eclipse/core/runtime/IPath;)[Lorg/eclipse/jdt/core/IClasspathEntry; 89 <appendix> argL0 ; # org/eclipse/jdt/ls/core/internal/ProjectUtils$$Lambda+0x0000000023492e28
instanceKlass  @bci org/eclipse/jdt/ls/core/internal/managers/InvisibleProjectImporter getExcludingPath (Lorg/eclipse/jdt/core/IJavaProject;Lorg/eclipse/core/runtime/IPath;Lorg/eclipse/core/resources/IFolder;)Ljava/util/List; 75 <appendix> member <vmtarget> ; # org/eclipse/jdt/ls/core/internal/managers/InvisibleProjectImporter$$Lambda+0x0000000023492bd8
instanceKlass org/eclipse/jdt/core/dom/DefaultCommentMapper
instanceKlass  @bci org/eclipse/jdt/core/dom/ASTConverter convert (Lorg/eclipse/jdt/internal/compiler/ast/Javadoc;Lorg/eclipse/jdt/core/dom/BodyDeclaration;)V 19 <appendix> member <vmtarget> ; # org/eclipse/jdt/core/dom/ASTConverter$$Lambda+0x000000002350a2e0
instanceKlass  @bci org/eclipse/jdt/core/dom/ASTConverter convert (Lorg/eclipse/jdt/internal/compiler/ast/Javadoc;Lorg/eclipse/jdt/core/dom/BodyDeclaration;)V 8 <appendix> member <vmtarget> ; # org/eclipse/jdt/core/dom/ASTConverter$$Lambda+0x000000002350a0b0
instanceKlass  @bci org/eclipse/jdt/core/dom/ASTConverter convert (Lorg/eclipse/jdt/internal/compiler/ast/Javadoc;Lorg/eclipse/jdt/core/dom/PackageDeclaration;)V 31 <appendix> member <vmtarget> ; # org/eclipse/jdt/core/dom/ASTConverter$$Lambda+0x0000000023509a80
instanceKlass  @bci org/eclipse/jdt/core/dom/ASTConverter convert (Lorg/eclipse/jdt/internal/compiler/ast/Javadoc;Lorg/eclipse/jdt/core/dom/PackageDeclaration;)V 20 <appendix> member <vmtarget> ; # org/eclipse/jdt/core/dom/ASTConverter$$Lambda+0x0000000023509850
instanceKlass lombok/eclipse/agent/PatchDiagnostics
# instanceKlass java/lang/invoke/LambdaForm$MH+0x000000002350e000
instanceKlass lombok/permit/Permit$Fake
instanceKlass lombok/permit/Permit
instanceKlass lombok/core/FieldAugment
instanceKlass lombok/eclipse/EcjAugments
instanceKlass org/eclipse/jdt/core/dom/Message
instanceKlass org/eclipse/jdt/internal/compiler/DefaultErrorHandlingPolicies$5
instanceKlass  @bci org/eclipse/jdt/internal/compiler/parser/Scanner$Goal <clinit> ()V 468 <appendix> argL0 ; # org/eclipse/jdt/internal/compiler/parser/Scanner$Goal$$Lambda+0x00000000234fe310
instanceKlass java/util/stream/Nodes$IntArrayNode
instanceKlass java/util/stream/Node$Builder$OfInt
instanceKlass  @bci java/util/stream/IntPipeline toArray ()[I 1 <appendix> argL0 ; # java/util/stream/IntPipeline$$Lambda+0x0000000023448298
instanceKlass  @bci org/eclipse/jdt/internal/compiler/parser/Scanner$Goal <clinit> ()V 444 <appendix> argL0 ; # org/eclipse/jdt/internal/compiler/parser/Scanner$Goal$$Lambda+0x00000000234fe0e8
instanceKlass org/eclipse/jdt/internal/compiler/parser/Scanner$Goal
instanceKlass lombok/eclipse/agent/PatchVal
instanceKlass org/eclipse/jdt/core/dom/ModuleModifier$ModuleModifierKeyword
instanceKlass org/eclipse/jdt/core/dom/InfixExpression$Operator
instanceKlass org/eclipse/jdt/core/dom/PrimitiveType$Code
instanceKlass org/eclipse/jdt/core/dom/ASTConverter$ISetJavaDoc
instanceKlass org/eclipse/jdt/core/dom/ASTConverter$IGetJavaDoc
instanceKlass org/eclipse/jdt/core/dom/ASTConverter
instanceKlass lombok/patcher/scripts/WrapMethodCallScript$1
instanceKlass org/eclipse/jdt/internal/compiler/ReadManager
instanceKlass lombok/eclipse/agent/PatchValEclipse$Reflection
# instanceKlass java/lang/invoke/LambdaForm$MH+0x00000000234ecc00
# instanceKlass java/lang/invoke/LambdaForm$MH+0x00000000234ec800
instanceKlass org/eclipse/jdt/core/dom/Modifier$ModifierKeyword
instanceKlass org/eclipse/jdt/core/dom/IExtendedModifier
instanceKlass lombok/eclipse/agent/PatchValEclipse
instanceKlass lombok/eclipse/agent/PatchValEclipsePortal$Reflection
# instanceKlass java/lang/invoke/LambdaForm$MH+0x00000000234ec400
# instanceKlass java/lang/invoke/LambdaForm$MH+0x00000000234ec000
instanceKlass lombok/eclipse/agent/PatchValEclipsePortal
instanceKlass lombok/launch/PatchFixesHider$ValPortal
instanceKlass org/eclipse/jdt/internal/compiler/codegen/AnnotationContext
instanceKlass lombok/eclipse/EclipseAstProblemView
instanceKlass lombok/eclipse/EclipseAST$EcjReflectionCheck
instanceKlass lombok/core/LombokImmutableList$1
instanceKlass  @bci java/util/regex/Pattern ALL ()Ljava/util/regex/Pattern$CharPredicate; 0 <appendix> argL0 ; # java/util/regex/Pattern$$Lambda+0x0000000023447b10
instanceKlass org/eclipse/jdt/internal/compiler/codegen/CodeStream
instanceKlass lombok/eclipse/handlers/EclipseHandlerUtil
instanceKlass lombok/eclipse/EclipseImportList
instanceKlass lombok/core/debug/DebugSnapshotStore
instanceKlass lombok/core/configuration/BubblingConfigurationResolver
instanceKlass lombok/core/LombokConfiguration$3
instanceKlass lombok/core/configuration/FileSystemSourceCache$1
instanceKlass lombok/core/configuration/ConfigurationProblemReporter$1
instanceKlass lombok/core/configuration/ConfigurationProblemReporter
instanceKlass lombok/core/configuration/ConfigurationParser
instanceKlass lombok/core/configuration/ConfigurationFileToSource
instanceKlass lombok/core/configuration/FileSystemSourceCache
instanceKlass lombok/core/LombokConfiguration$1
instanceKlass lombok/core/configuration/ConfigurationResolverFactory
instanceKlass lombok/core/configuration/ConfigurationResolver
instanceKlass lombok/core/LombokConfiguration
instanceKlass lombok/eclipse/EclipseAST$EclipseWorkspaceBasedFileResolver
instanceKlass lombok/core/ImportList
instanceKlass lombok/core/FieldAugment
instanceKlass lombok/eclipse/EcjAugments
instanceKlass lombok/patcher/Symbols
# instanceKlass java/lang/invoke/LambdaForm$MH+0x00000000234dc800
# instanceKlass java/lang/invoke/LambdaForm$MH+0x00000000234dc400
# instanceKlass java/lang/invoke/LambdaForm$MH+0x00000000234dc000
instanceKlass lombok/core/AST
instanceKlass org/eclipse/jdt/internal/compiler/util/HashSetOfInt
instanceKlass org/eclipse/jdt/internal/compiler/parser/NLSTag
instanceKlass lombok/eclipse/HandlerLibrary$VisitorContainer
instanceKlass lombok/experimental/WithBy
instanceKlass lombok/With
instanceKlass lombok/Value
instanceKlass lombok/eclipse/EclipseASTAdapter
instanceKlass lombok/experimental/UtilityClass
instanceKlass lombok/ToString
instanceKlass lombok/Synchronized
instanceKlass lombok/experimental/SuperBuilder
instanceKlass lombok/eclipse/handlers/EclipseSingularsRecipes$StatementMaker
instanceKlass lombok/eclipse/handlers/EclipseSingularsRecipes$TypeReferenceMaker
instanceKlass lombok/eclipse/handlers/HandleBuilder$BuilderJob
instanceKlass lombok/experimental/StandardException
instanceKlass lombok/SneakyThrows
instanceKlass lombok/Setter
instanceKlass lombok/core/PrintAST
instanceKlass lombok/NonNull
instanceKlass lombok/extern/slf4j/XSlf4j
instanceKlass lombok/extern/slf4j/Slf4j
instanceKlass lombok/extern/log4j/Log4j
instanceKlass lombok/extern/log4j/Log4j2
instanceKlass lombok/extern/java/Log
instanceKlass lombok/extern/jbosslog/JBossLog
instanceKlass lombok/extern/flogger/Flogger
instanceKlass lombok/CustomLog
instanceKlass lombok/extern/apachecommons/CommonsLog
instanceKlass lombok/Locked$Write
instanceKlass lombok/Locked$Read
instanceKlass lombok/Locked
instanceKlass lombok/extern/jackson/Jacksonized
instanceKlass lombok/experimental/Helper
instanceKlass lombok/Getter
instanceKlass lombok/experimental/FieldNameConstants
instanceKlass lombok/core/LombokImmutableList
instanceKlass lombok/core/JavaIdentifiers
instanceKlass lombok/experimental/ExtensionMethod
instanceKlass lombok/EqualsAndHashCode
instanceKlass lombok/experimental/Delegate
instanceKlass lombok/Data
instanceKlass org/eclipse/jdt/internal/compiler/impl/Constant
instanceKlass org/eclipse/jdt/internal/compiler/codegen/Label
instanceKlass lombok/eclipse/Eclipse
instanceKlass lombok/RequiredArgsConstructor
instanceKlass lombok/NoArgsConstructor
instanceKlass lombok/AllArgsConstructor
instanceKlass lombok/Cleanup
instanceKlass lombok/Builder$Default
instanceKlass lombok/Builder
instanceKlass lombok/eclipse/handlers/HandleConstructor
instanceKlass lombok/core/LombokInternalAliasing
instanceKlass lombok/core/HandlerPriority
instanceKlass lombok/eclipse/DeferUntilPostDiet
instanceKlass lombok/eclipse/HandlerLibrary$AnnotationHandlerContainer
instanceKlass lombok/experimental/Accessors
instanceKlass lombok/eclipse/EclipseAnnotationHandler
instanceKlass lombok/core/SpiLoadUtil$1$1
instanceKlass lombok/core/SpiLoadUtil$1
instanceKlass java/util/Vector$1
instanceKlass lombok/core/SpiLoadUtil
instanceKlass lombok/core/configuration/ConfigurationKeysLoader
instanceKlass lombok/core/configuration/CheckerFrameworkVersion
instanceKlass lombok/core/configuration/TypeName
instanceKlass lombok/core/configuration/LogDeclaration
instanceKlass lombok/core/configuration/IdentifierName
instanceKlass lombok/core/configuration/ConfigurationDataType$6
instanceKlass lombok/core/configuration/ConfigurationDataType$7
instanceKlass lombok/core/configuration/NullAnnotationLibrary
instanceKlass lombok/core/configuration/ConfigurationValueType
instanceKlass lombok/core/configuration/ConfigurationDataType$5
instanceKlass lombok/core/configuration/ConfigurationDataType$4
instanceKlass lombok/core/configuration/ConfigurationDataType$3
instanceKlass lombok/core/configuration/ConfigurationDataType$2
instanceKlass lombok/core/configuration/ConfigurationDataType$1
instanceKlass lombok/core/configuration/ConfigurationValueParser
instanceKlass lombok/core/configuration/ConfigurationDataType
instanceKlass lombok/core/configuration/ConfigurationKey
instanceKlass lombok/ConfigurationKeys
instanceKlass lombok/core/configuration/ConfigurationKeysLoader$LoaderLoader
instanceKlass lombok/core/TypeLibrary
instanceKlass lombok/eclipse/HandlerLibrary
instanceKlass lombok/eclipse/EclipseASTVisitor
instanceKlass lombok/eclipse/TransformEclipseAST
instanceKlass lombok/core/LombokNode
instanceKlass lombok/core/DiagnosticsReceiver
instanceKlass lombok/launch/PackageShader
instanceKlass lombok/launch/Main
instanceKlass lombok/launch/PatchFixesHider$Transform
instanceKlass org/eclipse/jdt/internal/compiler/flow/FlowContext
instanceKlass org/eclipse/jdt/internal/compiler/flow/FlowInfo
instanceKlass org/eclipse/jdt/internal/compiler/util/Messages
instanceKlass org/eclipse/jdt/internal/compiler/ast/CompilationUnitDeclaration$1
instanceKlass org/eclipse/jdt/internal/compiler/lookup/Scope$Substitutor
instanceKlass org/eclipse/jdt/internal/compiler/CompilationResult$1
instanceKlass org/eclipse/jdt/internal/compiler/ast/IJavadocTypeReference
instanceKlass org/eclipse/jdt/internal/compiler/parser/AbstractCommentParser
instanceKlass org/eclipse/jdt/internal/compiler/parser/JavadocTagConstants
instanceKlass org/eclipse/jdt/core/compiler/CategorizedProblem
instanceKlass org/eclipse/jdt/internal/compiler/problem/DefaultProblemFactory
instanceKlass org/eclipse/jdt/internal/compiler/DefaultErrorHandlingPolicies$4
instanceKlass org/eclipse/jdt/internal/compiler/DefaultErrorHandlingPolicies
instanceKlass lombok/permit/Permit$Fake
instanceKlass lombok/permit/Permit
instanceKlass lombok/launch/PatchFixesHider$Util
instanceKlass lombok/launch/PatchFixesHider$ModuleClassLoading
instanceKlass org/eclipse/jdt/internal/compiler/parser/RecoveredElement
instanceKlass org/eclipse/jdt/internal/compiler/ast/IGenerateTypeCheck
instanceKlass org/eclipse/jdt/internal/compiler/batch/Main$ResourceBundleFactory
instanceKlass  @bci jdk/internal/reflect/MethodHandleIntegerFieldAccessorImpl getInt (Ljava/lang/Object;)I 11 <adapter> ; # java/lang/invoke/LambdaForm$MH+0x0000000023490400
instanceKlass org/eclipse/jdt/internal/compiler/util/HashtableOfInt
instanceKlass org/eclipse/jdt/internal/compiler/batch/Main$Logger
instanceKlass org/eclipse/jdt/internal/compiler/batch/FileSystem$ClasspathSectionProblemReporter
instanceKlass org/eclipse/jdt/internal/compiler/batch/Main
instanceKlass org/eclipse/jdt/internal/core/BasicCompilationUnit
instanceKlass org/eclipse/jdt/internal/core/JavaModelManager$ZipCache
instanceKlass  @bci org/eclipse/jdt/core/dom/ASTParser internalCreateAST (Lorg/eclipse/core/runtime/IProgressMonitor;)Lorg/eclipse/jdt/core/dom/ASTNode; 2 <appendix> member <vmtarget> ; # org/eclipse/jdt/core/dom/ASTParser$$Lambda+0x000000002349a770
instanceKlass org/eclipse/jdt/core/JavaCore$JavaCallable
instanceKlass org/eclipse/jdt/core/dom/CompilationUnitResolver$ECJCompilationUnitResolver
instanceKlass org/eclipse/jdt/internal/compiler/IErrorHandlingPolicy
instanceKlass org/eclipse/jdt/internal/core/INameEnvironmentWithProgress
instanceKlass org/eclipse/jdt/internal/compiler/env/INameEnvironmentExtension
instanceKlass org/eclipse/jdt/internal/core/dom/ICompilationUnitResolver
instanceKlass org/eclipse/jdt/core/dom/CompilationUnitResolverDiscovery
instanceKlass org/eclipse/jdt/internal/core/dom/util/DOMASTUtil
instanceKlass org/eclipse/jdt/core/dom/ASTRequestor
instanceKlass org/eclipse/jdt/core/dom/ASTParser
instanceKlass org/eclipse/jdt/core/dom/BindingResolver
instanceKlass org/eclipse/jdt/core/dom/NodeEventHandler
instanceKlass org/eclipse/jdt/core/dom/AST
instanceKlass org/eclipse/jdt/internal/corext/dom/IASTSharedValues
instanceKlass org/eclipse/core/runtime/URIUtil
instanceKlass org/eclipse/jdt/core/dom/IDocElement
instanceKlass org/eclipse/jdt/ls/core/internal/JDTUtils
instanceKlass  @bci org/eclipse/jdt/ls/core/internal/managers/InvisibleProjectImporter importToWorkspace (Lorg/eclipse/core/runtime/IProgressMonitor;)V 86 <appendix> member <vmtarget> ; # org/eclipse/jdt/ls/core/internal/managers/InvisibleProjectImporter$$Lambda+0x0000000023436fc8
instanceKlass org/eclipse/jdt/internal/compiler/classfmt/ExternalAnnotationDecorator$ZipFileProducer
instanceKlass  @bci org/eclipse/jdt/ls/core/internal/managers/ProjectsManager cleanupResources (Lorg/eclipse/core/resources/IProject;)V 42 <appendix> member <vmtarget> ; # org/eclipse/jdt/ls/core/internal/managers/ProjectsManager$$Lambda+0x0000000023436d88
instanceKlass  @bci org/eclipse/jdt/ls/core/internal/managers/ProjectsManager cleanupResources (Lorg/eclipse/core/resources/IProject;)V 31 <appendix> member <vmtarget> ; # org/eclipse/jdt/ls/core/internal/managers/ProjectsManager$$Lambda+0x0000000023436b38
instanceKlass  @bci org/eclipse/jdt/ls/core/internal/managers/ProjectsManager cleanupResources (Lorg/eclipse/core/resources/IProject;)V 20 <appendix> member <vmtarget> ; # org/eclipse/jdt/ls/core/internal/managers/ProjectsManager$$Lambda+0x00000000234368d8
instanceKlass org/eclipse/jdt/internal/core/util/LRUCache$LRUCacheEntry
instanceKlass org/eclipse/jdt/internal/core/util/ILRUCacheable
instanceKlass org/eclipse/jdt/core/IImportDeclaration
instanceKlass org/eclipse/jdt/core/IImportContainer
instanceKlass org/eclipse/jdt/core/IPackageDeclaration
instanceKlass org/eclipse/jdt/internal/core/JavaProject$ModuleLookup
instanceKlass org/eclipse/jdt/internal/compiler/codegen/ConstantPool
instanceKlass org/eclipse/jdt/internal/compiler/classfmt/ClassFileConstants
# instanceKlass java/lang/invoke/LambdaForm$MH+0x0000000023490000
instanceKlass org/eclipse/jdt/internal/compiler/env/IBinaryElementValuePair
instanceKlass org/eclipse/jdt/internal/compiler/classfmt/ModuleInfo$ServiceInfo
instanceKlass org/eclipse/jdt/internal/compiler/classfmt/ModuleInfo$PackageExportInfo
instanceKlass org/eclipse/jdt/internal/compiler/classfmt/ModuleInfo$ModuleReferenceInfo
instanceKlass org/eclipse/jdt/internal/compiler/env/IModule$IService
instanceKlass org/eclipse/jdt/internal/compiler/env/IModule$IModuleReference
instanceKlass org/eclipse/jdt/internal/compiler/env/IModule$IPackageExport
instanceKlass org/eclipse/jdt/internal/compiler/codegen/AttributeNamesConstants
instanceKlass org/eclipse/jdt/internal/compiler/env/IBinaryNestedType
instanceKlass org/eclipse/jdt/internal/compiler/env/IBinaryModule
instanceKlass org/eclipse/jdt/internal/compiler/env/IBinaryTypeAnnotation
instanceKlass org/eclipse/jdt/internal/compiler/env/IBinaryAnnotation
instanceKlass org/eclipse/jdt/internal/compiler/env/IRecordComponent
instanceKlass org/eclipse/jdt/internal/compiler/env/IBinaryMethod
instanceKlass org/eclipse/jdt/internal/compiler/env/IGenericMethod
instanceKlass org/eclipse/jdt/internal/compiler/env/IBinaryField
instanceKlass org/eclipse/jdt/internal/compiler/env/IGenericField
instanceKlass org/eclipse/jdt/internal/compiler/classfmt/ClassFileStruct
instanceKlass jdk/internal/jrtfs/JrtFileSystem$1
instanceKlass  @bci org/eclipse/jdt/internal/compiler/util/SoftClassCache$JdkClasses get (Ljava/nio/file/Path;)[B 5 <appendix> argL0 ; # org/eclipse/jdt/internal/compiler/util/SoftClassCache$JdkClasses$$Lambda+0x0000000023488678
instanceKlass org/eclipse/jdt/internal/compiler/util/SoftClassCache$ClassBytes
instanceKlass  @bci org/eclipse/jdt/internal/compiler/util/SoftClassCache getClassBytes (Lorg/eclipse/jdt/internal/compiler/util/Jdk;Ljava/nio/file/Path;)[B 8 <appendix> argL0 ; # org/eclipse/jdt/internal/compiler/util/SoftClassCache$$Lambda+0x0000000023488218
instanceKlass org/eclipse/jdt/internal/compiler/util/SoftClassCache$JdkClasses
instanceKlass org/eclipse/jdt/internal/core/nd/java/model/BinaryModuleDescriptor
instanceKlass org/eclipse/jdt/internal/core/util/MementoTokenizer
instanceKlass org/eclipse/jdt/internal/core/nd/java/model/BinaryTypeFactory
instanceKlass org/eclipse/jdt/internal/core/nd/java/model/BinaryModuleFactory
instanceKlass org/eclipse/core/internal/resources/OS
instanceKlass  @bci org/eclipse/jdt/internal/core/JarPackageFragment computeNonJavaResources (Ljava/util/List;)[Ljava/lang/Object; 465 <appendix> argL0 ; # org/eclipse/jdt/internal/core/JarPackageFragment$$Lambda+0x00000000234854f0
instanceKlass org/eclipse/jdt/core/IJarEntryResource
instanceKlass org/eclipse/jdt/core/ILocalVariable
instanceKlass org/eclipse/jdt/core/IMethod
instanceKlass org/eclipse/jdt/core/IField
instanceKlass org/eclipse/jdt/core/ICompletionRequestor
instanceKlass org/eclipse/jdt/core/IModularClassFile
instanceKlass  @bci org/eclipse/jdt/internal/core/JarPackageFragmentRoot createChildren (Ljava/util/Collection;)[Lorg/eclipse/jdt/core/IJavaElement; 30 <appendix> argL0 ; # org/eclipse/jdt/internal/core/JarPackageFragmentRoot$$Lambda+0x000000002340f4d0
instanceKlass  @bci org/eclipse/jdt/internal/core/JarPackageFragmentRoot lambda$0 (Ljava/util/List;)[Ljava/lang/String; 1 <appendix> argL0 ; # org/eclipse/jdt/internal/core/JarPackageFragmentRoot$$Lambda+0x000000002340f2a8
instanceKlass  @bci org/eclipse/jdt/internal/core/JarPackageFragmentRoot createChildren (Ljava/util/Collection;)[Lorg/eclipse/jdt/core/IJavaElement; 10 <appendix> argL0 ; # org/eclipse/jdt/internal/core/JarPackageFragmentRoot$$Lambda+0x000000002340f060
instanceKlass org/eclipse/jdt/internal/core/util/WeakHashSetOfCharArray
instanceKlass org/eclipse/jdt/internal/core/util/WeakHashSet
instanceKlass org/eclipse/jdt/internal/core/util/DeduplicationUtil
instanceKlass  @bci org/eclipse/jdt/internal/compiler/util/CharDeduplication <clinit> ()V 44 <appendix> argL0 ; # org/eclipse/jdt/internal/compiler/util/CharDeduplication$$Lambda+0x0000000023433d60
instanceKlass org/eclipse/jdt/internal/compiler/util/CharDeduplication
instanceKlass org/eclipse/jdt/internal/compiler/parser/Scanner
instanceKlass org/eclipse/jdt/core/JavaConventions
instanceKlass org/eclipse/jdt/internal/core/JrtPackageFragmentRoot$1
instanceKlass  @bci org/eclipse/jdt/internal/core/JrtPackageFragmentRoot computeChildren (Lorg/eclipse/jdt/internal/core/OpenableElementInfo;Lorg/eclipse/core/resources/IResource;)Z 29 <appendix> argL0 ; # org/eclipse/jdt/internal/core/JrtPackageFragmentRoot$$Lambda+0x000000002340d840
instanceKlass org/eclipse/jdt/internal/compiler/util/ObjectVector$1
instanceKlass  @bci org/eclipse/jdt/internal/core/JavaProject defaultRootModules (Ljava/lang/Iterable;Ljava/lang/String;)Ljava/util/List; 6 <appendix> argL0 ; # org/eclipse/jdt/internal/core/JavaProject$$Lambda+0x000000002340d3e0
instanceKlass  @bci org/eclipse/jdt/internal/core/JavaProject defaultRootModules (Ljava/lang/Iterable;Ljava/lang/String;)Ljava/util/List; 1 <appendix> argL0 ; # org/eclipse/jdt/internal/core/JavaProject$$Lambda+0x000000002340d198
instanceKlass org/eclipse/jdt/internal/core/JavaProject$3
instanceKlass org/eclipse/jdt/internal/core/JavaProject$2
instanceKlass jdk/internal/jrtfs/JrtFileAttributes
instanceKlass  @bci jdk/internal/jimage/ImageReader$SharedImageReader handleModulesSubTree (Ljava/lang/String;Ljdk/internal/jimage/ImageLocation;)Ljdk/internal/jimage/ImageReader$Node; 37 <appendix> member <vmtarget> ; # jdk/internal/jimage/ImageReader$SharedImageReader$$Lambda+0x000000002343fc40
instanceKlass jdk/internal/jimage/ImageBufferCache$2
instanceKlass jdk/internal/jimage/ImageBufferCache
instanceKlass  @bci jdk/internal/jimage/ImageReader$SharedImageReader handlePackages (Ljava/lang/String;Ljdk/internal/jimage/ImageLocation;)Ljdk/internal/jimage/ImageReader$Node; 20 <appendix> member <vmtarget> ; # jdk/internal/jimage/ImageReader$SharedImageReader$$Lambda+0x000000002343f2e8
instanceKlass jdk/internal/jimage/ImageReader$SharedImageReader$LocationVisitor
instanceKlass jdk/internal/jimage/ImageLocation
instanceKlass jdk/internal/jrtfs/JrtDirectoryStream$1
instanceKlass  @bci jdk/internal/jrtfs/JrtFileSystem iteratorOf (Ljdk/internal/jrtfs/JrtPath;Ljava/nio/file/DirectoryStream$Filter;)Ljava/util/Iterator; 82 <appendix> member <vmtarget> ; # jdk/internal/jrtfs/JrtFileSystem$$Lambda+0x000000002343eb70
instanceKlass  @bci jdk/internal/jrtfs/JrtFileSystem iteratorOf (Ljdk/internal/jrtfs/JrtPath;Ljava/nio/file/DirectoryStream$Filter;)Ljava/util/Iterator; 71 <appendix> member <vmtarget> ; # jdk/internal/jrtfs/JrtFileSystem$$Lambda+0x000000002343e920
instanceKlass jdk/internal/jimage/ImageReader$Node
instanceKlass jdk/internal/jrtfs/JrtPath
instanceKlass jdk/internal/jrtfs/JrtDirectoryStream
instanceKlass jdk/internal/jimage/decompressor/Decompressor
instanceKlass jdk/internal/jimage/ImageStringsReader
instanceKlass jdk/internal/jimage/ImageHeader
# instanceKlass java/lang/invoke/LambdaForm$MH+0x000000002343cc00
# instanceKlass java/lang/invoke/LambdaForm$MH+0x000000002343c800
# instanceKlass java/lang/invoke/LambdaForm$DMH+0x000000002343c400
# instanceKlass java/lang/invoke/LambdaForm$MH+0x000000002343c000
# instanceKlass java/lang/invoke/LambdaForm$DMH+0x000000002343bc00
# instanceKlass java/lang/invoke/LambdaForm$MH+0x000000002343b800
# instanceKlass java/lang/invoke/LambdaForm$MH+0x000000002343b400
# instanceKlass java/lang/invoke/LambdaForm$MH+0x000000002343b000
# instanceKlass java/lang/invoke/LambdaForm$MH+0x000000002343ac00
# instanceKlass java/lang/invoke/LambdaForm$BMH+0x000000002343a800
# instanceKlass java/lang/invoke/LambdaForm$DMH+0x000000002343a400
# instanceKlass java/lang/invoke/LambdaForm$DMH+0x000000002343a000
instanceKlass sun/nio/ch/FileChannelImpl$Unmapper
instanceKlass jdk/internal/access/foreign/UnmapperProxy
instanceKlass jdk/internal/misc/ExtendedMapMode
instanceKlass java/nio/channels/FileChannel$MapMode
instanceKlass jdk/internal/jimage/BasicImageReader$2
instanceKlass jdk/internal/jimage/BasicImageReader$1
instanceKlass jdk/internal/jimage/ImageReader$Node
instanceKlass jdk/internal/jimage/ImageStrings
instanceKlass jdk/internal/jimage/BasicImageReader
instanceKlass jdk/internal/jimage/ImageReader
instanceKlass jdk/internal/jrtfs/SystemImage$2
instanceKlass  @bci jdk/internal/jrtfs/SystemImage <clinit> ()V 0 <appendix> argL0 ; # jdk/internal/jrtfs/SystemImage$$Lambda+0x00000000234386f8
instanceKlass jdk/internal/jrtfs/SystemImage
instanceKlass jdk/internal/jrtfs/JrtPath
instanceKlass jdk/internal/jrtfs/JrtFileSystemProvider$1
instanceKlass  @bci org/eclipse/jdt/internal/compiler/util/JRTUtil getJrtFileSystem (Ljava/nio/file/Path;)Ljava/nio/file/FileSystem; 14 <appendix> argL0 ; # org/eclipse/jdt/internal/compiler/util/JRTUtil$$Lambda+0x0000000023432990
instanceKlass  @bci org/eclipse/jdt/internal/compiler/util/JRTUtil getJrtSystem (Ljava/io/File;Ljava/lang/String;)Lorg/eclipse/jdt/internal/compiler/util/JrtFileSystem; 46 <appendix> member <vmtarget> ; # org/eclipse/jdt/internal/compiler/util/JRTUtil$$Lambda+0x00000000234324c0
instanceKlass org/eclipse/jdt/internal/compiler/util/JrtFileSystem
instanceKlass  @bci org/eclipse/jdt/internal/compiler/util/Jdk <init> (Ljava/io/File;)V 20 <appendix> argL0 ; # org/eclipse/jdt/internal/compiler/util/Jdk$$Lambda+0x0000000023432000
instanceKlass org/eclipse/jdt/internal/compiler/util/Jdk
instanceKlass org/eclipse/jdt/internal/compiler/util/SoftClassCache
instanceKlass org/eclipse/jdt/internal/compiler/util/JRTUtil
instanceKlass org/eclipse/jdt/internal/core/JavaProject$1
instanceKlass org/eclipse/jdt/internal/compiler/util/ObjectVector
instanceKlass  @bci org/eclipse/jdt/ls/core/internal/managers/EclipseProjectImporter applies (Lorg/eclipse/core/runtime/IProgressMonitor;)Z 131 <appendix> argL0 ; # org/eclipse/jdt/ls/core/internal/managers/EclipseProjectImporter$$Lambda+0x0000000023436680
instanceKlass  @bci org/eclipse/jdt/ls/core/internal/ProjectUtils getAllProjects (Z)[Lorg/eclipse/core/resources/IProject; 24 <appendix> argL0 ; # org/eclipse/jdt/ls/core/internal/ProjectUtils$$Lambda+0x0000000023436428
instanceKlass org/eclipse/jdt/ls/core/internal/JobHelpers$InitializeJobMatcher
instanceKlass sun/nio/fs/WindowsFileSystem$1
instanceKlass java/nio/file/PathMatcher
instanceKlass sun/nio/fs/Globs
instanceKlass java/nio/file/Files$3
instanceKlass java/nio/file/FileTreeWalker$Event
instanceKlass java/nio/file/FileTreeWalker$DirectoryNode
instanceKlass java/nio/file/FileTreeWalker$1
instanceKlass java/util/RegularEnumSet$EnumSetIterator
instanceKlass java/nio/file/FileTreeWalker
instanceKlass java/nio/file/SimpleFileVisitor
instanceKlass  @bci org/eclipse/jdt/ls/core/internal/managers/BasicFileDetector scanDir (Ljava/nio/file/Path;Lorg/eclipse/core/runtime/IProgressMonitor;)V 9 <appendix> argL0 ; # org/eclipse/jdt/ls/core/internal/managers/BasicFileDetector$$Lambda+0x0000000023435d28
instanceKlass org/eclipse/jdt/ls/core/internal/managers/BasicFileDetector
instanceKlass  @bci org/eclipse/jdt/ls/core/internal/ProjectUtils getGradleProjects ()Ljava/util/List; 6 <appendix> argL0 ; # org/eclipse/jdt/ls/core/internal/ProjectUtils$$Lambda+0x0000000023435890
instanceKlass org/eclipse/jdt/ls/core/internal/managers/GradleUtils
instanceKlass  @bci java/util/regex/CharPredicates ctype (I)Ljava/util/regex/Pattern$CharPredicate; 1 <appendix> member <vmtarget> ; # java/util/regex/CharPredicates$$Lambda+0x0000000023440000
instanceKlass org/eclipse/buildship/core/internal/util/gradle/GradleVersion
instanceKlass org/eclipse/jdt/ls/core/internal/AbstractProjectImporter
instanceKlass org/eclipse/jdt/ls/core/internal/IProjectImporter
instanceKlass  @bci org/eclipse/jdt/ls/core/internal/managers/GradleBuildSupport deleteInvalidProjects (Ljava/util/Collection;Ljava/util/ArrayList;Lorg/eclipse/core/runtime/IProgressMonitor;)V 108 <appendix> member <vmtarget> ; # org/eclipse/jdt/ls/core/internal/managers/GradleBuildSupport$$Lambda+0x00000000234342a0
instanceKlass  @bci org/eclipse/jdt/ls/core/internal/managers/GradleBuildSupport findUnrelatedGradleProjects (Ljava/util/List;Ljava/util/List;)Ljava/util/List; 1 <appendix> argL0 ; # org/eclipse/jdt/ls/core/internal/managers/GradleBuildSupport$$Lambda+0x0000000023434000
instanceKlass  @bci org/eclipse/jdt/ls/core/internal/managers/StandardProjectsManager deleteInvalidProjects (Ljava/util/Collection;Lorg/eclipse/core/runtime/IProgressMonitor;)V 263 <appendix> member <vmtarget> ; # org/eclipse/jdt/ls/core/internal/managers/StandardProjectsManager$$Lambda+0x000000002342db40
instanceKlass  @bci org/eclipse/jdt/ls/core/internal/managers/StandardProjectsManager deleteInvalidProjects (Ljava/util/Collection;Lorg/eclipse/core/runtime/IProgressMonitor;)V 249 <appendix> argL0 ; # org/eclipse/jdt/ls/core/internal/managers/StandardProjectsManager$$Lambda+0x000000002342d8e8
instanceKlass  @cpi org/eclipse/jdt/internal/core/SearchableEnvironment 1254 form vmentry <vmtarget> ; # java/lang/invoke/LambdaForm$DMH+0x0000000023431000
instanceKlass com/microsoft/gradle/bs/importer/Utils
instanceKlass  @bci java/util/stream/Collectors toUnmodifiableList ()Ljava/util/stream/Collector; 19 <appendix> argL0 ; # java/util/stream/Collectors$$Lambda+0x000000002317fb58
instanceKlass  @bci java/util/stream/Collectors toUnmodifiableList ()Ljava/util/stream/Collector; 14 <appendix> argL0 ; # java/util/stream/Collectors$$Lambda+0x000000002317f908
instanceKlass  @bci java/util/stream/Collectors toUnmodifiableList ()Ljava/util/stream/Collector; 9 <appendix> argL0 ; # java/util/stream/Collectors$$Lambda+0x000000002317f6d0
instanceKlass  @bci java/util/stream/Collectors toUnmodifiableList ()Ljava/util/stream/Collector; 4 <appendix> argL0 ; # java/util/stream/Collectors$$Lambda+0x000000002317f4a8
instanceKlass java/util/TreeMap$TreeMapSpliterator
instanceKlass com/microsoft/java/builder/BuildStateManager
instanceKlass ch/epfl/scala/bsp4j/BuildServer
instanceKlass com/microsoft/gradle/bs/importer/GradleBuildServerBuildSupport
instanceKlass org/eclipse/jdt/ls/core/internal/managers/InvisibleProjectPreferenceChangeListener
instanceKlass org/eclipse/jdt/ls/core/internal/managers/EclipseBuildSupport
instanceKlass org/eclipse/jdt/ls/core/internal/managers/MavenBuildSupport
instanceKlass org/eclipse/jdt/ls/core/internal/managers/GradlePreferenceChangeListener
instanceKlass org/eclipse/jdt/ls/core/internal/managers/GradleBuildSupport
instanceKlass org/eclipse/jdt/ls/core/internal/ExtensionsExtractor
instanceKlass  @bci org/eclipse/jdt/ls/core/internal/managers/BuildSupportManager find (Lorg/eclipse/core/resources/IProject;)Ljava/util/Optional; 4 <appendix> member <vmtarget> ; # org/eclipse/jdt/ls/core/internal/managers/BuildSupportManager$$Lambda+0x000000002342ed10
instanceKlass org/eclipse/jdt/ls/core/internal/managers/IBuildSupport
instanceKlass org/eclipse/jdt/ls/core/internal/managers/BuildSupportManager
instanceKlass  @bci org/eclipse/jdt/ls/core/internal/managers/StandardProjectsManager deleteInvalidProjects (Ljava/util/Collection;Lorg/eclipse/core/runtime/IProgressMonitor;)V 6 <appendix> argL0 ; # org/eclipse/jdt/ls/core/internal/managers/StandardProjectsManager$$Lambda+0x000000002342e8b0
instanceKlass  @bci org/eclipse/jdt/ls/core/internal/managers/ProjectsManager interruptAutoBuild ()Ljava/lang/Runnable; 23 <appendix> argL0 ; # org/eclipse/jdt/ls/core/internal/managers/ProjectsManager$$Lambda+0x000000002342e688
instanceKlass  @bci org/eclipse/lsp4j/jsonrpc/RemoteEndpoint handleRequest (Lorg/eclipse/lsp4j/jsonrpc/messages/RequestMessage;)V 142 <appendix> member <vmtarget> ; # org/eclipse/lsp4j/jsonrpc/RemoteEndpoint$$Lambda+0x00000000233266f8
instanceKlass  @bci org/eclipse/lsp4j/jsonrpc/RemoteEndpoint handleRequest (Lorg/eclipse/lsp4j/jsonrpc/messages/RequestMessage;)V 132 <appendix> member <vmtarget> ; # org/eclipse/lsp4j/jsonrpc/RemoteEndpoint$$Lambda+0x00000000233264a8
instanceKlass org/eclipse/jdt/ls/core/internal/JobHelpers$RepositoryRegistryUpdateJobMatcher
instanceKlass  @bci org/eclipse/jdt/ls/core/internal/handlers/InitHandler$1 runInWorkspace (Lorg/eclipse/core/runtime/IProgressMonitor;)Lorg/eclipse/core/runtime/IStatus; 55 <appendix> argL0 ; # org/eclipse/jdt/ls/core/internal/handlers/InitHandler$1$$Lambda+0x000000002342e230
instanceKlass org/eclipse/jdt/ls/internal/gradle/checksums/WrapperValidator
# instanceKlass java/lang/invoke/LambdaForm$MH+0x000000002342c400
instanceKlass org/eclipse/lsp4j/WorkDoneProgressReport
instanceKlass org/eclipse/lsp4j/adapters/WorkDoneProgressNotificationAdapter$1
instanceKlass org/eclipse/lsp4j/FileOperationPatternOptions
instanceKlass org/eclipse/lsp4j/FileOperationPattern
instanceKlass org/eclipse/lsp4j/FileOperationFilter
instanceKlass org/eclipse/lsp4j/FileOperationOptions
instanceKlass  @bci org/eclipse/lsp4j/adapters/ProgressNotificationAdapter create (Lcom/google/gson/Gson;Lcom/google/gson/reflect/TypeToken;)Lcom/google/gson/TypeAdapter; 63 <appendix> argL0 ; # org/eclipse/lsp4j/adapters/ProgressNotificationAdapter$$Lambda+0x0000000023429738
instanceKlass org/eclipse/lsp4j/FileOperationsServerCapabilities
instanceKlass  @bci java/util/function/Predicate or (Ljava/util/function/Predicate;)Ljava/util/function/Predicate; 7 <appendix> member <vmtarget> ; # java/util/function/Predicate$$Lambda+0x000000002317edb0
instanceKlass  @cpi java/util/function/Predicate 72 form vmentry <vmtarget> ; # java/lang/invoke/LambdaForm$DMH+0x000000002342c000
instanceKlass org/eclipse/lsp4j/jsonrpc/json/adapters/EitherTypeAdapter$PropertyChecker
instanceKlass com/google/gson/JsonDeserializer
instanceKlass com/google/gson/JsonSerializer
instanceKlass org/eclipse/lsp4j/adapters/ProgressNotificationAdapter
instanceKlass org/eclipse/lsp4j/WorkDoneProgressBegin
instanceKlass org/eclipse/lsp4j/jsonrpc/RemoteEndpoint$PendingRequestInfo
instanceKlass jdk/internal/math/FormattedFPDecimal
instanceKlass org/eclipse/lsp4j/CompletionItemOptions
instanceKlass sun/nio/ch/WindowsAsynchronousFileChannelImpl$WriteTask
instanceKlass org/eclipse/lsp4j/NotebookSelectorCell
instanceKlass org/eclipse/lsp4j/NotebookDocumentFilter
instanceKlass org/eclipse/lsp4j/NotebookSelector
instanceKlass com/google/gson/annotations/Expose
instanceKlass org/eclipse/lsp4j/DocumentOnTypeFormattingOptions
instanceKlass org/eclipse/lsp4j/AbstractWorkDoneProgressOptions
instanceKlass org/eclipse/lsp4j/NotebookDocumentSyncRegistrationOptions
instanceKlass org/eclipse/jdt/ls/core/internal/handlers/ProgressReporterManager$MulticastProgressReporter
instanceKlass com/google/gson/internal/Streams
instanceKlass  @bci org/eclipse/lsp4j/jsonrpc/RemoteEndpoint handleRequest (Lorg/eclipse/lsp4j/jsonrpc/messages/RequestMessage;)V 121 <appendix> member <vmtarget> ; # org/eclipse/lsp4j/jsonrpc/RemoteEndpoint$$Lambda+0x0000000023325de0
instanceKlass java/util/concurrent/CompletableFuture$AsynchronousCompletionTask
instanceKlass java/util/concurrent/CompletableFuture$AltResult
instanceKlass  @bci org/eclipse/jdt/ls/core/internal/handlers/SemanticTokensHandler legend ()Lorg/eclipse/lsp4j/SemanticTokensLegend; 37 <appendix> argL0 ; # org/eclipse/jdt/ls/core/internal/handlers/SemanticTokensHandler$$Lambda+0x0000000023423410
instanceKlass  @bci org/eclipse/jdt/ls/core/internal/handlers/SemanticTokensHandler legend ()Lorg/eclipse/lsp4j/SemanticTokensLegend; 10 <appendix> argL0 ; # org/eclipse/jdt/ls/core/internal/handlers/SemanticTokensHandler$$Lambda+0x0000000023422d78
instanceKlass org/eclipse/jdt/core/dom/IBinding
instanceKlass org/eclipse/lsp4j/SemanticTokensLegend
instanceKlass org/eclipse/jdt/ls/core/internal/handlers/SemanticTokensHandler
instanceKlass org/eclipse/lsp4j/DocumentFilter
instanceKlass org/eclipse/lsp4j/SemanticTokensServerFull
instanceKlass org/eclipse/lsp4j/TextDocumentRegistrationOptions
instanceKlass org/eclipse/lsp4j/WorkDoneProgressOptions
instanceKlass org/eclipse/lsp4j/WorkspaceFoldersOptions
instanceKlass org/eclipse/lsp4j/WorkspaceServerCapabilities
instanceKlass org/eclipse/lsp4j/SaveOptions
instanceKlass org/eclipse/lsp4j/TextDocumentSyncOptions
instanceKlass  @bci org/eclipse/jdt/ls/core/internal/handlers/WorkspaceExecuteCommandHandler$DelegateCommandHandlerDescriptor <init> (Lorg/eclipse/core/runtime/IConfigurationElement;)V 59 <appendix> member <vmtarget> ; # org/eclipse/jdt/ls/core/internal/handlers/WorkspaceExecuteCommandHandler$DelegateCommandHandlerDescriptor$$Lambda+0x0000000023421b70
instanceKlass  @bci org/eclipse/jdt/ls/core/internal/handlers/WorkspaceExecuteCommandHandler getDelegateCommandHandlerDescriptors (Z)Ljava/util/Collection; 37 <appendix> argL0 ; # org/eclipse/jdt/ls/core/internal/handlers/WorkspaceExecuteCommandHandler$$Lambda+0x0000000023421920
instanceKlass  @bci org/eclipse/jdt/ls/core/internal/handlers/WorkspaceExecuteCommandHandler getDelegateCommandHandlerDescriptors (Z)Ljava/util/Collection; 32 <appendix> argL0 ; # org/eclipse/jdt/ls/core/internal/handlers/WorkspaceExecuteCommandHandler$$Lambda+0x00000000234216d8
instanceKlass  @bci org/eclipse/jdt/ls/core/internal/handlers/WorkspaceExecuteCommandHandler getDelegateCommandHandlerDescriptors (Z)Ljava/util/Collection; 27 <appendix> argL0 ; # org/eclipse/jdt/ls/core/internal/handlers/WorkspaceExecuteCommandHandler$$Lambda+0x0000000023421490
instanceKlass org/eclipse/jdt/ls/core/internal/handlers/WorkspaceExecuteCommandHandler$DelegateCommandHandlerDescriptor
instanceKlass org/apache/commons/lang3/BooleanUtils
instanceKlass org/eclipse/lsp4j/ServerCapabilities
instanceKlass  @bci java/util/stream/SortedOps$RefSortingSink end ()V 48 <appendix> member <vmtarget> ; # java/util/stream/SortedOps$RefSortingSink$$Lambda+0x000000002317e4c8
instanceKlass  @bci org/eclipse/jdt/ls/core/internal/handlers/BundleUtils getBundles (Ljava/lang/String;Lorg/osgi/framework/wiring/FrameworkWiring;)[Lorg/osgi/framework/Bundle; 152 <appendix> argL0 ; # org/eclipse/jdt/ls/core/internal/handlers/BundleUtils$$Lambda+0x0000000023421030
instanceKlass  @bci org/eclipse/jdt/ls/core/internal/handlers/BundleUtils getBundles (Ljava/lang/String;Lorg/osgi/framework/wiring/FrameworkWiring;)[Lorg/osgi/framework/Bundle; 142 <appendix> argL0 ; # org/eclipse/jdt/ls/core/internal/handlers/BundleUtils$$Lambda+0x0000000023420d90
instanceKlass  @bci org/eclipse/jdt/ls/core/internal/handlers/BundleUtils getBundles (Ljava/lang/String;Lorg/osgi/framework/wiring/FrameworkWiring;)[Lorg/osgi/framework/Bundle; 132 <appendix> argL0 ; # org/eclipse/jdt/ls/core/internal/handlers/BundleUtils$$Lambda+0x0000000023420b38
instanceKlass  @bci org/eclipse/jdt/ls/core/internal/handlers/BundleUtils getBundles (Ljava/lang/String;Lorg/osgi/framework/wiring/FrameworkWiring;)[Lorg/osgi/framework/Bundle; 122 <appendix> argL0 ; # org/eclipse/jdt/ls/core/internal/handlers/BundleUtils$$Lambda+0x00000000234208f0
instanceKlass org/eclipse/jdt/ls/core/internal/handlers/BundleUtils$BundleInfo
instanceKlass  @bci org/eclipse/jdt/ls/core/internal/preferences/StandardPreferenceManager update (Lorg/eclipse/jdt/ls/core/internal/preferences/Preferences;)V 364 <appendix> argL0 ; # org/eclipse/jdt/ls/core/internal/preferences/StandardPreferenceManager$$Lambda+0x0000000023420480
instanceKlass  @bci org/eclipse/jdt/ls/core/internal/preferences/Preferences updateFrom (Lorg/eclipse/jdt/ls/core/internal/preferences/Preferences;Ljava/util/Map;)Lorg/eclipse/jdt/ls/core/internal/preferences/Preferences; 3242 <appendix> member <vmtarget> ; # org/eclipse/jdt/ls/core/internal/preferences/Preferences$$Lambda+0x0000000023420240
instanceKlass com/google/common/base/CommonPattern
instanceKlass com/google/common/base/Platform$JdkPatternCompiler
instanceKlass com/google/common/base/PatternCompiler
instanceKlass com/google/common/base/Platform
instanceKlass com/google/common/base/Strings
instanceKlass  @bci org/eclipse/jdt/ls/core/internal/preferences/Preferences updateFrom (Lorg/eclipse/jdt/ls/core/internal/preferences/Preferences;Ljava/util/Map;)Lorg/eclipse/jdt/ls/core/internal/preferences/Preferences; 2332 <appendix> member <vmtarget> ; # org/eclipse/jdt/ls/core/internal/preferences/Preferences$$Lambda+0x0000000023420000
instanceKlass org/eclipse/jdt/ls/core/internal/RuntimeEnvironment
instanceKlass org/eclipse/jdt/internal/corext/util/TypeFilter
instanceKlass  @bci org/eclipse/jdt/ls/core/internal/preferences/Preferences setResourceFilters (Ljava/util/List;)Lorg/eclipse/jdt/ls/core/internal/preferences/Preferences; 11 <appendix> argL0 ; # org/eclipse/jdt/ls/core/internal/preferences/Preferences$$Lambda+0x0000000023313970
instanceKlass com/google/common/base/Ascii
instanceKlass com/google/common/base/CharMatcher
instanceKlass org/eclipse/jdt/ls/core/internal/handlers/MapFlattener
instanceKlass org/eclipse/jdt/ls/core/internal/preferences/ClientPreferences
instanceKlass com/google/gson/internal/bind/ObjectTypeAdapter$2
instanceKlass com/google/gson/internal/LinkedTreeMap$LinkedTreeMapIterator
instanceKlass org/eclipse/jdt/ls/core/internal/JSONUtility
instanceKlass org/eclipse/lsp4j/ServerInfo
instanceKlass org/eclipse/jdt/ls/core/internal/handlers/BaseInitHandler
instanceKlass com/google/gson/internal/bind/JsonElementTypeAdapter$1
instanceKlass org/eclipse/lsp4j/jsonrpc/util/Preconditions
instanceKlass org/eclipse/lsp4j/jsonrpc/json/adapters/JsonElementTypeAdapter$Factory
instanceKlass org/eclipse/lsp4j/StaleRequestCapabilities
instanceKlass org/eclipse/lsp4j/MarkdownCapabilities
instanceKlass org/eclipse/lsp4j/RegularExpressionsCapabilities
instanceKlass org/eclipse/lsp4j/WindowShowMessageRequestActionItemCapabilities
instanceKlass org/eclipse/lsp4j/ShowDocumentCapabilities
instanceKlass org/eclipse/lsp4j/WindowShowMessageRequestCapabilities
instanceKlass org/eclipse/lsp4j/InlayHintResolveSupportCapabilities
instanceKlass org/eclipse/lsp4j/SemanticTokensClientCapabilitiesRequestsFull
instanceKlass org/eclipse/lsp4j/SemanticTokensClientCapabilitiesRequests
instanceKlass org/eclipse/lsp4j/FoldingRangeSupportCapabilities
instanceKlass org/eclipse/lsp4j/FoldingRangeKindSupportCapabilities
instanceKlass org/eclipse/lsp4j/jsonrpc/json/adapters/EitherTypeAdapter$EitherTypeArgument
instanceKlass org/eclipse/lsp4j/DiagnosticsTagSupport
instanceKlass org/eclipse/lsp4j/CodeActionKindCapabilities
instanceKlass org/eclipse/lsp4j/CodeActionResolveSupportCapabilities
instanceKlass org/eclipse/lsp4j/CodeActionLiteralSupportCapabilities
instanceKlass org/eclipse/lsp4j/ParameterInformationCapabilities
instanceKlass org/eclipse/lsp4j/SignatureInformationCapabilities
instanceKlass org/eclipse/lsp4j/CompletionItemInsertTextModeSupportCapabilities
instanceKlass org/eclipse/lsp4j/CompletionItemResolveSupportCapabilities
instanceKlass org/eclipse/lsp4j/CompletionItemTagSupportCapabilities
instanceKlass org/eclipse/lsp4j/CompletionListCapabilities
instanceKlass org/eclipse/lsp4j/CompletionItemCapabilities
instanceKlass org/eclipse/lsp4j/CompletionItemKindCapabilities
instanceKlass org/eclipse/lsp4j/PublishDiagnosticsCapabilities
instanceKlass org/eclipse/lsp4j/WorkspaceSymbolResolveSupportCapabilities
instanceKlass org/eclipse/lsp4j/SymbolTagSupportCapabilities
instanceKlass org/eclipse/lsp4j/SymbolKindCapabilities
instanceKlass  @bci org/eclipse/lsp4j/jsonrpc/json/adapters/CollectionTypeAdapter$Factory getConstructor (Ljava/lang/Class;)Ljava/util/function/Supplier; 62 <appendix> argL0 ; # org/eclipse/lsp4j/jsonrpc/json/adapters/CollectionTypeAdapter$Factory$$Lambda+0x0000000023325538
instanceKlass org/eclipse/lsp4j/jsonrpc/json/adapters/TypeUtils$ParameterizedTypeImpl
instanceKlass org/eclipse/lsp4j/WorkspaceEditChangeAnnotationSupportCapabilities
instanceKlass org/eclipse/lsp4j/DiagnosticWorkspaceCapabilities
instanceKlass org/eclipse/lsp4j/InlineValueWorkspaceCapabilities
instanceKlass org/eclipse/lsp4j/InlayHintWorkspaceCapabilities
instanceKlass org/eclipse/lsp4j/CodeLensWorkspaceCapabilities
instanceKlass org/eclipse/lsp4j/SemanticTokensWorkspaceCapabilities
instanceKlass org/eclipse/lsp4j/DynamicRegistrationCapabilities
instanceKlass org/eclipse/lsp4j/WorkspaceEditCapabilities
instanceKlass org/eclipse/lsp4j/GeneralClientCapabilities
instanceKlass org/eclipse/lsp4j/NotebookDocumentClientCapabilities
instanceKlass org/eclipse/lsp4j/WindowClientCapabilities
instanceKlass org/eclipse/lsp4j/TextDocumentClientCapabilities
instanceKlass org/eclipse/lsp4j/WorkspaceClientCapabilities
instanceKlass org/eclipse/lsp4j/ClientCapabilities
instanceKlass com/google/gson/internal/bind/ReflectiveTypeAdapterFactory$FieldsData
instanceKlass org/eclipse/lsp4j/jsonrpc/validation/NonNull
instanceKlass com/google/gson/annotations/SerializedName
instanceKlass org/eclipse/lsp4j/ClientInfo
instanceKlass  @bci com/google/gson/internal/ConstructorConstructor newDefaultConstructor (Ljava/lang/Class;Lcom/google/gson/ReflectionAccessFilter$FilterResult;)Lcom/google/gson/internal/ObjectConstructor; 130 <appendix> member <vmtarget> ; # com/google/gson/internal/ConstructorConstructor$$Lambda+0x000000002340a268
instanceKlass org/eclipse/lsp4j/adapters/InitializeParamsTypeAdapter$Factory
instanceKlass com/google/gson/annotations/JsonAdapter
instanceKlass org/eclipse/lsp4j/jsonrpc/messages/Tuple$Two
instanceKlass org/eclipse/lsp4j/jsonrpc/messages/Tuple
instanceKlass org/eclipse/lsp4j/jsonrpc/json/adapters/TypeUtils
instanceKlass  @bci org/eclipse/jdt/internal/core/search/PatternSearchJob performParallelSearch ([Lorg/eclipse/jdt/internal/core/index/Index;Lorg/eclipse/core/runtime/SubMonitor;)Z 161 <appendix> member <vmtarget> ; # org/eclipse/jdt/internal/core/search/PatternSearchJob$$Lambda+0x000000002340c660
instanceKlass org/eclipse/jdt/internal/core/search/PatternSearchJob$IndexMatch
instanceKlass java/util/concurrent/ForkJoinTask$Aux
instanceKlass  @bci org/eclipse/jdt/internal/core/search/PatternSearchJob performParallelSearch ([Lorg/eclipse/jdt/internal/core/index/Index;Lorg/eclipse/core/runtime/SubMonitor;)Z 81 <appendix> member <vmtarget> ; # org/eclipse/jdt/internal/core/search/PatternSearchJob$$Lambda+0x000000002340c218
instanceKlass org/eclipse/jdt/internal/core/search/PatternSearchJob$IndexResult
instanceKlass org/eclipse/jdt/internal/compiler/util/HashtableOfObject
instanceKlass org/eclipse/jdt/internal/compiler/util/HashtableOfIntValues
instanceKlass org/eclipse/jdt/internal/compiler/util/SimpleSetOfCharArray
instanceKlass org/eclipse/jdt/internal/core/index/DiskIndex
instanceKlass org/eclipse/jdt/internal/core/util/SimpleWordSet
instanceKlass org/eclipse/jdt/internal/core/index/MemoryIndex
instanceKlass org/eclipse/jdt/internal/core/search/indexing/ReadWriteMonitor
instanceKlass  @bci org/eclipse/core/runtime/ServiceCaller callOnce (Ljava/lang/Class;Ljava/lang/Class;Ljava/lang/String;Ljava/util/function/Consumer;)Z 14 <appendix> member <vmtarget> ; # org/eclipse/core/runtime/ServiceCaller$$Lambda+0x000000002318d850
instanceKlass  @bci org/eclipse/core/internal/content/ContentTypeManager$DebuggingHolder <clinit> ()V 9 <appendix> member <vmtarget> ; # org/eclipse/core/internal/content/ContentTypeManager$DebuggingHolder$$Lambda+0x00000000234055b0
instanceKlass org/eclipse/core/internal/content/ContentTypeManager$DebuggingHolder
instanceKlass  @bci org/eclipse/jdt/internal/compiler/ast/FakedTrackingVariable getCloseTrackingVariable (Lorg/eclipse/jdt/internal/compiler/ast/Expression;Lorg/eclipse/jdt/internal/compiler/flow/FlowInfo;Lorg/eclipse/jdt/internal/compiler/flow/FlowContext;Z)Lorg/eclipse/jdt/internal/compiler/ast/FakedTrackingVariable; 60 <adapter> ; # java/lang/invoke/LambdaForm$MH+0x0000000023408800
instanceKlass  @bci org/eclipse/jdt/internal/compiler/ast/FakedTrackingVariable getCloseTrackingVariable (Lorg/eclipse/jdt/internal/compiler/ast/Expression;Lorg/eclipse/jdt/internal/compiler/flow/FlowInfo;Lorg/eclipse/jdt/internal/compiler/flow/FlowContext;Z)Lorg/eclipse/jdt/internal/compiler/ast/FakedTrackingVariable; 60 <appendix> form vmentry <vmtarget> ; # java/lang/invoke/LambdaForm$DMH+0x0000000023408400
instanceKlass  @bci org/eclipse/core/internal/content/ContentTypeBuilder applyPreferences (Lorg/eclipse/core/internal/content/ContentTypeCatalog;Lorg/eclipse/core/runtime/preferences/IEclipsePreferences;Z)V 4 <appendix> member <vmtarget> ; # org/eclipse/core/internal/content/ContentTypeBuilder$$Lambda+0x0000000023405170
instanceKlass  @cpi org/eclipse/core/internal/content/ContentTypeBuilder 424 form vmentry <vmtarget> ; # java/lang/invoke/LambdaForm$DMH+0x0000000023408000
instanceKlass org/eclipse/core/runtime/preferences/IPreferenceNodeVisitor
instanceKlass org/eclipse/core/internal/content/FileSpec
instanceKlass org/eclipse/core/internal/content/ContentType
instanceKlass org/eclipse/core/internal/content/Util
instanceKlass  @bci org/eclipse/core/internal/content/ContentTypeCatalog <init> (Lorg/eclipse/core/internal/content/ContentTypeManager;I)V 118 <appendix> argL0 ; # org/eclipse/core/internal/content/ContentTypeCatalog$$Lambda+0x00000000234042a0
instanceKlass  @bci org/eclipse/core/internal/content/ContentTypeCatalog <init> (Lorg/eclipse/core/internal/content/ContentTypeManager;I)V 109 <appendix> argL0 ; # org/eclipse/core/internal/content/ContentTypeCatalog$$Lambda+0x0000000023404000
instanceKlass  @bci org/eclipse/core/internal/content/ContentTypeCatalog <init> (Lorg/eclipse/core/internal/content/ContentTypeManager;I)V 100 <appendix> argL0 ; # org/eclipse/core/internal/content/ContentTypeCatalog$$Lambda+0x00000000233fc400
instanceKlass  @bci org/eclipse/core/internal/content/ContentTypeCatalog <init> (Lorg/eclipse/core/internal/content/ContentTypeManager;I)V 91 <appendix> argL0 ; # org/eclipse/core/internal/content/ContentTypeCatalog$$Lambda+0x0000000023113c98
instanceKlass  @bci org/eclipse/core/internal/content/ContentTypeCatalog <init> (Lorg/eclipse/core/internal/content/ContentTypeManager;I)V 82 <appendix> argL0 ; # org/eclipse/core/internal/content/ContentTypeCatalog$$Lambda+0x00000000231139f8
instanceKlass org/eclipse/jdt/internal/core/index/Index
instanceKlass sun/nio/cs/ThreadLocalCoders$Cache
instanceKlass sun/nio/cs/ThreadLocalCoders
instanceKlass org/eclipse/jdt/core/search/SearchMatch
instanceKlass org/eclipse/jdt/internal/compiler/env/IBinaryType
instanceKlass org/eclipse/jdt/internal/compiler/lookup/IQualifiedTypeResolutionListener
instanceKlass org/eclipse/jdt/internal/core/search/matching/MatchLocator
instanceKlass org/eclipse/jdt/internal/core/search/IndexSelector
instanceKlass org/eclipse/jdt/core/search/SearchDocument
instanceKlass org/eclipse/jdt/internal/core/search/PatternSearchJob
instanceKlass org/eclipse/jdt/internal/core/search/matching/TypeDeclarationPattern$PackageNameSet
instanceKlass org/eclipse/jdt/internal/core/search/TypeNameRequestorWrapper
instanceKlass org/eclipse/jdt/internal/core/search/AbstractSearchScope
instanceKlass org/eclipse/jdt/core/search/ISearchPattern
instanceKlass org/eclipse/jdt/internal/core/search/IRestrictedAccessMethodRequestor
instanceKlass org/eclipse/jdt/core/search/SearchEngine
instanceKlass org/eclipse/jdt/internal/launching/JREContainer$1
instanceKlass org/eclipse/jdt/internal/launching/JREContainer
instanceKlass  @bci org/eclipse/jdt/internal/core/JavaModelManager variableNames ()[Ljava/lang/String; 7 <appendix> argL0 ; # org/eclipse/jdt/internal/core/JavaModelManager$$Lambda+0x0000000023277378
instanceKlass  @bci org/eclipse/jdt/launching/AbstractVMInstallType getVMInstalls ()[Lorg/eclipse/jdt/launching/IVMInstall; 4 <appendix> argL0 ; # org/eclipse/jdt/launching/AbstractVMInstallType$$Lambda+0x00000000233f5988
instanceKlass  @bci org/eclipse/jdt/launching/VMStandin convertToRealVM ()Lorg/eclipse/jdt/launching/IVMInstall; 155 <appendix> member <vmtarget> ; # org/eclipse/jdt/launching/VMStandin$$Lambda+0x00000000233f51c8
instanceKlass  @cpi org/eclipse/jdt/launching/VMStandin 173 form vmentry <vmtarget> ; # java/lang/invoke/LambdaForm$DMH+0x00000000233fc000
instanceKlass org/eclipse/jdt/launching/IVMRunner
instanceKlass org/eclipse/jdt/internal/launching/CompositeId
instanceKlass org/eclipse/jdt/launching/LibraryLocation
instanceKlass org/eclipse/osgi/internal/url/URLStreamHandlerProxy$1
instanceKlass org/eclipse/osgi/internal/url/URLStreamHandlerSetter
instanceKlass org/eclipse/osgi/internal/url/NullURLStreamHandlerService
instanceKlass org/osgi/service/url/URLStreamHandlerSetter
instanceKlass  @bci org/eclipse/osgi/internal/url/URLStreamHandlerFactoryImpl createInternalURLStreamHandler (Ljava/lang/String;)Ljava/net/URLStreamHandler; 18 <appendix> member <vmtarget> ; # org/eclipse/osgi/internal/url/URLStreamHandlerFactoryImpl$$Lambda+0x00000000233f8000
instanceKlass  @bci org/eclipse/equinox/plurl/impl/PlurlImpl$PlurlFactoryHolder getHandler (Ljava/lang/String;)Ljava/lang/Object; 35 <appendix> member <vmtarget> ; # org/eclipse/equinox/plurl/impl/PlurlImpl$PlurlFactoryHolder$$Lambda+0x00000000231dbd08
instanceKlass org/eclipse/equinox/plurl/impl/PlurlImpl$4
instanceKlass org/eclipse/jdt/internal/launching/LibraryInfo
instanceKlass org/eclipse/jdt/launching/AbstractVMInstall
instanceKlass org/eclipse/jdt/launching/IVMInstall3
instanceKlass org/eclipse/jdt/launching/IVMInstall2
instanceKlass org/eclipse/jdt/internal/launching/VMDefinitionsContainer
instanceKlass  @bci org/eclipse/jdt/internal/launching/StandardVMType <clinit> ()V 78 <appendix> argL0 ; # org/eclipse/jdt/internal/launching/StandardVMType$$Lambda+0x00000000233f35a8
instanceKlass  @bci org/eclipse/jdt/internal/launching/StandardVMType <clinit> ()V 0 <appendix> argL0 ; # org/eclipse/jdt/internal/launching/StandardVMType$$Lambda+0x00000000233f3380
instanceKlass org/eclipse/jdt/launching/AbstractVMInstallType
instanceKlass org/eclipse/jdt/launching/IVMInstallType
instanceKlass  @bci org/eclipse/m2e/core/internal/embedder/MavenImpl getMirror (Lorg/apache/maven/artifact/repository/ArtifactRepository;)Lorg/apache/maven/settings/Mirror; 6 <appendix> member <vmtarget> ; # org/eclipse/m2e/core/internal/embedder/MavenImpl$$Lambda+0x00000000233cba30
instanceKlass  @bci org/eclipse/m2e/core/internal/embedder/MavenImpl addDefaultRepository (Ljava/util/List;)V 6 <appendix> argL0 ; # org/eclipse/m2e/core/internal/embedder/MavenImpl$$Lambda+0x00000000233cb7d8
instanceKlass org/apache/commons/codec/CharEncoding
instanceKlass org/apache/commons/codec/binary/Hex
instanceKlass org/apache/commons/codec/BinaryDecoder
instanceKlass org/apache/commons/codec/Decoder
instanceKlass org/apache/commons/codec/BinaryEncoder
instanceKlass org/apache/commons/codec/Encoder
instanceKlass sun/security/provider/ByteArrayAccess$LE
instanceKlass org/apache/commons/codec/binary/StringUtils
instanceKlass org/apache/commons/codec/digest/DigestUtils
instanceKlass org/eclipse/jdt/core/ClasspathContainerInitializer
instanceKlass  @bci org/eclipse/m2e/core/internal/embedder/MavenImpl getMirrors ()Ljava/util/List; 4 <appendix> argL0 ; # org/eclipse/m2e/core/internal/embedder/MavenImpl$$Lambda+0x00000000233cb5b0
instanceKlass  @bci org/eclipse/m2e/core/internal/embedder/MavenImpl getExecutionContext ()Lorg/eclipse/m2e/core/embedder/IMavenExecutionContext; 4 <appendix> member <vmtarget> ; # org/eclipse/m2e/core/internal/embedder/MavenImpl$$Lambda+0x00000000233cb380
instanceKlass org/eclipse/jdt/internal/core/JavaModelManager$10
# instanceKlass java/lang/invoke/LambdaForm$MH+0x00000000233f1c00
instanceKlass  @bci org/eclipse/jdt/internal/core/JrtPackageFragmentRoot$JrtModuleKey equals (Ljava/lang/Object;)Z 2 <appendix> form vmentry <vmtarget> ; # java/lang/invoke/LambdaForm$MH+0x00000000233f1800
instanceKlass java/lang/classfile/CodeBuilder$1
instanceKlass  @bci org/eclipse/jdt/internal/core/JrtPackageFragmentRoot$JrtModuleKey equals (Ljava/lang/Object;)Z 2 <appendix> argL1 form vmentry <vmtarget> ; # java/lang/invoke/LambdaForm$MH+0x00000000233f1400
instanceKlass java/lang/invoke/MethodHandleImpl$Makers$2
instanceKlass java/lang/invoke/MethodHandleImpl$Makers$1
instanceKlass java/lang/invoke/MethodHandleImpl$Makers
# instanceKlass java/lang/invoke/LambdaForm$MH+0x00000000233f1000
# instanceKlass java/lang/invoke/LambdaForm$MH+0x00000000233f0c00
# instanceKlass java/lang/invoke/LambdaForm$MH+0x00000000233f0800
# instanceKlass java/lang/invoke/LambdaForm$MH+0x00000000233f0400
instanceKlass org/eclipse/lsp4j/WorkDoneProgressNotification
instanceKlass org/eclipse/m2e/core/internal/project/registry/ProjectProcessingTracker
instanceKlass  @bci org/eclipse/m2e/core/internal/project/registry/ProjectRegistryManager refresh (Lorg/eclipse/m2e/core/internal/project/registry/MutableProjectRegistry;Lorg/eclipse/m2e/core/internal/project/registry/DependencyResolutionContext;Lorg/eclipse/core/runtime/IProgressMonitor;)V 446 <appendix> member <vmtarget> ; # org/eclipse/m2e/core/internal/project/registry/ProjectRegistryManager$$Lambda+0x00000000233caf18
instanceKlass org/eclipse/m2e/core/internal/embedder/ReadonlyMavenExecutionRequest
instanceKlass  @bci org/eclipse/m2e/core/internal/project/registry/ProjectRegistryManager refresh (Lorg/eclipse/m2e/core/internal/project/registry/MutableProjectRegistry;Lorg/eclipse/m2e/core/internal/project/registry/DependencyResolutionContext;Lorg/eclipse/core/runtime/IProgressMonitor;)V 61 <appendix> member <vmtarget> ; # org/eclipse/m2e/core/internal/project/registry/ProjectRegistryManager$$Lambda+0x00000000233ca3a0
instanceKlass  @bci org/eclipse/m2e/core/internal/project/registry/ProjectRegistryManager refresh (Lorg/eclipse/m2e/core/internal/project/registry/MutableProjectRegistry;Lorg/eclipse/m2e/core/internal/project/registry/DependencyResolutionContext;Lorg/eclipse/core/runtime/IProgressMonitor;)V 49 <appendix> member <vmtarget> ; # org/eclipse/m2e/core/internal/project/registry/ProjectRegistryManager$$Lambda+0x00000000233ca160
instanceKlass  @bci org/eclipse/m2e/core/internal/project/registry/ProjectRegistryManager refresh (Lorg/eclipse/m2e/core/internal/project/registry/MutableProjectRegistry;Ljava/util/Collection;Lorg/eclipse/core/runtime/IProgressMonitor;)Ljava/util/Map; 53 <appendix> member <vmtarget> ; # org/eclipse/m2e/core/internal/project/registry/ProjectRegistryManager$$Lambda+0x00000000233c9f30
instanceKlass  @cpi org/eclipse/m2e/core/internal/project/registry/ProjectRegistryManager 1803 form vmentry <vmtarget> ; # java/lang/invoke/LambdaForm$DMH+0x00000000233f0000
instanceKlass  @bci org/eclipse/m2e/core/internal/project/registry/ProjectRegistryRefreshJob lambda$0 (Lorg/eclipse/m2e/core/internal/project/registry/MutableProjectRegistry;Ljava/util/List;Lorg/eclipse/core/runtime/IProgressMonitor;Lorg/eclipse/m2e/core/embedder/IMavenExecutionContext;Lorg/eclipse/core/runtime/IProgressMonitor;)Ljava/lang/Object; 344 <appendix> member <vmtarget> ; # org/eclipse/m2e/core/internal/project/registry/ProjectRegistryRefreshJob$$Lambda+0x00000000233c9d00
instanceKlass org/eclipse/m2e/core/internal/embedder/AbstractTransferListenerAdapter
instanceKlass org/apache/maven/session/scope/internal/SessionScope$CachingProvider
instanceKlass  @bci org/apache/maven/session/scope/internal/SessionScope seed (Ljava/lang/Class;Ljava/lang/Object;)V 3 <appendix> member <vmtarget> ; # org/apache/maven/session/scope/internal/SessionScope$$Lambda+0x00000000233ec398
instanceKlass org/apache/maven/settings/RuntimeInfo
instanceKlass org/apache/maven/execution/DefaultMavenExecutionResult
instanceKlass org/eclipse/aether/AbstractForwardingRepositorySystemSession
instanceKlass org/eclipse/aether/internal/impl/Utils
instanceKlass org/eclipse/aether/internal/impl/LocalPathPrefixComposerFactorySupport$LocalPathPrefixComposerSupport
instanceKlass org/eclipse/aether/internal/impl/SimpleLocalRepositoryManager
instanceKlass org/eclipse/aether/internal/impl/PrioritizedComponent
instanceKlass org/eclipse/sisu/wire/EntrySetAdapter$ValueIterator
instanceKlass org/eclipse/aether/internal/impl/PrioritizedComponents
instanceKlass  @bci org/apache/maven/RepositoryUtils toRepos (Ljava/util/List;)Ljava/util/List; 18 <appendix> argL0 ; # org/apache/maven/RepositoryUtils$$Lambda+0x00000000233ea840
instanceKlass org/eclipse/aether/repository/RemoteRepository$Builder
instanceKlass org/eclipse/aether/util/ConfigUtils
instanceKlass org/eclipse/aether/util/repository/DefaultAuthenticationSelector
instanceKlass org/eclipse/aether/util/repository/DefaultProxySelector
instanceKlass org/eclipse/aether/util/repository/DefaultMirrorSelector
instanceKlass org/apache/maven/settings/crypto/DefaultSettingsDecryptionResult
instanceKlass org/apache/maven/settings/crypto/DefaultSettingsDecryptionRequest
instanceKlass org/apache/maven/RepositoryUtils$MavenArtifactTypeRegistry
instanceKlass org/apache/maven/RepositoryUtils
instanceKlass org/eclipse/aether/util/repository/SimpleResolutionErrorPolicy
instanceKlass  @bci java/util/stream/Collectors mapMerger (Ljava/util/function/BinaryOperator;)Ljava/util/function/BinaryOperator; 1 <appendix> member <vmtarget> ; # java/util/stream/Collectors$$Lambda+0x000000002317ce30
instanceKlass  @bci java/util/stream/Collectors toMap (Ljava/util/function/Function;Ljava/util/function/Function;Ljava/util/function/BinaryOperator;Ljava/util/function/Supplier;)Ljava/util/stream/Collector; 3 <appendix> member <vmtarget> ; # java/util/stream/Collectors$$Lambda+0x000000002317cbf0
instanceKlass  @bci java/util/stream/Collectors toMap (Ljava/util/function/Function;Ljava/util/function/Function;Ljava/util/function/BinaryOperator;)Ljava/util/stream/Collector; 3 <appendix> argL0 ; # java/util/stream/Collectors$$Lambda+0x000000002317c9c8
instanceKlass  @bci org/apache/maven/internal/aether/DefaultRepositorySystemSessionFactory getPropertiesFromRequestedProfiles (Lorg/apache/maven/execution/MavenExecutionRequest;)Ljava/util/Map; 59 <appendix> argL0 ; # org/apache/maven/internal/aether/DefaultRepositorySystemSessionFactory$$Lambda+0x00000000233e8920
instanceKlass  @bci org/apache/maven/internal/aether/DefaultRepositorySystemSessionFactory getPropertiesFromRequestedProfiles (Lorg/apache/maven/execution/MavenExecutionRequest;)Ljava/util/Map; 54 <appendix> argL0 ; # org/apache/maven/internal/aether/DefaultRepositorySystemSessionFactory$$Lambda+0x00000000233e86d8
instanceKlass  @bci org/apache/maven/internal/aether/DefaultRepositorySystemSessionFactory getPropertiesFromRequestedProfiles (Lorg/apache/maven/execution/MavenExecutionRequest;)Ljava/util/Map; 49 <appendix> argL0 ; # org/apache/maven/internal/aether/DefaultRepositorySystemSessionFactory$$Lambda+0x00000000233e8490
instanceKlass  @bci org/apache/maven/internal/aether/DefaultRepositorySystemSessionFactory getPropertiesFromRequestedProfiles (Lorg/apache/maven/execution/MavenExecutionRequest;)Ljava/util/Map; 39 <appendix> argL0 ; # org/apache/maven/internal/aether/DefaultRepositorySystemSessionFactory$$Lambda+0x00000000233e8248
instanceKlass  @bci org/apache/maven/internal/aether/DefaultRepositorySystemSessionFactory getPropertiesFromRequestedProfiles (Lorg/apache/maven/execution/MavenExecutionRequest;)Ljava/util/Map; 29 <appendix> argL0 ; # org/apache/maven/internal/aether/DefaultRepositorySystemSessionFactory$$Lambda+0x00000000233e8000
instanceKlass  @bci org/apache/maven/internal/aether/DefaultRepositorySystemSessionFactory getPropertiesFromRequestedProfiles (Lorg/apache/maven/execution/MavenExecutionRequest;)Ljava/util/Map; 19 <appendix> member <vmtarget> ; # org/apache/maven/internal/aether/DefaultRepositorySystemSessionFactory$$Lambda+0x00000000233e7d28
instanceKlass org/eclipse/aether/util/repository/SimpleArtifactDescriptorPolicy
instanceKlass org/eclipse/aether/artifact/DefaultArtifactType
instanceKlass org/eclipse/aether/util/artifact/SimpleArtifactTypeRegistry
instanceKlass org/eclipse/aether/util/graph/transformer/JavaDependencyContextRefiner
instanceKlass org/eclipse/aether/util/graph/transformer/ChainedDependencyGraphTransformer
instanceKlass org/eclipse/aether/util/graph/transformer/ConflictResolver
instanceKlass org/eclipse/aether/graph/Exclusion
instanceKlass org/eclipse/aether/util/graph/selector/ExclusionDependencySelector
instanceKlass org/eclipse/aether/util/graph/selector/OptionalDependencySelector
instanceKlass org/eclipse/aether/util/graph/selector/ScopeDependencySelector
instanceKlass org/eclipse/aether/util/graph/selector/AndDependencySelector
instanceKlass org/eclipse/aether/util/graph/manager/ClassicDependencyManager
instanceKlass org/eclipse/aether/util/graph/traverser/FatArtifactTraverser
instanceKlass org/eclipse/aether/DefaultSessionData
instanceKlass org/eclipse/aether/DefaultRepositorySystemSession$NullFileTransformerManager
instanceKlass org/eclipse/aether/transform/FileTransformerManager
instanceKlass org/eclipse/aether/DefaultRepositorySystemSession$NullArtifactTypeRegistry
instanceKlass org/eclipse/aether/DefaultRepositorySystemSession$NullAuthenticationSelector
instanceKlass org/eclipse/aether/DefaultRepositorySystemSession$NullProxySelector
instanceKlass org/eclipse/aether/DefaultRepositorySystemSession$NullMirrorSelector
instanceKlass org/eclipse/aether/SessionData
instanceKlass org/eclipse/aether/artifact/ArtifactTypeRegistry
instanceKlass org/apache/maven/repository/internal/MavenRepositorySystemUtils
instanceKlass org/apache/maven/graph/DefaultGraphBuilder$$FastClassByGuice$$196854170
instanceKlass jdk/internal/math/ToDecimal
instanceKlass org/apache/maven/plugin/prefix/internal/DefaultPluginPrefixResolver$$FastClassByGuice$$195485827
instanceKlass org/apache/maven/plugin/CompoundMojoExecutionListener
instanceKlass org/apache/maven/plugin/DefaultBuildPluginManager$$FastClassByGuice$$194420353
instanceKlass org/apache/maven/lifecycle/internal/DefaultLifecycleTaskSegmentCalculator$$FastClassByGuice$$193372558
instanceKlass org/apache/maven/lifecycle/internal/DefaultExecutionEventCatapult$$FastClassByGuice$$192707103
instanceKlass org/apache/maven/project/DefaultProjectDependenciesResolver$$FastClassByGuice$$191001482
instanceKlass org/apache/maven/project/RepositorySessionDecorator
instanceKlass com/google/inject/internal/DelegatingInvocationHandler
instanceKlass org/apache/maven/artifact/repository/metadata/io/DefaultMetadataReader$$FastClassByGuice$$190421005
instanceKlass org/apache/maven/plugin/version/internal/DefaultPluginVersionResolver$$FastClassByGuice$$189195376
instanceKlass org/apache/maven/rtinfo/internal/DefaultRuntimeInformation$$FastClassByGuice$$188690500
instanceKlass org/apache/maven/plugin/DefaultPluginDescriptorCache$$FastClassByGuice$$187528149
instanceKlass org/apache/maven/plugin/internal/DefaultMavenPluginManager$$FastClassByGuice$$186626986
instanceKlass org/codehaus/plexus/classworlds/realm/Entry
instanceKlass org/apache/maven/classrealm/DefaultClassRealmRequest
instanceKlass org/eclipse/sisu/wire/EntryListAdapter$ValueIterator
instanceKlass org/apache/maven/project/DefaultProjectBuildingHelper$$FastClassByGuice$$185018621
instanceKlass org/apache/maven/project/DefaultProjectBuilder$$FastClassByGuice$$184359177
instanceKlass org/apache/maven/DefaultMaven$$FastClassByGuice$$182875252
instanceKlass org/apache/maven/properties/internal/SystemProperties
instanceKlass org/codehaus/plexus/util/Os
instanceKlass org/apache/maven/properties/internal/EnvironmentUtils
instanceKlass org/apache/maven/artifact/repository/layout/ArtifactRepositoryLayout2
instanceKlass org/apache/maven/artifact/repository/layout/DefaultRepositoryLayout$$FastClassByGuice$$182364395
instanceKlass org/apache/maven/repository/DefaultMirrorSelector$$FastClassByGuice$$181329568
instanceKlass org/apache/maven/repository/legacy/repository/DefaultArtifactRepositoryFactory$$FastClassByGuice$$179768739
instanceKlass org/eclipse/aether/artifact/ArtifactType
instanceKlass org/apache/maven/lifecycle/internal/DefaultLifecyclePluginAnalyzer$$FastClassByGuice$$178660858
instanceKlass org/apache/maven/model/plugin/DefaultLifecycleBindingsInjector$$FastClassByGuice$$178228668
instanceKlass org/apache/maven/model/Contributor
instanceKlass org/apache/maven/model/PatternSet
instanceKlass org/apache/maven/model/merge/ModelMerger$KeyComputer
instanceKlass org/apache/maven/model/merge/ModelMerger$Remapping
instanceKlass  @bci org/eclipse/aether/internal/impl/synccontext/named/NamedLockFactoryAdapterFactoryImpl <init> (Ljava/util/Map;Ljava/lang/String;Ljava/util/Map;Ljava/lang/String;Lorg/eclipse/aether/impl/RepositorySystemLifecycle;)V 63 <appendix> member <vmtarget> ; # org/eclipse/aether/internal/impl/synccontext/named/NamedLockFactoryAdapterFactoryImpl$$Lambda+0x00000000233dd250
instanceKlass org/eclipse/sisu/wire/NamedIterableAdapter
instanceKlass org/eclipse/aether/internal/impl/DefaultUpdateCheckManager$1
instanceKlass org/apache/maven/repository/legacy/DefaultUpdateCheckManager$$FastClassByGuice$$177173404
instanceKlass org/apache/maven/repository/legacy/DefaultWagonManager$$FastClassByGuice$$175810922
instanceKlass org/apache/maven/artifact/repository/metadata/DefaultRepositoryMetadataManager$$FastClassByGuice$$174292339
instanceKlass org/apache/maven/project/artifact/DefaultMetadataSource$$FastClassByGuice$$173755661
instanceKlass org/apache/maven/artifact/resolver/DefaultResolutionErrorHandler$$FastClassByGuice$$172461660
instanceKlass org/apache/maven/plugin/internal/DefaultLegacySupport$$FastClassByGuice$$170921905
instanceKlass org/apache/maven/repository/legacy/resolver/conflict/NearestConflictResolver$$FastClassByGuice$$170393719
instanceKlass org/apache/maven/artifact/resolver/DefaultArtifactCollector$$FastClassByGuice$$169088347
instanceKlass org/apache/maven/artifact/resolver/DefaultArtifactResolver$DaemonThreadCreator
instanceKlass org/apache/maven/artifact/resolver/DefaultArtifactResolver$$FastClassByGuice$$167948440
instanceKlass org/apache/maven/artifact/factory/DefaultArtifactFactory$$FastClassByGuice$$167714434
instanceKlass org/apache/maven/repository/legacy/LegacyRepositorySystem$$FastClassByGuice$$165738973
instanceKlass org/apache/maven/artifact/handler/manager/DefaultArtifactHandlerManager$$FastClassByGuice$$165523663
instanceKlass org/eclipse/sisu/inject/Guice4$2
instanceKlass  @bci java/util/regex/Pattern Range (II)Ljava/util/regex/Pattern$CharPredicate; 23 <appendix> member <vmtarget> ; # java/util/regex/Pattern$$Lambda+0x800000028
instanceKlass org/apache/maven/settings/building/DefaultSettingsBuildingResult
instanceKlass org/codehaus/plexus/util/xml/pull/EntityReplacementMap
instanceKlass org/apache/maven/settings/io/xpp3/SettingsXpp3Reader$1
instanceKlass org/apache/maven/settings/io/xpp3/SettingsXpp3Reader$ContentTransformer
instanceKlass org/apache/maven/settings/io/xpp3/SettingsXpp3Reader
instanceKlass org/codehaus/plexus/interpolation/SimpleRecursionInterceptor
instanceKlass org/apache/maven/settings/building/DefaultSettingsBuilder$1
instanceKlass org/codehaus/plexus/interpolation/os/OperatingSystemUtils$DefaultEnvVarSource
instanceKlass org/codehaus/plexus/interpolation/os/OperatingSystemUtils$EnvVarSource
instanceKlass org/codehaus/plexus/interpolation/os/OperatingSystemUtils
instanceKlass org/codehaus/plexus/interpolation/AbstractValueSource
instanceKlass org/codehaus/plexus/util/xml/pull/MXSerializer
instanceKlass org/codehaus/plexus/util/xml/pull/XmlSerializer
instanceKlass org/apache/maven/settings/io/xpp3/SettingsXpp3Writer
instanceKlass org/codehaus/plexus/util/StringUtils
instanceKlass org/eclipse/sisu/inject/LazyBeanEntry$JsrNamed
instanceKlass org/eclipse/sisu/inject/LazyBeanEntry
instanceKlass javax/annotation/Priority
instanceKlass org/eclipse/sisu/inject/Implementations
instanceKlass org/eclipse/sisu/plexus/LazyPlexusBean
instanceKlass org/eclipse/sisu/inject/RankedSequence$Itr
instanceKlass org/eclipse/sisu/inject/RankedBindings$Itr
instanceKlass org/eclipse/sisu/inject/LocatedBeans$Itr
instanceKlass org/eclipse/sisu/plexus/RealmFilteredBeans$FilteredItr
instanceKlass org/eclipse/sisu/plexus/DefaultPlexusBeans$Itr
instanceKlass org/eclipse/sisu/plexus/DefaultPlexusBeans
instanceKlass org/eclipse/sisu/plexus/RealmFilteredBeans
instanceKlass org/eclipse/sisu/inject/BeanCache
instanceKlass org/eclipse/sisu/inject/LocatedBeans
instanceKlass org/eclipse/sisu/inject/MildElements$Indexable
instanceKlass org/eclipse/m2e/core/internal/embedder/PlexusContainerManager$2
instanceKlass org/eclipse/m2e/core/internal/embedder/LifecycleManagerDisposer
instanceKlass com/google/inject/internal/ProviderInternalFactory$1
instanceKlass com/google/inject/internal/ConstructorInjector$1
instanceKlass org/eclipse/sisu/inject/WatchedBeans
instanceKlass org/eclipse/sisu/inject/MildValues$ValueItr
instanceKlass org/eclipse/sisu/inject/InjectorBindings
instanceKlass com/google/inject/spi/ProvisionListener$ProvisionInvocation
instanceKlass com/google/inject/internal/MembersInjectorImpl$1
instanceKlass com/google/inject/internal/InternalContext
instanceKlass com/google/inject/internal/Initializer$1
instanceKlass com/google/common/collect/AbstractMapBasedMultimap$AsMap$AsMapIterator
instanceKlass org/codehaus/plexus/DefaultPlexusContainer$$FastClassByGuice$$163930030
instanceKlass org/eclipse/sisu/wire/TypeConverterCache$$FastClassByGuice$$162643773
instanceKlass com/google/inject/internal/SingleMethodInjector$1
instanceKlass org/eclipse/sisu/inject/DefaultBeanLocator$$FastClassByGuice$$161918407
instanceKlass com/google/inject/internal/InjectorImpl$MethodInvoker
instanceKlass com/google/inject/internal/SingleMethodInjector
instanceKlass org/eclipse/sisu/plexus/PlexusXmlBeanConverter$$FastClassByGuice$$160538751
instanceKlass org/eclipse/m2e/core/internal/embedder/EclipseRepositoryListener$$FastClassByGuice$$160074012
instanceKlass org/eclipse/m2e/core/internal/embedder/EclipseClassRealmManagerDelegate$$FastClassByGuice$$158751124
instanceKlass org/eclipse/m2e/core/internal/embedder/EclipseBuildContext$$FastClassByGuice$$158311435
instanceKlass org/eclipse/m2e/core/internal/project/registry/EclipsePluginDependenciesResolver$$FastClassByGuice$$157214201
instanceKlass org/eclipse/m2e/core/internal/project/EclipsePluginArtifactsCache$$FastClassByGuice$$155533570
instanceKlass org/eclipse/m2e/core/internal/project/EclipsePluginRealmCache$$FastClassByGuice$$154790876
instanceKlass org/eclipse/m2e/core/internal/project/EclipseProjectRealmCache$$FastClassByGuice$$153498176
instanceKlass org/eclipse/m2e/core/internal/project/EclipseExtensionRealmCache$$FastClassByGuice$$152446022
instanceKlass org/eclipse/m2e/core/internal/project/EclipseMavenMetadataCache$$FastClassByGuice$$151943499
instanceKlass org/sonatype/plexus/components/sec/dispatcher/DefaultSecDispatcher$$FastClassByGuice$$150138756
instanceKlass org/sonatype/plexus/components/cipher/DefaultPlexusCipher$$FastClassByGuice$$149481523
instanceKlass org/codehaus/plexus/build/DefaultBuildContext$$FastClassByGuice$$148030645
instanceKlass org/codehaus/plexus/component/configurator/MapOrientedComponentConfigurator$$FastClassByGuice$$147603072
instanceKlass org/codehaus/plexus/component/configurator/BasicComponentConfigurator$$FastClassByGuice$$145951717
instanceKlass org/apache/maven/settings/validation/DefaultSettingsValidator$$FastClassByGuice$$145511263
instanceKlass org/apache/maven/settings/io/DefaultSettingsWriter$$FastClassByGuice$$144403741
instanceKlass org/apache/maven/settings/io/DefaultSettingsReader$$FastClassByGuice$$142801387
instanceKlass org/apache/maven/settings/crypto/DefaultSettingsDecrypter$$FastClassByGuice$$142431478
instanceKlass org/apache/maven/settings/building/DefaultSettingsBuilder$$FastClassByGuice$$140858658
instanceKlass org/eclipse/aether/transport/wagon/WagonTransporterFactory$$FastClassByGuice$$139783170
instanceKlass org/eclipse/aether/internal/transport/wagon/PlexusWagonProvider$$FastClassByGuice$$139337003
instanceKlass org/eclipse/aether/internal/transport/wagon/PlexusWagonConfigurator$$FastClassByGuice$$137595069
instanceKlass org/eclipse/aether/transport/http/XChecksumChecksumExtractor$$FastClassByGuice$$137220214
instanceKlass org/eclipse/aether/transport/http/Nexus2ChecksumExtractor$$FastClassByGuice$$135367898
instanceKlass org/eclipse/aether/transport/http/HttpTransporterFactory$$FastClassByGuice$$135022828
instanceKlass org/eclipse/aether/transport/file/FileTransporterFactory$$FastClassByGuice$$133582962
instanceKlass org/apache/maven/repository/internal/VersionsMetadataGeneratorFactory$$FastClassByGuice$$133021175
instanceKlass org/apache/maven/repository/internal/SnapshotMetadataGeneratorFactory$$FastClassByGuice$$131966520
instanceKlass org/apache/maven/repository/internal/PluginsMetadataGeneratorFactory$$FastClassByGuice$$130053191
instanceKlass org/apache/maven/repository/internal/DefaultVersionResolver$$FastClassByGuice$$129803425
instanceKlass org/apache/maven/repository/internal/DefaultVersionRangeResolver$$FastClassByGuice$$128356514
instanceKlass org/apache/maven/repository/internal/DefaultModelCacheFactory$$FastClassByGuice$$127023694
instanceKlass org/apache/maven/repository/internal/DefaultArtifactDescriptorReader$$FastClassByGuice$$126438019
instanceKlass org/eclipse/aether/named/providers/NoopNamedLockFactory$$FastClassByGuice$$124892013
instanceKlass org/eclipse/aether/named/providers/LocalSemaphoreNamedLockFactory$$FastClassByGuice$$124277234
instanceKlass org/eclipse/aether/named/providers/LocalReadWriteLockNamedLockFactory$$FastClassByGuice$$122744153
instanceKlass org/eclipse/aether/named/providers/FileLockNamedLockFactory$$FastClassByGuice$$122585714
instanceKlass org/eclipse/aether/internal/impl/synccontext/named/providers/StaticNameMapperProvider$$FastClassByGuice$$121499049
instanceKlass org/eclipse/aether/internal/impl/synccontext/named/providers/GAVNameMapperProvider$$FastClassByGuice$$120522001
instanceKlass org/eclipse/aether/internal/impl/synccontext/named/providers/FileStaticNameMapperProvider$$FastClassByGuice$$118529057
instanceKlass org/eclipse/aether/internal/impl/synccontext/named/providers/FileHashingGAVNameMapperProvider$$FastClassByGuice$$118324303
instanceKlass org/eclipse/aether/internal/impl/synccontext/named/providers/FileGAVNameMapperProvider$$FastClassByGuice$$116566102
instanceKlass org/eclipse/aether/internal/impl/synccontext/named/providers/DiscriminatingNameMapperProvider$$FastClassByGuice$$115984281
instanceKlass org/eclipse/aether/internal/impl/synccontext/named/NamedLockFactoryAdapterFactoryImpl$$FastClassByGuice$$114642502
instanceKlass org/eclipse/aether/internal/impl/synccontext/legacy/DefaultSyncContextFactory$$FastClassByGuice$$113318245
instanceKlass org/eclipse/aether/internal/impl/synccontext/DefaultSyncContextFactory$$FastClassByGuice$$112968952
instanceKlass org/eclipse/aether/internal/impl/slf4j/Slf4jLoggerFactory$$FastClassByGuice$$111592462
instanceKlass org/eclipse/aether/internal/impl/resolution/TrustedChecksumsArtifactResolverPostProcessor$$FastClassByGuice$$110811772
instanceKlass org/eclipse/aether/internal/impl/filter/PrefixesRemoteRepositoryFilterSource$$FastClassByGuice$$109173650
instanceKlass org/eclipse/aether/internal/impl/filter/GroupIdRemoteRepositoryFilterSource$$FastClassByGuice$$108576122
instanceKlass org/eclipse/aether/internal/impl/filter/DefaultRemoteRepositoryFilterManager$$FastClassByGuice$$107239600
instanceKlass org/eclipse/aether/internal/impl/collect/df/DfDependencyCollector$$FastClassByGuice$$106551543
instanceKlass org/eclipse/aether/internal/impl/collect/bf/BfDependencyCollector$$FastClassByGuice$$105382961
instanceKlass org/eclipse/aether/internal/impl/collect/DefaultDependencyCollector$$FastClassByGuice$$104376303
instanceKlass org/eclipse/aether/internal/impl/checksum/TrustedToProvidedChecksumsSourceAdapter$$FastClassByGuice$$102791277
instanceKlass org/eclipse/aether/internal/impl/checksum/SummaryFileTrustedChecksumsSource$$FastClassByGuice$$102209277
instanceKlass org/eclipse/aether/internal/impl/checksum/SparseDirectoryTrustedChecksumsSource$$FastClassByGuice$$101088805
instanceKlass org/eclipse/aether/internal/impl/checksum/Sha512ChecksumAlgorithmFactory$$FastClassByGuice$$100521406
instanceKlass org/eclipse/aether/internal/impl/checksum/Sha256ChecksumAlgorithmFactory$$FastClassByGuice$$99549029
instanceKlass org/eclipse/aether/internal/impl/checksum/Sha1ChecksumAlgorithmFactory$$FastClassByGuice$$97983413
instanceKlass  @bci com/google/inject/internal/aop/ImmutableStringTrie buildTrie (Ljava/util/Collection;)Ljava/util/function/ToIntFunction; 38 <appendix> argL0 ; # com/google/inject/internal/aop/ImmutableStringTrie$$Lambda+0x00000000233bdcc0
instanceKlass org/eclipse/aether/internal/impl/checksum/Md5ChecksumAlgorithmFactory$$FastClassByGuice$$96775052
instanceKlass org/eclipse/aether/internal/impl/checksum/DefaultChecksumAlgorithmFactorySelector$$FastClassByGuice$$96250389
instanceKlass org/eclipse/aether/internal/impl/SimpleLocalRepositoryManagerFactory$$FastClassByGuice$$94776095
instanceKlass org/eclipse/aether/internal/impl/Maven2RepositoryLayoutFactory$$FastClassByGuice$$94232017
instanceKlass org/eclipse/aether/internal/impl/LoggerFactoryProvider$$FastClassByGuice$$93078353
instanceKlass org/eclipse/aether/internal/impl/EnhancedLocalRepositoryManagerFactory$$FastClassByGuice$$91964160
instanceKlass org/eclipse/aether/internal/impl/DefaultUpdatePolicyAnalyzer$$FastClassByGuice$$90395281
instanceKlass org/eclipse/aether/internal/impl/DefaultUpdateCheckManager$$FastClassByGuice$$89977319
instanceKlass org/eclipse/aether/internal/impl/DefaultTransporterProvider$$FastClassByGuice$$88501900
instanceKlass org/eclipse/aether/internal/impl/DefaultTrackingFileManager$$FastClassByGuice$$87776161
instanceKlass org/eclipse/aether/internal/impl/DefaultRepositorySystemLifecycle$$FastClassByGuice$$86125102
instanceKlass org/eclipse/aether/internal/impl/DefaultRepositorySystem$$FastClassByGuice$$85897840
instanceKlass org/eclipse/aether/internal/impl/DefaultRepositoryLayoutProvider$$FastClassByGuice$$84866049
instanceKlass org/eclipse/aether/internal/impl/DefaultRepositoryEventDispatcher$$FastClassByGuice$$83596368
instanceKlass org/eclipse/aether/internal/impl/DefaultRepositoryConnectorProvider$$FastClassByGuice$$82217814
instanceKlass org/eclipse/aether/internal/impl/DefaultRemoteRepositoryManager$$FastClassByGuice$$81729504
instanceKlass org/eclipse/aether/internal/impl/DefaultOfflineController$$FastClassByGuice$$79988101
instanceKlass org/eclipse/aether/internal/impl/DefaultMetadataResolver$$FastClassByGuice$$79499136
instanceKlass org/eclipse/aether/internal/impl/DefaultLocalRepositoryProvider$$FastClassByGuice$$78540951
instanceKlass org/eclipse/aether/internal/impl/DefaultLocalPathPrefixComposerFactory$$FastClassByGuice$$76971036
instanceKlass org/eclipse/aether/internal/impl/DefaultLocalPathComposer$$FastClassByGuice$$76230389
instanceKlass org/eclipse/aether/internal/impl/DefaultInstaller$$FastClassByGuice$$75033690
instanceKlass org/eclipse/aether/internal/impl/DefaultFileProcessor$$FastClassByGuice$$73928270
instanceKlass org/eclipse/aether/internal/impl/DefaultDeployer$$FastClassByGuice$$73126718
instanceKlass org/eclipse/aether/internal/impl/DefaultChecksumPolicyProvider$$FastClassByGuice$$71352975
instanceKlass org/eclipse/aether/internal/impl/DefaultArtifactResolver$$FastClassByGuice$$71260696
instanceKlass org/eclipse/aether/connector/basic/BasicRepositoryConnectorFactory$$FastClassByGuice$$70042765
instanceKlass org/apache/maven/model/validation/DefaultModelValidator$$FastClassByGuice$$68988695
instanceKlass org/apache/maven/model/superpom/DefaultSuperPomProvider$$FastClassByGuice$$67179823
instanceKlass org/apache/maven/model/profile/activation/PropertyProfileActivator$$FastClassByGuice$$66358752
instanceKlass org/apache/maven/model/profile/activation/OperatingSystemProfileActivator$$FastClassByGuice$$65199155
instanceKlass org/apache/maven/model/profile/activation/JdkVersionProfileActivator$$FastClassByGuice$$64608645
instanceKlass org/apache/maven/model/profile/activation/FileProfileActivator$$FastClassByGuice$$63816505
instanceKlass org/apache/maven/model/profile/DefaultProfileSelector$$FastClassByGuice$$62531720
instanceKlass org/apache/maven/model/profile/DefaultProfileInjector$$FastClassByGuice$$61435987
instanceKlass org/apache/maven/model/plugin/DefaultReportingConverter$$FastClassByGuice$$60809242
instanceKlass org/apache/maven/model/plugin/DefaultReportConfigurationExpander$$FastClassByGuice$$59742907
instanceKlass org/apache/maven/model/plugin/DefaultPluginConfigurationExpander$$FastClassByGuice$$57904010
instanceKlass org/apache/maven/model/path/ProfileActivationFilePathInterpolator$$FastClassByGuice$$57275902
instanceKlass org/apache/maven/model/path/DefaultUrlNormalizer$$FastClassByGuice$$55923698
instanceKlass org/apache/maven/model/path/DefaultPathTranslator$$FastClassByGuice$$54898895
instanceKlass org/apache/maven/model/path/DefaultModelUrlNormalizer$$FastClassByGuice$$53527222
instanceKlass org/apache/maven/model/path/DefaultModelPathTranslator$$FastClassByGuice$$53104553
instanceKlass org/apache/maven/model/normalization/DefaultModelNormalizer$$FastClassByGuice$$52158070
instanceKlass org/apache/maven/model/management/DefaultPluginManagementInjector$$FastClassByGuice$$50865936
instanceKlass org/apache/maven/model/management/DefaultDependencyManagementInjector$$FastClassByGuice$$49639294
instanceKlass org/apache/maven/model/locator/DefaultModelLocator$$FastClassByGuice$$48338370
instanceKlass org/apache/maven/model/io/DefaultModelWriter$$FastClassByGuice$$47759291
instanceKlass org/apache/maven/model/io/DefaultModelReader$$FastClassByGuice$$46790888
instanceKlass org/apache/maven/model/interpolation/StringVisitorModelInterpolator$$FastClassByGuice$$45400310
instanceKlass org/apache/maven/model/interpolation/DefaultModelVersionProcessor$$FastClassByGuice$$44074491
instanceKlass org/apache/maven/model/inheritance/DefaultInheritanceAssembler$$FastClassByGuice$$43434266
instanceKlass org/apache/maven/model/composition/DefaultDependencyManagementImporter$$FastClassByGuice$$42174178
instanceKlass org/apache/maven/model/building/DefaultModelProcessor$$FastClassByGuice$$41208481
instanceKlass org/apache/maven/model/building/DefaultModelBuilder$$FastClassByGuice$$40481726
instanceKlass org/apache/maven/cli/internal/BootstrapCoreExtensionManager$$FastClassByGuice$$39689506
instanceKlass org/apache/maven/cli/configuration/SettingsXmlConfigurationProcessor$$FastClassByGuice$$38415821
instanceKlass org/apache/maven/toolchain/io/DefaultToolchainsWriter$$FastClassByGuice$$36969509
instanceKlass org/apache/maven/toolchain/io/DefaultToolchainsReader$$FastClassByGuice$$36399852
instanceKlass org/apache/maven/toolchain/building/DefaultToolchainsBuilder$$FastClassByGuice$$34863984
instanceKlass org/apache/maven/plugin/internal/ReadOnlyPluginParametersValidator$$FastClassByGuice$$34339965
instanceKlass org/apache/maven/plugin/internal/PlexusContainerDefaultDependenciesValidator$$FastClassByGuice$$32833376
instanceKlass org/apache/maven/plugin/internal/MavenScopeDependenciesValidator$$FastClassByGuice$$31876339
instanceKlass org/apache/maven/plugin/internal/MavenMixedDependenciesValidator$$FastClassByGuice$$30980820
instanceKlass org/apache/maven/plugin/internal/Maven3CompatDependenciesValidator$$FastClassByGuice$$30369611
instanceKlass org/apache/maven/plugin/internal/Maven2DependenciesValidator$$FastClassByGuice$$28453757
instanceKlass org/apache/maven/plugin/internal/DeprecatedPluginValidator$$FastClassByGuice$$27407407
instanceKlass org/apache/maven/plugin/internal/DeprecatedCoreExpressionValidator$$FastClassByGuice$$26766353
instanceKlass org/apache/maven/plugin/internal/DefaultPluginValidationManager$$FastClassByGuice$$25474450
instanceKlass org/apache/maven/plugin/DefaultMojosExecutionStrategy$$FastClassByGuice$$25086138
instanceKlass org/apache/maven/lifecycle/internal/LifecycleDependencyResolver$$FastClassByGuice$$24041514
instanceKlass org/apache/maven/lifecycle/internal/DefaultProjectArtifactFactory$$FastClassByGuice$$22497106
instanceKlass org/apache/maven/internal/aether/ResolverLifecycle$$FastClassByGuice$$21917836
instanceKlass com/google/inject/internal/InjectorImpl$SyntheticProviderBindingImpl$1
instanceKlass com/google/inject/internal/InjectorImpl$1
instanceKlass org/apache/maven/internal/aether/DefaultRepositorySystemSessionFactory$$FastClassByGuice$$20708171
instanceKlass com/google/inject/internal/SingleFieldInjector
instanceKlass org/apache/maven/extension/internal/CoreExportsProvider$$FastClassByGuice$$19820806
instanceKlass org/apache/maven/execution/DefaultMavenExecutionRequestPopulator$$FastClassByGuice$$18137724
instanceKlass org/apache/maven/classrealm/DefaultClassRealmManager$$FastClassByGuice$$17555026
instanceKlass org/apache/maven/ReactorReader$$FastClassByGuice$$16385422
instanceKlass org/apache/maven/DefaultArtifactFilterManager$$FastClassByGuice$$15354891
instanceKlass com/google/inject/internal/SingleParameterInjector
instanceKlass org/eclipse/m2e/internal/maven/listener/M2EMavenBuildDataBridge$$FastClassByGuice$$14308245
instanceKlass org/apache/maven/lifecycle/internal/LifecycleStarter$$FastClassByGuice$$12586640
instanceKlass org/apache/maven/bridge/MavenRepositorySystem$$FastClassByGuice$$11961172
instanceKlass org/apache/maven/lifecycle/DefaultLifecycles$$FastClassByGuice$$10742691
instanceKlass org/apache/maven/lifecycle/internal/LifecycleModuleBuilder$$FastClassByGuice$$10441786
instanceKlass org/apache/maven/eventspy/internal/EventSpyDispatcher$$FastClassByGuice$$8977971
instanceKlass org/eclipse/sisu/bean/BeanPropertySetter
instanceKlass org/eclipse/sisu/PreDestroy
instanceKlass org/eclipse/sisu/PostConstruct
instanceKlass org/apache/maven/lifecycle/internal/builder/BuilderCommon$$FastClassByGuice$$8100277
instanceKlass org/apache/maven/lifecycle/internal/LifecycleDebugLogger$$FastClassByGuice$$7163047
instanceKlass org/apache/maven/lifecycle/Lifecycle$$FastClassByGuice$$6132511
instanceKlass org/eclipse/sisu/plexus/PlexusConfigurations$ConfigurationProvider
instanceKlass org/apache/maven/lifecycle/internal/LifecyclePluginResolver$$FastClassByGuice$$4528391
instanceKlass org/apache/maven/lifecycle/internal/MojoExecutor$$FastClassByGuice$$3888044
instanceKlass org/apache/maven/lifecycle/internal/BuildListCalculator$$FastClassByGuice$$2142942
instanceKlass org/apache/maven/lifecycle/internal/MojoDescriptorCreator$$FastClassByGuice$$1856822
instanceKlass com/google/inject/internal/ProxyFactory
instanceKlass com/google/common/collect/TransformedIterator
instanceKlass  @bci com/google/inject/internal/ConstructorInjectorStore createConstructor (Lcom/google/inject/spi/InjectionPoint;Lcom/google/inject/internal/Errors;)Lcom/google/inject/internal/ConstructorInjector; 62 <appendix> argL0 ; # com/google/inject/internal/ConstructorInjectorStore$$Lambda+0x00000000233aeea8
instanceKlass com/google/inject/spi/InterceptorBinding
instanceKlass com/google/inject/internal/MethodAspect
instanceKlass com/google/inject/internal/MembersInjectorImpl
instanceKlass org/eclipse/sisu/bean/BeanInjector
instanceKlass org/eclipse/sisu/plexus/PlexusLifecycleManager$2
instanceKlass org/eclipse/sisu/bean/PropertyBinder$1
instanceKlass org/eclipse/sisu/plexus/ProvidedPropertyBinding
instanceKlass org/eclipse/sisu/plexus/PlexusRequirements$AbstractRequirementProvider
instanceKlass org/eclipse/sisu/bean/BeanPropertyField
instanceKlass org/eclipse/sisu/bean/DeclaredMembers$MemberIterator
instanceKlass org/eclipse/sisu/bean/BeanPropertyIterator
instanceKlass org/eclipse/sisu/bean/DeclaredMembers
instanceKlass org/eclipse/sisu/bean/IgnoreSetters
instanceKlass org/eclipse/sisu/bean/BeanProperties
instanceKlass org/eclipse/sisu/plexus/PlexusRequirements
instanceKlass org/eclipse/sisu/plexus/PlexusConfigurations
instanceKlass org/eclipse/sisu/plexus/PlexusPropertyBinder
instanceKlass org/eclipse/sisu/bean/BeanLifecycle
instanceKlass com/google/inject/internal/EncounterImpl
instanceKlass  @bci com/google/inject/internal/AbstractBindingProcessor$Processor scheduleInitialization (Lcom/google/inject/internal/BindingImpl;)V 9 <appendix> member <vmtarget> ; # com/google/inject/internal/AbstractBindingProcessor$Processor$$Lambda+0x00000000233aaa00
instanceKlass  @bci org/apache/maven/session/scope/internal/SessionScope scope (Lcom/google/inject/Key;Lcom/google/inject/Provider;)Lcom/google/inject/Provider; 3 <appendix> member <vmtarget> ; # org/apache/maven/session/scope/internal/SessionScope$$Lambda+0x00000000233aa7b8
instanceKlass org/apache/maven/execution/scope/internal/MojoExecutionScope$2
instanceKlass com/google/inject/internal/ProviderInternalFactory
instanceKlass com/google/inject/internal/InternalProviderInstanceBindingImpl$Factory
instanceKlass com/google/inject/internal/FactoryProxy
instanceKlass com/google/inject/internal/InternalFactoryToProviderAdapter
instanceKlass com/google/inject/internal/ConstructionContext
instanceKlass com/google/inject/internal/SingletonScope$1
instanceKlass com/google/inject/internal/ProviderToInternalFactoryAdapter
instanceKlass com/google/inject/internal/CycleDetectingLock$CycleDetectingLockFactory$ReentrantCycleDetectingLock
instanceKlass com/google/inject/internal/Initializer$InjectableReference
instanceKlass com/google/inject/internal/ProvisionListenerStackCallback
instanceKlass com/google/inject/internal/ProvisionListenerCallbackStore$KeyBinding
instanceKlass com/google/inject/internal/util/Classes
instanceKlass com/google/inject/spi/ExposedBinding
instanceKlass com/google/inject/internal/CreationListener
instanceKlass com/google/inject/internal/InjectorShell$LoggerFactory
instanceKlass com/google/inject/internal/InjectorShell$InjectorFactory
instanceKlass com/google/inject/internal/Initializables$1
instanceKlass com/google/inject/internal/Initializables
instanceKlass com/google/inject/internal/ConstantFactory
instanceKlass com/google/inject/internal/InjectorShell
instanceKlass com/google/inject/internal/ProvisionListenerCallbackStore
instanceKlass com/google/inject/spi/TypeEncounter
instanceKlass com/google/inject/internal/SingleMemberInjector
instanceKlass com/google/inject/internal/MembersInjectorStore
instanceKlass com/google/inject/internal/TypeConverterBindingProcessor$4
instanceKlass com/google/inject/internal/TypeConverterBindingProcessor$2
instanceKlass com/google/inject/internal/TypeConverterBindingProcessor$1
instanceKlass com/google/inject/internal/TypeConverterBindingProcessor$5
instanceKlass com/google/inject/internal/FailableCache
instanceKlass com/google/inject/internal/ConstructorInjectorStore
instanceKlass com/google/inject/internal/DeferredLookups
instanceKlass com/google/inject/spi/ConvertedConstantBinding
instanceKlass com/google/inject/spi/ProviderBinding
instanceKlass com/google/inject/internal/InjectorImpl
instanceKlass com/google/inject/internal/Lookups
instanceKlass com/google/inject/internal/InjectorImpl$InjectorOptions
instanceKlass  @bci com/google/inject/internal/AbstractProcessor process (Lcom/google/inject/internal/InjectorImpl;Ljava/util/List;)V 13 <appendix> member <vmtarget> ; # com/google/inject/internal/AbstractProcessor$$Lambda+0x00000000233a5c20
instanceKlass  @bci com/google/inject/spi/BindingSourceRestriction check (Lcom/google/inject/internal/GuiceInternal;Ljava/util/List;)Lcom/google/common/collect/ImmutableList; 11 <appendix> argL0 ; # com/google/inject/spi/BindingSourceRestriction$$Lambda+0x00000000233a5320
instanceKlass org/eclipse/sisu/wire/BeanProviders$4
instanceKlass com/google/inject/internal/ProvisionListenerStackCallback$ProvisionCallback
instanceKlass com/google/inject/internal/ConstructorInjector
instanceKlass com/google/inject/internal/DefaultConstructionProxyFactory$FastClassProxy
instanceKlass  @bci com/google/inject/internal/aop/AbstractGlueGenerator lambda$bindSignaturesToInvokers$0 (Ljava/lang/invoke/MethodHandle;Ljava/util/function/ToIntFunction;Ljava/lang/String;)Ljava/util/function/BiFunction; 8 <adapter> ; # java/lang/invoke/LambdaForm$MH+0x00000000233a0400
instanceKlass  @bci com/google/inject/internal/aop/AbstractGlueGenerator bindSignaturesToInvokers (Ljava/util/function/ToIntFunction;Ljava/lang/invoke/MethodHandle;)Ljava/util/function/Function; 13 <appendix> member <vmtarget> ; # com/google/inject/internal/aop/AbstractGlueGenerator$$Lambda+0x00000000233a4468
instanceKlass com/google/inject/internal/aop/ImmutableStringTrie
instanceKlass org/apache/maven/plugin/internal/DefaultPluginDependenciesResolver$$FastClassByGuice$$863562
instanceKlass com/google/inject/internal/aop/GeneratedClassDefiner
# instanceKlass java/lang/ClassLoader$$DefineAccessByGuice$$+0x00000000233a0000
# instanceKlass java/lang/invoke/LambdaForm$MH+0x000000002339fc00
# instanceKlass java/lang/invoke/LambdaForm$MH+0x000000002339f800
# instanceKlass java/lang/invoke/LambdaForm$MH+0x000000002339f400
# instanceKlass java/lang/invoke/LambdaForm$MH+0x000000002339f000
# instanceKlass java/lang/invoke/LambdaForm$MH+0x000000002339ec00
# instanceKlass java/lang/invoke/LambdaForm$MH+0x000000002339e800
# instanceKlass java/lang/invoke/LambdaForm$MH+0x000000002339e400
# instanceKlass java/lang/invoke/LambdaForm$BMH+0x000000002339e000
# instanceKlass java/lang/invoke/LambdaForm$DMH+0x000000002339dc00
# instanceKlass java/lang/invoke/LambdaForm$DMH+0x000000002339d800
instanceKlass  @bci com/google/inject/internal/aop/UnsafeClassDefiner$ClassLoaderDefineClassHolder <clinit> ()V 0 <appendix> argL0 ; # com/google/inject/internal/aop/UnsafeClassDefiner$ClassLoaderDefineClassHolder$$Lambda+0x000000002339bad8
instanceKlass com/google/inject/internal/aop/UnsafeClassDefiner$ClassLoaderDefineClassHolder
instanceKlass com/google/inject/internal/aop/BytecodeTasks
instanceKlass  @bci com/google/inject/internal/aop/AbstractGlueGenerator generateTrampoline (Lorg/objectweb/asm/ClassWriter;Ljava/util/Collection;)V 30 <appendix> argL0 ; # com/google/inject/internal/aop/AbstractGlueGenerator$$Lambda+0x000000002339b490
instanceKlass org/objectweb/asm/Handle
instanceKlass org/objectweb/asm/Label
instanceKlass com/google/inject/internal/aop/AbstractGlueGenerator
instanceKlass  @bci com/google/inject/internal/aop/ClassBuilding buildFastClass (Ljava/lang/Class;)Ljava/util/function/Function; 20 <appendix> member <vmtarget> ; # com/google/inject/internal/aop/ClassBuilding$$Lambda+0x000000002339a778
instanceKlass  @bci com/google/inject/internal/aop/ClassBuilding buildFastClass (Ljava/lang/Class;)Ljava/util/function/Function; 10 <appendix> member <vmtarget> ; # com/google/inject/internal/aop/ClassBuilding$$Lambda+0x000000002339a538
instanceKlass org/objectweb/asm/Type
# instanceKlass java/lang/invoke/LambdaForm$MH+0x000000002339d400
# instanceKlass java/lang/invoke/LambdaForm$MH+0x000000002339d000
# instanceKlass java/lang/invoke/LambdaForm$MH+0x000000002339cc00
# instanceKlass java/lang/invoke/LambdaForm$BMH+0x000000002339c800
# instanceKlass java/lang/invoke/LambdaForm$DMH+0x000000002339c400
# instanceKlass java/lang/invoke/LambdaForm$DMH+0x000000002339c000
instanceKlass java/util/stream/WhileOps$DropWhileSink
instanceKlass java/util/stream/WhileOps$DropWhileOp
instanceKlass java/util/stream/WhileOps
instanceKlass  @bci sun/misc/Unsafe lambda$beforeMemoryAccessSlow$0 (Ljava/util/stream/Stream;)Ljava/util/List; 1 <appendix> argL0 ; # sun/misc/Unsafe$$Lambda+0x000000002317b900
instanceKlass  @bci sun/misc/Unsafe beforeMemoryAccessSlow ()V 26 <appendix> argL0 ; # sun/misc/Unsafe$$Lambda+0x000000002317b6b8
instanceKlass sun/misc/Unsafe$StackWalkerHolder
instanceKlass  @bci com/google/inject/internal/aop/UnsafeClassDefiner <clinit> ()V 29 <appendix> argL0 ; # com/google/inject/internal/aop/UnsafeClassDefiner$$Lambda+0x000000002339a0f8
instanceKlass com/google/inject/internal/aop/HiddenClassDefiner
instanceKlass sun/misc/Unsafe
instanceKlass  @bci com/google/inject/internal/aop/UnsafeClassDefiner <clinit> ()V 11 <appendix> argL0 ; # com/google/inject/internal/aop/UnsafeClassDefiner$$Lambda+0x0000000023399ca8
instanceKlass com/google/inject/internal/aop/AnonymousClassDefiner
instanceKlass com/google/inject/internal/aop/UnsafeClassDefiner
instanceKlass com/google/inject/internal/aop/ClassDefining$ClassDefinerHolder
instanceKlass com/google/inject/internal/aop/ClassDefiner
instanceKlass com/google/inject/internal/aop/ClassDefining
instanceKlass  @bci com/google/inject/internal/aop/ClassBuilding getOverridableObjectMethods ()[Ljava/lang/reflect/Method; 15 <appendix> member <vmtarget> ; # com/google/inject/internal/aop/ClassBuilding$$Lambda+0x00000000233991f8
instanceKlass  @bci com/google/inject/internal/BytecodeGen <clinit> ()V 25 <appendix> argL0 ; # com/google/inject/internal/BytecodeGen$$Lambda+0x0000000023398f90
instanceKlass com/google/inject/internal/BytecodeGen$EnhancerBuilder
instanceKlass com/google/inject/internal/aop/ClassBuilding
instanceKlass com/google/common/collect/MapMakerInternalMap$StrongValueEntry
instanceKlass com/google/common/collect/MapMakerInternalMap$WeakKeyStrongValueEntry$Helper
instanceKlass com/google/common/collect/MapMakerInternalMap$InternalEntry
instanceKlass com/google/common/collect/MapMakerInternalMap$1
instanceKlass com/google/common/collect/MapMakerInternalMap$InternalEntryHelper
instanceKlass com/google/common/collect/MapMakerInternalMap$WeakValueReference
instanceKlass com/google/common/collect/MapMaker
instanceKlass com/google/inject/internal/BytecodeGen
instanceKlass com/google/inject/internal/ConstructionProxy
instanceKlass com/google/inject/internal/DefaultConstructionProxyFactory
instanceKlass com/google/inject/internal/ConstructionProxyFactory
instanceKlass com/google/inject/internal/ConstructorBindingImpl$Factory
instanceKlass org/eclipse/sisu/inject/TypeArguments$Implicit
instanceKlass org/eclipse/sisu/wire/BeanProviders$6
instanceKlass org/eclipse/sisu/wire/BeanProviders$3
instanceKlass org/sonatype/inject/BeanEntry
instanceKlass org/eclipse/sisu/BeanEntry
instanceKlass org/eclipse/sisu/wire/PlaceholderBeanProvider
instanceKlass org/eclipse/sisu/wire/BeanProviders$7
instanceKlass org/eclipse/sisu/wire/BeanProviders$1
instanceKlass com/google/inject/spi/ProviderLookup$1
instanceKlass com/google/inject/spi/ProviderWithDependencies
instanceKlass com/google/inject/spi/ProviderLookup
instanceKlass org/eclipse/sisu/wire/BeanProviders
instanceKlass org/eclipse/sisu/inject/HiddenSource
instanceKlass org/eclipse/sisu/wire/LocatorWiring
instanceKlass com/google/inject/ProvidedBy
instanceKlass com/google/inject/ImplementedBy
instanceKlass org/sonatype/plexus/components/cipher/PBECipher
instanceKlass org/codehaus/classworlds/ClassRealm
instanceKlass org/apache/maven/settings/crypto/SettingsDecryptionResult
instanceKlass org/apache/maven/settings/building/DefaultSettingsProblemCollector
instanceKlass org/apache/maven/settings/merge/MavenSettingsMerger
instanceKlass org/apache/maven/settings/building/SettingsBuildingResult
instanceKlass org/apache/maven/settings/building/SettingsProblemCollector
instanceKlass org/eclipse/aether/impl/MetadataGenerator
instanceKlass org/apache/maven/model/Relocation
instanceKlass org/apache/maven/repository/internal/ArtifactDescriptorReaderDelegate
instanceKlass org/eclipse/aether/named/support/AdaptedSemaphoreNamedLock$AdaptedSemaphore
instanceKlass org/eclipse/aether/named/support/NamedLockFactorySupport$NamedLockHolder
instanceKlass org/eclipse/aether/named/support/NamedLockSupport
instanceKlass org/eclipse/aether/named/NamedLock
instanceKlass org/eclipse/aether/internal/impl/synccontext/named/NamedLockFactoryAdapter
instanceKlass org/eclipse/aether/spi/log/Logger
instanceKlass org/eclipse/aether/internal/impl/filter/PrefixesRemoteRepositoryFilterSource$Node
instanceKlass org/eclipse/aether/spi/connector/filter/RemoteRepositoryFilter$Result
instanceKlass org/eclipse/aether/spi/connector/filter/RemoteRepositoryFilter
instanceKlass org/eclipse/aether/collection/DependencyTraverser
instanceKlass org/eclipse/aether/collection/DependencyManager
instanceKlass org/eclipse/aether/internal/impl/collect/df/DfDependencyCollector$Args
instanceKlass org/eclipse/aether/internal/impl/collect/bf/BfDependencyCollector$DescriptorResolutionResult
instanceKlass org/eclipse/aether/internal/impl/collect/bf/BfDependencyCollector$Args
instanceKlass org/eclipse/aether/internal/impl/collect/bf/DependencyProcessingContext
instanceKlass org/eclipse/aether/internal/impl/collect/bf/DependencyResolutionSkipper
instanceKlass org/eclipse/aether/internal/impl/collect/DependencyCollectorDelegate$Results
instanceKlass org/eclipse/aether/internal/impl/collect/DefaultDependencyCollectionContext
instanceKlass org/eclipse/aether/collection/DependencyCollectionContext
instanceKlass org/eclipse/aether/internal/impl/collect/DefaultVersionFilterContext
instanceKlass org/eclipse/aether/collection/VersionFilter
instanceKlass org/eclipse/aether/internal/impl/collect/DataPool
instanceKlass org/eclipse/aether/graph/DefaultDependencyNode
instanceKlass org/eclipse/aether/version/Version
instanceKlass org/eclipse/aether/internal/impl/collect/PremanagedDependency
instanceKlass org/eclipse/aether/collection/VersionFilter$VersionFilterContext
instanceKlass org/eclipse/aether/collection/DependencyGraphTransformationContext
instanceKlass org/eclipse/aether/spi/connector/Transfer
instanceKlass org/eclipse/aether/internal/impl/checksum/SummaryFileTrustedChecksumsSource$SummaryFileWriter
instanceKlass org/eclipse/aether/internal/impl/checksum/SparseDirectoryTrustedChecksumsSource$SparseDirectoryWriter
instanceKlass org/eclipse/aether/spi/checksums/TrustedChecksumsSource$Writer
instanceKlass org/eclipse/aether/spi/connector/checksum/ChecksumAlgorithm
instanceKlass org/eclipse/aether/impl/UpdateCheck
instanceKlass org/eclipse/aether/spi/connector/transport/Transporter
instanceKlass org/eclipse/aether/resolution/ArtifactDescriptorRequest
instanceKlass org/eclipse/aether/resolution/DependencyResult
instanceKlass org/eclipse/aether/resolution/DependencyRequest
instanceKlass org/eclipse/aether/resolution/VersionRangeResult
instanceKlass org/eclipse/aether/resolution/VersionRangeRequest
instanceKlass org/eclipse/aether/resolution/VersionRequest
instanceKlass org/eclipse/aether/collection/CollectResult
instanceKlass org/eclipse/aether/collection/CollectRequest
instanceKlass org/eclipse/aether/spi/connector/layout/RepositoryLayout
instanceKlass org/eclipse/aether/repository/LocalRepository
instanceKlass org/eclipse/aether/internal/impl/LocalPathPrefixComposer
instanceKlass org/eclipse/aether/transform/FileTransformer
instanceKlass org/eclipse/aether/installation/InstallResult
instanceKlass org/eclipse/aether/installation/InstallRequest
instanceKlass org/eclipse/aether/spi/io/FileProcessor$ProgressListener
instanceKlass org/eclipse/aether/internal/impl/DefaultDeployer$EventCatapult
instanceKlass org/eclipse/aether/deployment/DeployResult
instanceKlass org/eclipse/aether/deployment/DeployRequest
instanceKlass org/eclipse/aether/repository/RepositoryPolicy
instanceKlass org/eclipse/aether/transfer/TransferResource
instanceKlass org/eclipse/aether/spi/connector/checksum/ChecksumPolicy
instanceKlass org/eclipse/aether/resolution/VersionResult
instanceKlass org/eclipse/aether/repository/LocalArtifactResult
instanceKlass org/eclipse/aether/internal/impl/DefaultArtifactResolver$ResolutionGroup
instanceKlass org/eclipse/aether/resolution/ArtifactRequest
instanceKlass org/eclipse/aether/SyncContext
instanceKlass org/eclipse/aether/spi/locator/ServiceLocator
instanceKlass org/eclipse/aether/repository/RemoteRepository
instanceKlass org/eclipse/aether/spi/connector/RepositoryConnector
instanceKlass org/apache/maven/model/validation/DefaultModelValidator$1ActivationFrame
instanceKlass org/apache/maven/model/profile/activation/JdkVersionProfileActivator$RangeValue
instanceKlass org/apache/maven/model/InputLocation
instanceKlass org/apache/maven/model/InputSource
instanceKlass org/apache/maven/model/interpolation/StringVisitorModelInterpolator$InnerInterpolator
instanceKlass org/apache/maven/model/building/ModelBuildingEventCatapult
instanceKlass org/apache/maven/model/Activation
instanceKlass org/apache/maven/model/ActivationOS
instanceKlass org/apache/maven/model/ActivationFile
instanceKlass org/apache/maven/model/ActivationProperty
instanceKlass org/codehaus/plexus/interpolation/RegexBasedInterpolator
instanceKlass org/apache/maven/model/profile/DefaultProfileActivationContext
instanceKlass org/apache/maven/model/building/ModelData
instanceKlass org/apache/maven/model/building/DefaultModelProblemCollector
instanceKlass org/apache/maven/model/building/ModelCacheTag
instanceKlass org/apache/maven/model/building/ModelBuildingEvent
instanceKlass org/apache/maven/model/building/ModelProblemCollectorExt
instanceKlass org/apache/maven/model/profile/ProfileActivationContext
instanceKlass org/apache/maven/cli/internal/extension/model/CoreExtension
instanceKlass org/apache/maven/cli/CliRequest
instanceKlass org/apache/maven/building/ProblemCollector
instanceKlass org/apache/maven/toolchain/building/ToolchainsBuildingRequest
instanceKlass org/apache/maven/toolchain/merge/MavenToolchainMerger
instanceKlass org/codehaus/plexus/interpolation/InterpolationPostProcessor
instanceKlass org/apache/maven/toolchain/building/ToolchainsBuildingResult
instanceKlass org/eclipse/aether/graph/Dependency
instanceKlass org/eclipse/aether/resolution/ArtifactDescriptorResult
instanceKlass org/apache/maven/plugin/internal/DefaultPluginValidationManager$PluginValidationIssues
instanceKlass com/google/inject/util/Types
instanceKlass org/eclipse/sisu/Nullable
instanceKlass org/eclipse/aether/repository/LocalRepositoryManager
instanceKlass org/eclipse/aether/repository/AuthenticationSelector
instanceKlass org/eclipse/aether/repository/ProxySelector
instanceKlass org/eclipse/aether/repository/MirrorSelector
instanceKlass org/eclipse/aether/resolution/ResolutionErrorPolicy
instanceKlass org/apache/maven/classrealm/ClassRealmConstituent
instanceKlass org/eclipse/aether/repository/WorkspaceRepository
instanceKlass org/apache/maven/ArtifactFilterManagerDelegate
instanceKlass org/eclipse/m2e/internal/maven/listener/M2EMavenBuildDataBridge$MavenProjectBuildData
instanceKlass org/eclipse/m2e/internal/maven/listener/M2EMavenBuildDataBridge$MavenBuildConnection
instanceKlass org/apache/maven/artifact/resolver/DefaultArtifactResolver
instanceKlass org/apache/maven/repository/legacy/resolver/conflict/FarthestConflictResolver
instanceKlass org/apache/maven/artifact/handler/manager/DefaultArtifactHandlerManager
instanceKlass org/apache/maven/repository/DefaultMirrorSelector
instanceKlass org/apache/maven/lifecycle/internal/DefaultLifecycleExecutionPlanCalculator
instanceKlass org/apache/maven/toolchain/DefaultToolchainManager
instanceKlass org/apache/maven/DefaultProjectDependenciesResolver
instanceKlass org/apache/maven/model/merge/ModelMerger
instanceKlass org/apache/maven/model/plugin/DefaultLifecycleBindingsInjector
instanceKlass org/apache/maven/project/validation/ModelValidationResult
instanceKlass org/apache/maven/model/building/ModelProblemCollector
instanceKlass org/apache/maven/project/validation/DefaultModelValidator
instanceKlass org/apache/maven/settings/RepositoryPolicy
instanceKlass org/apache/maven/settings/RepositoryBase
instanceKlass org/apache/maven/configuration/BeanConfigurationRequest
instanceKlass org/apache/maven/configuration/internal/DefaultBeanConfigurator
instanceKlass org/apache/maven/toolchain/DefaultToolchain
instanceKlass org/apache/maven/toolchain/ToolchainPrivate
instanceKlass org/apache/maven/toolchain/java/JavaToolchain
instanceKlass org/apache/maven/toolchain/Toolchain
instanceKlass org/apache/maven/toolchain/java/JavaToolchainFactory
instanceKlass org/apache/maven/artifact/resolver/DefaultResolutionErrorHandler
instanceKlass org/apache/maven/repository/metadata/ClasspathContainer
instanceKlass org/apache/maven/repository/metadata/DefaultClasspathTransformation
instanceKlass org/apache/maven/repository/metadata/DefaultGraphConflictResolutionPolicy
instanceKlass org/apache/maven/repository/legacy/repository/DefaultArtifactRepositoryFactory
instanceKlass org/apache/maven/toolchain/model/TrackableBase
instanceKlass org/apache/maven/toolchain/DefaultToolchainsBuilder
instanceKlass org/apache/maven/execution/ProjectExecutionListener
instanceKlass org/apache/maven/lifecycle/internal/DefaultLifecyclePluginAnalyzer$GoalSpec
instanceKlass org/apache/maven/lifecycle/mapping/LifecyclePhase
instanceKlass org/apache/maven/lifecycle/internal/DefaultLifecyclePluginAnalyzer
instanceKlass org/apache/maven/plugin/descriptor/Parameter
instanceKlass org/apache/maven/lifecycle/internal/DefaultMojoExecutionConfigurator
instanceKlass org/apache/maven/plugin/version/internal/DefaultPluginVersionResult
instanceKlass org/apache/maven/plugin/version/internal/DefaultPluginVersionResolver$Versions
instanceKlass org/apache/maven/plugin/version/internal/DefaultPluginVersionResolver$Key
instanceKlass org/apache/maven/plugin/version/PluginVersionResult
instanceKlass org/apache/maven/plugin/version/internal/DefaultPluginVersionResolver
instanceKlass org/apache/maven/repository/legacy/resolver/conflict/NewestConflictResolver
instanceKlass org/apache/maven/eventspy/EventSpy$Context
instanceKlass org/apache/maven/execution/ExecutionListener
instanceKlass org/apache/maven/artifact/repository/DefaultArtifactRepositoryFactory
instanceKlass org/apache/maven/artifact/factory/DefaultArtifactFactory
instanceKlass org/apache/http/config/Registry
instanceKlass org/apache/http/impl/conn/PoolingHttpClientConnectionManager
instanceKlass org/apache/http/pool/ConnPoolControl
instanceKlass org/apache/http/client/methods/CloseableHttpResponse
instanceKlass org/apache/http/HttpResponse
instanceKlass org/apache/maven/wagon/shared/http/BasicAuthScope
instanceKlass org/apache/maven/wagon/shared/http/HttpConfiguration
instanceKlass org/apache/http/impl/client/CloseableHttpClient
instanceKlass org/apache/http/client/HttpClient
instanceKlass org/apache/http/client/ServiceUnavailableRetryStrategy
instanceKlass org/apache/http/auth/Credentials
instanceKlass org/apache/http/client/AuthCache
instanceKlass org/apache/http/client/CredentialsProvider
instanceKlass org/apache/http/Header
instanceKlass org/apache/http/NameValuePair
instanceKlass org/apache/http/client/HttpRequestRetryHandler
instanceKlass org/apache/http/conn/ssl/TrustStrategy
instanceKlass org/apache/http/ssl/TrustStrategy
instanceKlass org/apache/http/client/RedirectStrategy
instanceKlass org/apache/http/config/Lookup
instanceKlass org/apache/http/protocol/HttpContext
instanceKlass org/apache/http/HttpEntity
instanceKlass org/apache/http/client/methods/HttpUriRequest
instanceKlass org/apache/http/HttpRequest
instanceKlass org/apache/http/HttpMessage
instanceKlass org/apache/http/auth/AuthScheme
instanceKlass org/apache/http/conn/HttpClientConnectionManager
instanceKlass org/apache/maven/profiles/ProfilesRoot
# instanceKlass java/lang/invoke/LambdaForm$MH+0x0000000023375000
instanceKlass org/apache/maven/lifecycle/DefaultLifecycleExecutor
instanceKlass org/apache/maven/execution/BuildSummary
instanceKlass org/apache/maven/project/artifact/MavenMetadataSource$ProjectRelocation
instanceKlass org/apache/maven/project/artifact/MavenMetadataSource
instanceKlass org/apache/maven/execution/ProjectDependencyGraph
instanceKlass org/apache/maven/graph/DefaultGraphBuilder
instanceKlass org/apache/maven/plugin/internal/DefaultPluginManager
instanceKlass org/apache/maven/project/ReactorModelPool
instanceKlass org/apache/maven/model/building/ModelBuildingResult
instanceKlass org/apache/maven/project/DefaultProjectBuilder$InternalConfig
instanceKlass org/apache/maven/model/resolution/ModelResolver
instanceKlass org/apache/maven/model/building/ModelBuildingListener
instanceKlass org/apache/maven/model/building/ModelCache
instanceKlass org/apache/maven/project/DefaultProjectBuilder
instanceKlass org/apache/maven/repository/legacy/resolver/conflict/OldestConflictResolver
instanceKlass org/codehaus/plexus/interpolation/Interpolator
instanceKlass org/codehaus/plexus/interpolation/BasicInterpolator
instanceKlass org/codehaus/plexus/interpolation/ValueSource
instanceKlass org/codehaus/plexus/interpolation/RecursionInterceptor
instanceKlass org/apache/maven/project/artifact/ProjectArtifactsCache$CacheRecord
instanceKlass org/apache/maven/project/artifact/ProjectArtifactsCache$Key
instanceKlass org/apache/maven/project/artifact/DefaultProjectArtifactsCache
instanceKlass org/apache/maven/model/RepositoryPolicy
instanceKlass org/apache/maven/model/Dependency
instanceKlass org/apache/maven/repository/Proxy
instanceKlass org/apache/maven/artifact/repository/Authentication
instanceKlass org/apache/maven/repository/ArtifactTransferListener
instanceKlass org/apache/maven/repository/legacy/LegacyRepositorySystem
instanceKlass org/apache/maven/artifact/repository/layout/FlatRepositoryLayout
instanceKlass org/apache/maven/execution/ExecutionEvent
instanceKlass org/apache/maven/lifecycle/internal/DefaultExecutionEventCatapult
instanceKlass org/apache/maven/repository/metadata/MetadataGraphEdge
instanceKlass org/apache/maven/repository/metadata/MetadataGraph
instanceKlass org/apache/maven/repository/metadata/MetadataGraphVertex
instanceKlass org/apache/maven/repository/metadata/DefaultGraphConflictResolver
instanceKlass org/apache/maven/lifecycle/internal/PhaseRecorder
instanceKlass org/apache/maven/lifecycle/internal/DependencyContext
instanceKlass org/apache/maven/lifecycle/internal/ProjectIndex
instanceKlass org/apache/maven/plugin/MojoExecutionRunner
instanceKlass org/eclipse/aether/util/graph/visitor/AbstractDepthFirstNodeListGenerator
instanceKlass org/apache/maven/plugin/descriptor/PluginDescriptorBuilder
instanceKlass org/codehaus/plexus/component/configurator/ConfigurationListener
instanceKlass org/apache/maven/plugin/logging/Log
instanceKlass org/apache/maven/plugin/internal/DefaultMavenPluginManager
instanceKlass org/apache/maven/repository/legacy/resolver/conflict/NearestConflictResolver
instanceKlass org/apache/maven/repository/legacy/resolver/conflict/DefaultConflictResolverFactory
instanceKlass org/apache/maven/project/DefaultDependencyResolutionResult
instanceKlass org/apache/maven/project/DependencyResolutionRequest
instanceKlass org/apache/maven/project/DependencyResolutionResult
instanceKlass org/apache/maven/project/DefaultProjectDependenciesResolver
instanceKlass org/apache/maven/artifact/repository/metadata/io/DefaultMetadataReader
instanceKlass org/apache/maven/project/DefaultProjectBuildingHelper
instanceKlass org/apache/maven/artifact/repository/metadata/Versioning
instanceKlass org/apache/maven/lifecycle/internal/DefaultLifecycleTaskSegmentCalculator
instanceKlass org/apache/maven/artifact/repository/layout/DefaultRepositoryLayout
instanceKlass org/apache/maven/lifecycle/internal/DefaultLifecycleMappingDelegate
instanceKlass org/eclipse/aether/version/VersionScheme
instanceKlass org/apache/maven/rtinfo/internal/DefaultRuntimeInformation
instanceKlass org/apache/maven/wagon/InputData
instanceKlass org/apache/maven/wagon/OutputData
instanceKlass org/apache/maven/wagon/events/SessionListener
instanceKlass org/apache/maven/wagon/resource/Resource
instanceKlass org/apache/maven/wagon/repository/RepositoryPermissions
instanceKlass org/apache/maven/wagon/events/TransferEventSupport
instanceKlass org/apache/maven/wagon/events/SessionEventSupport
instanceKlass org/apache/maven/wagon/proxy/ProxyInfoProvider
instanceKlass org/apache/maven/wagon/AbstractWagon
instanceKlass org/apache/maven/wagon/StreamingWagon
instanceKlass org/apache/maven/plugin/PluginDescriptorCache$PluginDescriptorSupplier
instanceKlass org/apache/maven/plugin/PluginDescriptorCache$Key
instanceKlass org/apache/maven/plugin/DefaultPluginDescriptorCache
instanceKlass org/apache/maven/artifact/repository/metadata/Metadata
instanceKlass org/apache/maven/execution/DefaultRuntimeInformation
instanceKlass org/apache/maven/profiles/ProfileManager
instanceKlass org/apache/maven/model/building/ModelSource
instanceKlass org/apache/maven/project/ProjectBuilderConfiguration
instanceKlass org/apache/maven/project/DefaultMavenProjectBuilder
instanceKlass org/apache/maven/artifact/repository/metadata/RepositoryMetadata
instanceKlass org/apache/maven/lifecycle/internal/builder/multithreaded/ConcurrencyDependencyGraph
instanceKlass org/apache/maven/lifecycle/internal/builder/multithreaded/ThreadOutputMuxer
instanceKlass org/apache/maven/lifecycle/internal/TaskSegment
instanceKlass org/apache/maven/lifecycle/internal/ProjectSegment
instanceKlass java/util/concurrent/CompletionService
instanceKlass org/apache/maven/lifecycle/internal/builder/multithreaded/MultiThreadedBuilder
instanceKlass org/codehaus/plexus/component/repository/ComponentSetDescriptor
instanceKlass org/apache/maven/plugin/DefaultBuildPluginManager
instanceKlass org/apache/maven/wagon/observers/ChecksumObserver
instanceKlass org/apache/maven/wagon/repository/Repository
instanceKlass org/apache/maven/artifact/metadata/ArtifactMetadata
instanceKlass org/apache/maven/repository/legacy/metadata/ArtifactMetadata
instanceKlass org/apache/maven/wagon/events/TransferListener
instanceKlass org/apache/maven/repository/legacy/DefaultWagonManager
instanceKlass org/apache/maven/model/RepositoryBase
instanceKlass org/apache/maven/model/Reporting
instanceKlass org/apache/maven/model/PluginContainer
instanceKlass org/apache/maven/project/inheritance/DefaultModelInheritanceAssembler
instanceKlass org/apache/maven/repository/legacy/resolver/transform/DefaultArtifactTransformationManager
instanceKlass org/eclipse/aether/RequestTrace
instanceKlass org/apache/maven/plugin/prefix/PluginPrefixRequest
instanceKlass org/eclipse/aether/metadata/Metadata
instanceKlass org/eclipse/aether/repository/ArtifactRepository
instanceKlass org/apache/maven/plugin/prefix/PluginPrefixResult
instanceKlass org/apache/maven/plugin/prefix/internal/DefaultPluginPrefixResolver
instanceKlass org/apache/maven/plugin/internal/DefaultLegacySupport
instanceKlass org/eclipse/aether/DefaultRepositorySystemSession
instanceKlass org/apache/maven/model/building/Result
instanceKlass org/apache/maven/DefaultMaven
instanceKlass org/apache/maven/artifact/handler/DefaultArtifactHandler
instanceKlass org/apache/maven/lifecycle/internal/ReactorBuildStatus
instanceKlass org/apache/maven/lifecycle/internal/ProjectBuildList
instanceKlass org/apache/maven/lifecycle/internal/ReactorContext
instanceKlass org/apache/maven/lifecycle/internal/builder/singlethreaded/SingleThreadedBuilder
instanceKlass org/apache/maven/lifecycle/mapping/DefaultLifecycleMapping
instanceKlass org/objectweb/asm/Handler
instanceKlass org/objectweb/asm/Frame
instanceKlass org/objectweb/asm/ByteVector
instanceKlass org/objectweb/asm/Symbol
instanceKlass org/objectweb/asm/SymbolTable
instanceKlass org/objectweb/asm/ModuleVisitor
instanceKlass org/objectweb/asm/RecordComponentVisitor
instanceKlass org/objectweb/asm/MethodVisitor
instanceKlass org/objectweb/asm/FieldVisitor
instanceKlass org/apache/maven/exception/ExceptionSummary
instanceKlass org/apache/maven/model/building/ModelProblem
instanceKlass org/apache/maven/exception/DefaultExceptionHandler
instanceKlass org/apache/maven/artifact/versioning/VersionRange
instanceKlass org/apache/maven/artifact/resolver/ResolutionNode
instanceKlass org/apache/maven/artifact/resolver/ArtifactResolutionResult
instanceKlass org/apache/maven/artifact/resolver/ArtifactResolutionRequest
instanceKlass org/apache/maven/artifact/resolver/filter/ArtifactFilter
instanceKlass org/apache/maven/repository/legacy/metadata/MetadataResolutionRequest
instanceKlass org/apache/maven/artifact/repository/RepositoryRequest
instanceKlass org/apache/maven/repository/legacy/resolver/DefaultLegacyArtifactCollector
instanceKlass org/sonatype/plexus/components/sec/dispatcher/PasswordDecryptor
instanceKlass sun/reflect/generics/tree/VoidDescriptor
instanceKlass org/sonatype/plexus/components/sec/dispatcher/model/SettingsSecurity
instanceKlass org/apache/maven/project/path/DefaultPathTranslator
instanceKlass org/eclipse/aether/RepositoryEvent
instanceKlass org/apache/maven/classrealm/ClassRealmRequest
instanceKlass org/codehaus/plexus/util/Scanner
instanceKlass org/codehaus/plexus/logging/AbstractLogEnabled
instanceKlass org/eclipse/aether/resolution/ArtifactResult
instanceKlass org/eclipse/aether/collection/DependencySelector
instanceKlass org/eclipse/aether/resolution/ArtifactDescriptorPolicy
instanceKlass org/apache/maven/plugin/PluginArtifactsCache$CacheRecord
instanceKlass org/apache/maven/plugin/PluginArtifactsCache$Key
instanceKlass org/apache/maven/plugin/PluginRealmCache$CacheRecord
instanceKlass org/apache/maven/plugin/PluginRealmCache$PluginRealmSupplier
instanceKlass org/apache/maven/plugin/PluginRealmCache$Key
instanceKlass org/apache/maven/project/ProjectRealmCache$CacheRecord
instanceKlass org/apache/maven/project/ProjectRealmCache$Key
instanceKlass org/eclipse/m2e/core/internal/project/ProjectCachePlunger
instanceKlass org/apache/maven/plugin/ExtensionRealmCache$CacheRecord
instanceKlass org/apache/maven/plugin/ExtensionRealmCache$Key
instanceKlass org/apache/maven/artifact/repository/ArtifactRepositoryPolicy
instanceKlass org/apache/maven/project/artifact/DefaultMavenMetadataCache$CacheKey
instanceKlass org/apache/maven/repository/legacy/metadata/ResolutionGroup
instanceKlass com/google/inject/spi/ProviderWithExtensionVisitor
instanceKlass com/google/common/collect/Iterables
instanceKlass  @bci com/google/inject/spi/InjectionPoint forConstructorOf (Lcom/google/inject/TypeLiteral;Z)Lcom/google/inject/spi/InjectionPoint; 83 <appendix> member <vmtarget> ; # com/google/inject/spi/InjectionPoint$$Lambda+0x0000000023355428
instanceKlass  @bci com/google/inject/spi/InjectionPoint forConstructorOf (Lcom/google/inject/TypeLiteral;Z)Lcom/google/inject/spi/InjectionPoint; 67 <appendix> argL0 ; # com/google/inject/spi/InjectionPoint$$Lambda+0x00000000233551d0
instanceKlass  @bci com/google/inject/spi/InjectionPoint forConstructorOf (Lcom/google/inject/TypeLiteral;Z)Lcom/google/inject/spi/InjectionPoint; 57 <appendix> argL0 ; # com/google/inject/spi/InjectionPoint$$Lambda+0x0000000023354f78
instanceKlass  @bci com/google/inject/spi/InjectionPoint forConstructorOf (Lcom/google/inject/TypeLiteral;Z)Lcom/google/inject/spi/InjectionPoint; 24 <appendix> argL0 ; # com/google/inject/spi/InjectionPoint$$Lambda+0x0000000023354d20
instanceKlass org/eclipse/sisu/plexus/PlexusBean
instanceKlass org/codehaus/plexus/component/repository/ComponentDescriptor
instanceKlass com/google/inject/spi/ProvidesMethodBinding
instanceKlass org/eclipse/sisu/inject/Guice4
instanceKlass com/google/inject/internal/GuiceInternal
instanceKlass org/sonatype/inject/Parameters
instanceKlass org/eclipse/sisu/plexus/PlexusXmlBeanConverter
instanceKlass org/eclipse/sisu/plexus/PlexusBeanConverter
instanceKlass com/google/inject/spi/TypeConverterBinding
instanceKlass java/lang/reflect/AnnotatedParameterizedType
instanceKlass org/eclipse/sisu/inject/DefaultRankingFunction
instanceKlass com/google/inject/spi/ProvisionListenerBinding
instanceKlass com/google/inject/spi/TypeListenerBinding
instanceKlass org/eclipse/sisu/bean/BeanListener
instanceKlass com/google/inject/matcher/Matchers
instanceKlass org/eclipse/sisu/bean/PropertyBinder
instanceKlass org/eclipse/sisu/plexus/PlexusBeanBinder
instanceKlass com/google/inject/spi/InjectionListener
instanceKlass org/sonatype/plexus/components/sec/dispatcher/DefaultSecDispatcher
instanceKlass org/sonatype/plexus/components/cipher/DefaultPlexusCipher
instanceKlass org/sonatype/plexus/components/cipher/PlexusCipher
instanceKlass org/codehaus/plexus/build/DefaultBuildContext
instanceKlass org/codehaus/plexus/build/BuildContext
instanceKlass org/codehaus/plexus/component/configurator/AbstractComponentConfigurator
instanceKlass org/codehaus/plexus/component/configurator/ComponentConfigurator
# instanceKlass java/lang/invoke/LambdaForm$MH+0x0000000023350000
instanceKlass org/apache/maven/settings/validation/DefaultSettingsValidator
instanceKlass org/apache/maven/settings/validation/SettingsValidator
instanceKlass org/apache/maven/settings/io/DefaultSettingsWriter
instanceKlass org/apache/maven/settings/io/SettingsWriter
instanceKlass org/apache/maven/settings/io/DefaultSettingsReader
instanceKlass org/apache/maven/settings/io/SettingsReader
instanceKlass org/apache/maven/settings/crypto/DefaultSettingsDecrypter
instanceKlass org/apache/maven/settings/crypto/SettingsDecrypter
instanceKlass org/apache/maven/settings/building/DefaultSettingsBuilder
instanceKlass org/eclipse/aether/transport/wagon/WagonTransporterFactory
instanceKlass org/eclipse/aether/internal/transport/wagon/PlexusWagonProvider
instanceKlass org/eclipse/aether/transport/wagon/WagonProvider
instanceKlass org/eclipse/aether/internal/transport/wagon/PlexusWagonConfigurator
instanceKlass org/eclipse/aether/transport/wagon/WagonConfigurator
instanceKlass org/eclipse/aether/transport/http/ChecksumExtractor
instanceKlass org/eclipse/aether/transport/http/HttpTransporterFactory
instanceKlass org/eclipse/aether/transport/file/FileTransporterFactory
instanceKlass org/eclipse/aether/spi/connector/transport/TransporterFactory
instanceKlass org/apache/maven/repository/internal/VersionsMetadataGeneratorFactory
instanceKlass org/apache/maven/repository/internal/SnapshotMetadataGeneratorFactory
instanceKlass org/apache/maven/repository/internal/PluginsMetadataGeneratorFactory
instanceKlass org/eclipse/aether/impl/MetadataGeneratorFactory
instanceKlass org/apache/maven/repository/internal/DefaultVersionResolver
instanceKlass org/eclipse/aether/impl/VersionResolver
instanceKlass org/apache/maven/repository/internal/DefaultVersionRangeResolver
instanceKlass org/eclipse/aether/impl/VersionRangeResolver
instanceKlass org/apache/maven/repository/internal/DefaultModelCacheFactory
instanceKlass org/apache/maven/repository/internal/ModelCacheFactory
instanceKlass org/apache/maven/repository/internal/DefaultArtifactDescriptorReader
instanceKlass org/eclipse/aether/impl/ArtifactDescriptorReader
instanceKlass org/eclipse/aether/named/support/NamedLockFactorySupport
instanceKlass org/eclipse/aether/named/NamedLockFactory
instanceKlass org/eclipse/aether/internal/impl/synccontext/named/providers/StaticNameMapperProvider
instanceKlass org/eclipse/aether/internal/impl/synccontext/named/providers/GAVNameMapperProvider
instanceKlass org/eclipse/aether/internal/impl/synccontext/named/providers/FileStaticNameMapperProvider
instanceKlass org/eclipse/aether/internal/impl/synccontext/named/providers/FileHashingGAVNameMapperProvider
instanceKlass org/eclipse/aether/internal/impl/synccontext/named/providers/FileGAVNameMapperProvider
instanceKlass org/eclipse/aether/internal/impl/synccontext/named/NameMapper
instanceKlass org/eclipse/aether/internal/impl/synccontext/named/providers/DiscriminatingNameMapperProvider
instanceKlass org/eclipse/aether/internal/impl/synccontext/named/NamedLockFactoryAdapterFactoryImpl
instanceKlass org/eclipse/aether/internal/impl/synccontext/named/NamedLockFactoryAdapterFactory
instanceKlass org/eclipse/aether/internal/impl/synccontext/legacy/DefaultSyncContextFactory
instanceKlass org/eclipse/aether/impl/SyncContextFactory
instanceKlass org/eclipse/aether/internal/impl/synccontext/DefaultSyncContextFactory
instanceKlass org/eclipse/aether/spi/synccontext/SyncContextFactory
instanceKlass org/eclipse/aether/internal/impl/slf4j/Slf4jLoggerFactory
instanceKlass org/eclipse/aether/internal/impl/resolution/ArtifactResolverPostProcessorSupport
instanceKlass org/eclipse/aether/internal/impl/filter/RemoteRepositoryFilterSourceSupport
instanceKlass org/eclipse/aether/spi/connector/filter/RemoteRepositoryFilterSource
instanceKlass org/eclipse/aether/spi/resolution/ArtifactResolverPostProcessor
instanceKlass org/eclipse/aether/internal/impl/filter/DefaultRemoteRepositoryFilterManager
instanceKlass org/eclipse/aether/impl/RemoteRepositoryFilterManager
instanceKlass org/eclipse/aether/internal/impl/collect/DependencyCollectorDelegate
instanceKlass org/eclipse/aether/internal/impl/collect/DefaultDependencyCollector
instanceKlass org/eclipse/aether/impl/DependencyCollector
instanceKlass org/eclipse/aether/internal/impl/checksum/TrustedToProvidedChecksumsSourceAdapter
instanceKlass org/eclipse/aether/spi/checksums/ProvidedChecksumsSource
instanceKlass org/eclipse/aether/internal/impl/checksum/FileTrustedChecksumsSourceSupport
instanceKlass org/eclipse/aether/spi/checksums/TrustedChecksumsSource
instanceKlass org/eclipse/aether/spi/connector/checksum/ChecksumAlgorithmFactorySupport
instanceKlass org/eclipse/aether/spi/connector/checksum/ChecksumAlgorithmFactory
instanceKlass org/eclipse/aether/internal/impl/checksum/DefaultChecksumAlgorithmFactorySelector
instanceKlass org/eclipse/aether/spi/connector/checksum/ChecksumAlgorithmFactorySelector
instanceKlass org/eclipse/aether/internal/impl/SimpleLocalRepositoryManagerFactory
instanceKlass org/eclipse/aether/internal/impl/Maven2RepositoryLayoutFactory
instanceKlass org/eclipse/aether/spi/connector/layout/RepositoryLayoutFactory
instanceKlass org/eclipse/aether/spi/log/LoggerFactory
instanceKlass org/eclipse/aether/internal/impl/LoggerFactoryProvider
instanceKlass org/eclipse/aether/internal/impl/EnhancedLocalRepositoryManagerFactory
instanceKlass org/eclipse/aether/spi/localrepo/LocalRepositoryManagerFactory
instanceKlass org/eclipse/aether/internal/impl/DefaultUpdatePolicyAnalyzer
instanceKlass org/eclipse/aether/impl/UpdatePolicyAnalyzer
instanceKlass org/eclipse/aether/internal/impl/DefaultUpdateCheckManager
instanceKlass org/eclipse/aether/impl/UpdateCheckManager
instanceKlass org/eclipse/aether/internal/impl/DefaultTransporterProvider
instanceKlass org/eclipse/aether/spi/connector/transport/TransporterProvider
instanceKlass org/eclipse/aether/internal/impl/DefaultTrackingFileManager
instanceKlass org/eclipse/aether/internal/impl/TrackingFileManager
instanceKlass org/eclipse/aether/internal/impl/DefaultRepositorySystemLifecycle
instanceKlass org/eclipse/aether/impl/RepositorySystemLifecycle
instanceKlass org/eclipse/aether/internal/impl/DefaultRepositorySystem
instanceKlass org/eclipse/aether/RepositorySystem
instanceKlass org/eclipse/aether/internal/impl/DefaultRepositoryLayoutProvider
instanceKlass org/eclipse/aether/spi/connector/layout/RepositoryLayoutProvider
instanceKlass org/eclipse/aether/internal/impl/DefaultRepositoryEventDispatcher
instanceKlass org/eclipse/aether/impl/RepositoryEventDispatcher
instanceKlass org/eclipse/aether/internal/impl/DefaultRepositoryConnectorProvider
instanceKlass org/eclipse/aether/impl/RepositoryConnectorProvider
instanceKlass org/eclipse/aether/internal/impl/DefaultRemoteRepositoryManager
instanceKlass org/eclipse/aether/impl/RemoteRepositoryManager
instanceKlass org/eclipse/aether/internal/impl/DefaultOfflineController
instanceKlass org/eclipse/aether/impl/OfflineController
instanceKlass org/eclipse/aether/internal/impl/DefaultMetadataResolver
instanceKlass org/eclipse/aether/impl/MetadataResolver
instanceKlass org/eclipse/aether/internal/impl/DefaultLocalRepositoryProvider
instanceKlass org/eclipse/aether/impl/LocalRepositoryProvider
instanceKlass org/eclipse/aether/internal/impl/LocalPathPrefixComposerFactorySupport
instanceKlass org/eclipse/aether/internal/impl/LocalPathPrefixComposerFactory
instanceKlass org/eclipse/aether/internal/impl/DefaultLocalPathComposer
instanceKlass org/eclipse/aether/internal/impl/LocalPathComposer
instanceKlass org/eclipse/aether/internal/impl/DefaultInstaller
instanceKlass org/eclipse/aether/impl/Installer
instanceKlass org/eclipse/aether/internal/impl/DefaultFileProcessor
instanceKlass org/eclipse/aether/spi/io/FileProcessor
instanceKlass org/eclipse/aether/internal/impl/DefaultDeployer
instanceKlass org/eclipse/aether/impl/Deployer
instanceKlass org/eclipse/aether/internal/impl/DefaultChecksumPolicyProvider
instanceKlass org/eclipse/aether/spi/connector/checksum/ChecksumPolicyProvider
instanceKlass org/eclipse/aether/internal/impl/DefaultArtifactResolver
instanceKlass org/eclipse/aether/impl/ArtifactResolver
instanceKlass org/eclipse/aether/connector/basic/BasicRepositoryConnectorFactory
instanceKlass org/eclipse/aether/spi/locator/Service
instanceKlass org/eclipse/aether/spi/connector/RepositoryConnectorFactory
instanceKlass org/apache/maven/model/validation/DefaultModelValidator
instanceKlass org/apache/maven/model/validation/ModelValidator
instanceKlass org/apache/maven/model/superpom/DefaultSuperPomProvider
instanceKlass org/apache/maven/model/superpom/SuperPomProvider
instanceKlass org/apache/maven/model/profile/activation/PropertyProfileActivator
instanceKlass org/apache/maven/model/profile/activation/OperatingSystemProfileActivator
instanceKlass org/apache/maven/model/profile/activation/JdkVersionProfileActivator
instanceKlass org/apache/maven/model/profile/activation/FileProfileActivator
instanceKlass org/apache/maven/model/profile/activation/ProfileActivator
instanceKlass org/apache/maven/model/profile/DefaultProfileSelector
instanceKlass org/apache/maven/model/profile/ProfileSelector
instanceKlass org/apache/maven/model/profile/DefaultProfileInjector
instanceKlass org/apache/maven/model/profile/ProfileInjector
instanceKlass org/apache/maven/model/plugin/DefaultReportingConverter
instanceKlass org/apache/maven/model/plugin/ReportingConverter
instanceKlass org/apache/maven/model/plugin/DefaultReportConfigurationExpander
instanceKlass org/apache/maven/model/plugin/ReportConfigurationExpander
instanceKlass org/apache/maven/model/plugin/DefaultPluginConfigurationExpander
instanceKlass org/apache/maven/model/plugin/PluginConfigurationExpander
instanceKlass org/apache/maven/model/path/ProfileActivationFilePathInterpolator
instanceKlass org/apache/maven/model/path/DefaultUrlNormalizer
instanceKlass org/apache/maven/model/path/UrlNormalizer
instanceKlass org/apache/maven/model/path/DefaultPathTranslator
instanceKlass org/apache/maven/model/path/PathTranslator
instanceKlass org/apache/maven/model/path/DefaultModelUrlNormalizer
instanceKlass org/apache/maven/model/path/ModelUrlNormalizer
instanceKlass org/apache/maven/model/path/DefaultModelPathTranslator
instanceKlass org/apache/maven/model/path/ModelPathTranslator
instanceKlass org/apache/maven/model/normalization/DefaultModelNormalizer
instanceKlass org/apache/maven/model/normalization/ModelNormalizer
instanceKlass org/apache/maven/model/management/DefaultPluginManagementInjector
instanceKlass org/apache/maven/model/management/PluginManagementInjector
instanceKlass org/apache/maven/model/management/DefaultDependencyManagementInjector
instanceKlass org/apache/maven/model/management/DependencyManagementInjector
instanceKlass org/apache/maven/model/locator/DefaultModelLocator
instanceKlass org/apache/maven/model/io/DefaultModelWriter
instanceKlass org/apache/maven/model/io/ModelWriter
instanceKlass org/apache/maven/model/io/DefaultModelReader
instanceKlass org/apache/maven/model/interpolation/AbstractStringBasedModelInterpolator
instanceKlass org/apache/maven/model/interpolation/ModelInterpolator
instanceKlass org/apache/maven/model/interpolation/DefaultModelVersionProcessor
instanceKlass org/apache/maven/model/interpolation/ModelVersionProcessor
instanceKlass org/apache/maven/model/inheritance/DefaultInheritanceAssembler
instanceKlass org/apache/maven/model/inheritance/InheritanceAssembler
instanceKlass org/apache/maven/model/composition/DefaultDependencyManagementImporter
instanceKlass org/apache/maven/model/composition/DependencyManagementImporter
instanceKlass  @bci sun/reflect/annotation/AnnotationParser parseClassArray (ILjava/nio/ByteBuffer;Ljdk/internal/reflect/ConstantPool;Ljava/lang/Class;)Ljava/lang/Object; 10 <appendix> member <vmtarget> ; # sun/reflect/annotation/AnnotationParser$$Lambda+0x0000000023179fd8
instanceKlass org/apache/maven/model/building/DefaultModelProcessor
instanceKlass org/apache/maven/model/building/ModelProcessor
instanceKlass org/apache/maven/model/io/ModelReader
instanceKlass org/apache/maven/model/locator/ModelLocator
instanceKlass org/apache/maven/model/building/DefaultModelBuilder
instanceKlass org/apache/maven/model/building/ModelBuilder
instanceKlass org/apache/maven/cli/internal/BootstrapCoreExtensionManager
instanceKlass org/apache/maven/toolchain/io/DefaultToolchainsWriter
instanceKlass org/apache/maven/toolchain/io/ToolchainsWriter
instanceKlass org/apache/maven/toolchain/io/DefaultToolchainsReader
instanceKlass org/apache/maven/toolchain/io/ToolchainsReader
instanceKlass org/apache/maven/toolchain/building/DefaultToolchainsBuilder
instanceKlass org/apache/maven/toolchain/building/ToolchainsBuilder
instanceKlass org/apache/maven/session/scope/internal/SessionScope$ScopeState
instanceKlass  @bci org/apache/maven/session/scope/internal/SessionScope <clinit> ()V 0 <appendix> argL0 ; # org/apache/maven/session/scope/internal/SessionScope$$Lambda+0x000000002333f558
instanceKlass org/apache/maven/session/scope/internal/SessionScope
instanceKlass org/apache/maven/plugin/internal/AbstractMavenPluginDependenciesValidator
instanceKlass org/apache/maven/plugin/internal/MavenPluginDependenciesValidator
instanceKlass org/apache/maven/plugin/internal/AbstractMavenPluginParametersValidator
instanceKlass org/apache/maven/plugin/internal/MavenPluginConfigurationValidator
instanceKlass org/apache/maven/eventspy/AbstractEventSpy
instanceKlass org/apache/maven/plugin/PluginValidationManager
instanceKlass org/apache/maven/plugin/DefaultMojosExecutionStrategy
instanceKlass org/apache/maven/plugin/MojosExecutionStrategy
instanceKlass org/apache/maven/lifecycle/internal/LifecycleDependencyResolver
instanceKlass org/apache/maven/lifecycle/internal/DefaultProjectArtifactFactory
instanceKlass org/apache/maven/lifecycle/internal/ProjectArtifactFactory
instanceKlass org/apache/maven/internal/aether/ResolverLifecycle
instanceKlass org/apache/maven/internal/aether/DefaultRepositorySystemSessionFactory
instanceKlass org/apache/maven/extension/internal/CoreExportsProvider
instanceKlass org/apache/maven/execution/scope/internal/MojoExecutionScope$ScopeState
instanceKlass org/apache/maven/execution/MojoExecutionEvent
instanceKlass org/apache/maven/execution/scope/MojoExecutionScoped
instanceKlass com/google/inject/RestrictedBindingSource$Permit
instanceKlass org/apache/maven/execution/scope/internal/MojoExecutionScope$1
instanceKlass org/apache/maven/execution/scope/internal/MojoExecutionScope
instanceKlass org/apache/maven/execution/MojoExecutionListener
instanceKlass org/eclipse/sisu/space/QualifiedTypeBinder$1
instanceKlass org/apache/maven/execution/DefaultMavenExecutionRequestPopulator
instanceKlass org/apache/maven/execution/MavenExecutionRequestPopulator
instanceKlass org/apache/maven/classrealm/DefaultClassRealmManager
instanceKlass org/apache/maven/classrealm/ClassRealmManager
instanceKlass org/apache/maven/SessionScoped
instanceKlass org/apache/maven/ReactorReader
instanceKlass org/apache/maven/repository/internal/MavenWorkspaceReader
instanceKlass org/apache/maven/DefaultArtifactFilterManager
instanceKlass org/apache/maven/ArtifactFilterManager
instanceKlass org/eclipse/sisu/space/WildcardKey$QualifiedImpl
instanceKlass org/eclipse/sisu/space/WildcardKey$Qualified
instanceKlass org/eclipse/sisu/space/WildcardKey
instanceKlass org/eclipse/sisu/Typed
instanceKlass org/sonatype/inject/EagerSingleton
instanceKlass org/eclipse/sisu/EagerSingleton
instanceKlass org/sonatype/inject/Mediator
instanceKlass org/eclipse/sisu/inject/TypeArguments
instanceKlass org/eclipse/m2e/internal/maven/listener/M2EMavenBuildDataBridge
instanceKlass org/apache/maven/eventspy/EventSpy
instanceKlass org/objectweb/asm/Context
instanceKlass org/objectweb/asm/Attribute
instanceKlass org/objectweb/asm/AnnotationVisitor
instanceKlass org/objectweb/asm/ClassReader
instanceKlass org/eclipse/sisu/space/IndexedClassFinder$1
instanceKlass org/eclipse/sisu/inject/Logs$SLF4JSink
instanceKlass org/eclipse/sisu/inject/Logs$Sink
instanceKlass org/eclipse/sisu/inject/Logs
instanceKlass org/eclipse/sisu/space/QualifierCache
instanceKlass org/eclipse/sisu/space/QualifiedTypeVisitor
instanceKlass org/eclipse/sisu/plexus/PlexusTypeVisitor$ComponentAnnotationVisitor
instanceKlass org/eclipse/sisu/space/AnnotationVisitor
instanceKlass org/eclipse/sisu/plexus/PlexusTypeVisitor
instanceKlass org/eclipse/sisu/space/ClassVisitor
instanceKlass org/eclipse/sisu/plexus/PlexusXmlBeanModule$PlexusXmlBeanSource
instanceKlass org/eclipse/sisu/inject/DescriptionSource
instanceKlass org/eclipse/sisu/inject/AnnotatedSource
instanceKlass org/eclipse/sisu/Priority
instanceKlass org/eclipse/sisu/Hidden
instanceKlass org/eclipse/sisu/Description
instanceKlass org/eclipse/sisu/inject/Sources
instanceKlass com/google/inject/internal/MoreTypes$ParameterizedTypeImpl
instanceKlass org/apache/maven/wagon/Wagon
instanceKlass org/apache/maven/toolchain/ToolchainsBuilder
instanceKlass org/apache/maven/toolchain/ToolchainManagerPrivate
instanceKlass org/apache/maven/toolchain/ToolchainManager
instanceKlass org/apache/maven/toolchain/ToolchainFactory
instanceKlass org/apache/maven/settings/MavenSettingsBuilder
instanceKlass org/apache/maven/rtinfo/RuntimeInformation
instanceKlass org/apache/maven/project/artifact/ProjectArtifactsCache
instanceKlass org/apache/maven/project/ProjectDependenciesResolver
instanceKlass org/apache/maven/project/ProjectBuildingHelper
instanceKlass org/apache/maven/project/ProjectBuilder
instanceKlass org/apache/maven/project/MavenProjectHelper
instanceKlass org/apache/maven/plugin/version/PluginVersionResolver
instanceKlass org/apache/maven/plugin/prefix/PluginPrefixResolver
instanceKlass org/apache/maven/plugin/PluginManager
instanceKlass org/apache/maven/plugin/PluginDescriptorCache
instanceKlass org/apache/maven/plugin/MavenPluginManager
instanceKlass org/apache/maven/plugin/LegacySupport
instanceKlass org/apache/maven/plugin/BuildPluginManager
instanceKlass org/apache/maven/model/plugin/LifecycleBindingsInjector
instanceKlass org/apache/maven/lifecycle/internal/builder/BuilderCommon
instanceKlass org/apache/maven/lifecycle/internal/builder/Builder
instanceKlass org/apache/maven/lifecycle/internal/MojoExecutor
instanceKlass org/apache/maven/lifecycle/internal/MojoDescriptorCreator
instanceKlass org/apache/maven/lifecycle/internal/LifecycleTaskSegmentCalculator
instanceKlass org/apache/maven/lifecycle/internal/LifecycleStarter
instanceKlass org/apache/maven/lifecycle/internal/LifecyclePluginResolver
instanceKlass org/apache/maven/lifecycle/internal/LifecycleModuleBuilder
instanceKlass org/apache/maven/lifecycle/internal/LifecycleExecutionPlanCalculator
instanceKlass org/apache/maven/lifecycle/internal/LifecycleDebugLogger
instanceKlass org/apache/maven/lifecycle/internal/ExecutionEventCatapult
instanceKlass org/apache/maven/lifecycle/internal/BuildListCalculator
instanceKlass org/apache/maven/lifecycle/MojoExecutionConfigurator
instanceKlass org/apache/maven/lifecycle/LifecycleMappingDelegate
instanceKlass org/apache/maven/lifecycle/LifecycleExecutor
instanceKlass org/apache/maven/lifecycle/LifeCyclePluginAnalyzer
instanceKlass org/apache/maven/lifecycle/DefaultLifecycles
instanceKlass org/apache/maven/graph/GraphBuilder
instanceKlass org/apache/maven/exception/ExceptionHandler
instanceKlass org/apache/maven/eventspy/internal/EventSpyDispatcher
instanceKlass org/apache/maven/configuration/BeanConfigurator
instanceKlass org/apache/maven/bridge/MavenRepositorySystem
instanceKlass org/apache/maven/artifact/resolver/ResolutionErrorHandler
instanceKlass org/apache/maven/artifact/repository/metadata/io/MetadataReader
instanceKlass org/apache/maven/artifact/metadata/ArtifactMetadataSource
instanceKlass org/apache/maven/repository/legacy/metadata/ArtifactMetadataSource
instanceKlass org/apache/maven/artifact/handler/manager/ArtifactHandlerManager
instanceKlass org/apache/maven/artifact/factory/ArtifactFactory
instanceKlass org/apache/maven/ProjectDependenciesResolver
instanceKlass org/apache/maven/Maven
instanceKlass org/apache/maven/artifact/handler/ArtifactHandler
instanceKlass org/sonatype/plexus/components/sec/dispatcher/SecDispatcher
instanceKlass org/apache/maven/lifecycle/Lifecycle
instanceKlass org/eclipse/sisu/space/CloningClassSpace$1
instanceKlass org/apache/maven/lifecycle/mapping/LifecycleMapping
instanceKlass org/apache/maven/repository/metadata/GraphConflictResolver
instanceKlass org/apache/maven/repository/metadata/GraphConflictResolutionPolicy
instanceKlass org/eclipse/sisu/plexus/ConfigurationImpl
instanceKlass org/apache/maven/repository/metadata/ClasspathTransformation
instanceKlass org/apache/maven/repository/legacy/resolver/transform/ArtifactTransformationManager
instanceKlass org/apache/maven/repository/legacy/resolver/transform/ArtifactTransformation
instanceKlass org/apache/maven/repository/legacy/resolver/conflict/ConflictResolverFactory
instanceKlass org/apache/maven/repository/legacy/resolver/conflict/ConflictResolver
instanceKlass org/apache/maven/repository/legacy/repository/ArtifactRepositoryFactory
instanceKlass org/apache/maven/repository/legacy/UpdateCheckManager
instanceKlass org/apache/maven/repository/RepositorySystem
instanceKlass org/apache/maven/repository/MirrorSelector
instanceKlass org/apache/maven/project/validation/ModelValidator
instanceKlass org/apache/maven/project/path/PathTranslator
instanceKlass org/apache/maven/project/interpolation/ModelInterpolator
instanceKlass org/apache/maven/project/inheritance/ModelInheritanceAssembler
instanceKlass org/apache/maven/project/MavenProjectBuilder
instanceKlass org/apache/maven/profiles/MavenProfilesBuilder
instanceKlass org/apache/maven/execution/RuntimeInformation
instanceKlass java/lang/foreign/MemorySegment
instanceKlass org/apache/maven/artifact/resolver/ArtifactResolver
instanceKlass org/apache/maven/artifact/resolver/ArtifactCollector
instanceKlass org/apache/maven/repository/legacy/resolver/LegacyArtifactCollector
instanceKlass org/apache/maven/artifact/repository/metadata/RepositoryMetadataManager
instanceKlass org/apache/maven/artifact/repository/layout/ArtifactRepositoryLayout
instanceKlass org/apache/maven/artifact/repository/ArtifactRepositoryFactory
instanceKlass org/apache/maven/artifact/manager/WagonManager
instanceKlass org/apache/maven/repository/legacy/WagonManager
instanceKlass org/apache/maven/artifact/installer/ArtifactInstaller
instanceKlass org/eclipse/sisu/plexus/PlexusXmlMetadata
instanceKlass org/eclipse/sisu/plexus/Roles
instanceKlass org/apache/maven/artifact/deployer/ArtifactDeployer
instanceKlass org/eclipse/sisu/plexus/Hints
instanceKlass org/eclipse/sisu/space/AbstractDeferredClass
instanceKlass org/eclipse/sisu/plexus/RequirementImpl
instanceKlass org/codehaus/plexus/component/annotations/Requirement
instanceKlass org/eclipse/sisu/space/Streams
instanceKlass org/eclipse/sisu/plexus/ComponentImpl
instanceKlass org/eclipse/sisu/plexus/PlexusTypeRegistry
instanceKlass org/eclipse/sisu/plexus/PlexusXmlScanner
instanceKlass org/eclipse/sisu/space/QualifiedTypeBinder
instanceKlass org/eclipse/sisu/plexus/PlexusTypeBinder
instanceKlass org/eclipse/aether/AbstractRepositoryListener
instanceKlass org/eclipse/aether/RepositoryListener
instanceKlass com/google/inject/Key$AnnotationInstanceStrategy
instanceKlass com/google/inject/name/NamedImpl
instanceKlass com/google/inject/name/Named
instanceKlass com/google/inject/name/Names
instanceKlass org/apache/maven/artifact/versioning/ComparableVersion$IntItem
instanceKlass org/apache/maven/artifact/versioning/ComparableVersion$Item
instanceKlass org/apache/maven/artifact/versioning/ComparableVersion
instanceKlass org/apache/maven/artifact/versioning/DefaultArtifactVersion
instanceKlass org/apache/maven/artifact/versioning/ArtifactVersion
instanceKlass org/eclipse/m2e/core/internal/embedder/EclipseClassRealmManagerDelegate
instanceKlass org/apache/maven/classrealm/ClassRealmManagerDelegate
instanceKlass org/sonatype/plexus/build/incremental/ThreadBuildContext
instanceKlass org/sonatype/plexus/build/incremental/BuildContext
instanceKlass org/apache/maven/plugin/internal/DefaultPluginDependenciesResolver
instanceKlass org/apache/maven/plugin/internal/PluginDependenciesResolver
instanceKlass org/apache/maven/plugin/DefaultPluginArtifactsCache
instanceKlass org/apache/maven/plugin/PluginArtifactsCache
instanceKlass org/apache/maven/plugin/DefaultPluginRealmCache
instanceKlass org/apache/maven/plugin/PluginRealmCache
instanceKlass org/apache/maven/project/DefaultProjectRealmCache
instanceKlass org/apache/maven/project/ProjectRealmCache
instanceKlass org/apache/maven/plugin/DefaultExtensionRealmCache
instanceKlass org/apache/maven/plugin/ExtensionRealmCache
instanceKlass org/codehaus/plexus/component/annotations/Component
instanceKlass org/apache/maven/project/artifact/DefaultMavenMetadataCache
instanceKlass org/eclipse/m2e/core/internal/project/IManagedCache
instanceKlass org/apache/maven/project/artifact/MavenMetadataCache
instanceKlass org/eclipse/m2e/core/internal/embedder/DefaultMavenComponentContributor
instanceKlass org/eclipse/m2e/core/internal/embedder/IMavenComponentContributor
instanceKlass org/eclipse/equinox/internal/app/EclipseAppHandle$1
instanceKlass  @bci org/eclipse/equinox/internal/app/EclipseAppHandle getStartupMonitors ()[Lorg/osgi/framework/ServiceReference; 34 <appendix> argL0 ; # org/eclipse/equinox/internal/app/EclipseAppHandle$$Lambda+0x0000000023129528
instanceKlass ch/qos/logback/classic/spi/LoggerContextListener
instanceKlass ch/qos/logback/core/spi/ConfigurationEventListener
instanceKlass ch/qos/logback/core/spi/ConfigurationEvent
instanceKlass ch/qos/logback/core/spi/SequenceNumberGenerator
instanceKlass ch/qos/logback/core/LifeCycleManager
instanceKlass com/google/inject/spi/InjectionRequest
instanceKlass org/eclipse/sisu/bean/BeanProperty
instanceKlass com/google/inject/internal/Nullability
instanceKlass  @bci com/google/inject/internal/KotlinSupport$KotlinUnsupported <clinit> ()V 7 <appendix> argL0 ; # com/google/inject/internal/KotlinSupport$KotlinUnsupported$$Lambda+0x000000002332af98
instanceKlass com/google/inject/internal/KotlinSupport$KotlinUnsupported
instanceKlass com/google/inject/internal/KotlinSupport$KotlinSupportHolder
instanceKlass com/google/inject/internal/KotlinSupportInterface
instanceKlass com/google/inject/internal/KotlinSupport
instanceKlass com/google/inject/spi/InjectionPoint$OverrideIndex
instanceKlass org/eclipse/sisu/Mediator
instanceKlass org/eclipse/sisu/inject/RankedBindings
instanceKlass com/google/inject/Inject
instanceKlass javax/inject/Inject
instanceKlass  @bci com/google/inject/internal/DeclaredMembers getDeclaredFields (Ljava/lang/Class;)[Ljava/lang/reflect/Field; 38 <appendix> argL0 ; # com/google/inject/internal/DeclaredMembers$$Lambda+0x0000000023323c68
instanceKlass  @bci com/google/inject/internal/DeclaredMembers getDeclaredFields (Ljava/lang/Class;)[Ljava/lang/reflect/Field; 20 <appendix> argL0 ; # com/google/inject/internal/DeclaredMembers$$Lambda+0x0000000023323a20
instanceKlass  @bci com/google/inject/internal/DeclaredMembers getDeclaredFields (Ljava/lang/Class;)[Ljava/lang/reflect/Field; 15 <appendix> argL0 ; # com/google/inject/internal/DeclaredMembers$$Lambda+0x00000000233237d8
instanceKlass  @bci com/google/inject/internal/DeclaredMembers getDeclaredFields (Ljava/lang/Class;)[Ljava/lang/reflect/Field; 7 <appendix> argL0 ; # com/google/inject/internal/DeclaredMembers$$Lambda+0x0000000023323590
instanceKlass com/google/inject/spi/InjectionPoint$InjectableMembers
instanceKlass com/google/inject/spi/InjectionPoint$InjectableMember
instanceKlass com/google/inject/spi/InjectionPoint
instanceKlass com/google/inject/internal/MoreTypes$GenericArrayTypeImpl
instanceKlass com/google/inject/internal/MoreTypes$CompositeType
instanceKlass com/google/inject/Key$AnnotationTypeStrategy
instanceKlass com/google/common/cache/LocalCache$StrongValueReference
instanceKlass com/google/common/util/concurrent/AbstractFuture$Failure
instanceKlass com/google/common/util/concurrent/AbstractFuture$Cancellation
instanceKlass com/google/common/util/concurrent/AbstractFuture$DelegatingToFuture
instanceKlass com/google/common/util/concurrent/Platform
instanceKlass com/google/common/util/concurrent/Uninterruptibles
instanceKlass com/google/common/util/concurrent/AbstractFuture$Listener
instanceKlass com/google/common/util/concurrent/AbstractFutureState$Waiter
instanceKlass com/google/common/util/concurrent/LazyLogger
instanceKlass com/google/common/util/concurrent/AbstractFutureState$AtomicHelper
instanceKlass com/google/common/util/concurrent/internal/InternalFutureFailureAccess
instanceKlass com/google/common/util/concurrent/AbstractFuture$Trusted
instanceKlass com/google/common/util/concurrent/ListenableFuture
instanceKlass  @bci java/util/regex/Pattern CIRange (II)Ljava/util/regex/Pattern$CharPredicate; 2 <appendix> member <vmtarget> ; # java/util/regex/Pattern$$Lambda+0x00000000231792a0
instanceKlass  @bci java/util/regex/Pattern SingleI (II)Ljava/util/regex/Pattern$BmpCharPredicate; 2 <appendix> member <vmtarget> ; # java/util/regex/Pattern$$Lambda+0x0000000023179008
instanceKlass java/time/format/Parsed
instanceKlass java/time/format/DateTimeParseContext
instanceKlass org/eclipse/jdt/ls/core/internal/LogReader$LogEntry
instanceKlass org/eclipse/jdt/ls/core/internal/LogReader$LogSession
instanceKlass sun/util/locale/provider/CalendarNameProviderImpl$LengthBasedComparator
instanceKlass sun/util/resources/provider/NonBaseLocaleDataMetaInfo
instanceKlass sun/util/locale/provider/BaseLocaleDataMetaInfo
instanceKlass  @bci sun/reflect/annotation/AnnotationParser parseEnumArray (ILjava/lang/Class;Ljava/nio/ByteBuffer;Ljdk/internal/reflect/ConstantPool;Ljava/lang/Class;)Ljava/lang/Object; 16 <appendix> member <vmtarget> ; # sun/reflect/annotation/AnnotationParser$$Lambda+0x0000000023177f98
instanceKlass sun/util/locale/provider/CalendarDataUtility$CalendarFieldValueNamesMapGetter
instanceKlass javax/inject/Named
instanceKlass javax/inject/Qualifier
instanceKlass sun/nio/ch/WindowsAsynchronousFileChannelImpl$ReadTask
instanceKlass sun/nio/ch/Iocp$ResultHandler
instanceKlass java/text/CalendarBuilder
instanceKlass com/google/inject/BindingAnnotation
instanceKlass sun/nio/ch/PendingFuture
instanceKlass javax/inject/Scope
instanceKlass org/eclipse/lsp4j/jsonrpc/json/StreamMessageProducer$Headers
instanceKlass org/eclipse/jdt/ls/core/internal/LogReader
instanceKlass com/google/inject/ScopeAnnotation
instanceKlass org/eclipse/lsp4j/jsonrpc/json/ConcurrentMessageProcessor$1
instanceKlass com/google/inject/internal/Annotations$AnnotationChecker
instanceKlass  @bci org/eclipse/jdt/ls/core/internal/handlers/WorkspaceEventsHandler <init> (Lorg/eclipse/jdt/ls/core/internal/managers/ProjectsManager;Lorg/eclipse/jdt/ls/core/internal/JavaClientConnection;Lorg/eclipse/jdt/ls/core/internal/handlers/BaseDocumentLifeCycleHandler;)V 35 <appendix> member <vmtarget> ; # org/eclipse/jdt/ls/core/internal/handlers/WorkspaceEventsHandler$$Lambda+0x00000000233119f0
instanceKlass org/eclipse/jdt/ls/core/internal/handlers/WorkspaceEventsHandler
instanceKlass org/eclipse/jdt/core/manipulation/CoreASTProvider$WAIT_FLAG
instanceKlass org/eclipse/jdt/core/manipulation/CoreASTProvider
instanceKlass com/google/inject/internal/Annotations$TestAnnotation
instanceKlass com/google/inject/internal/Annotations$AnnotationToStringConfig
instanceKlass org/eclipse/jdt/ls/core/internal/MovingAverage
instanceKlass com/google/common/base/Joiner$MapJoiner
instanceKlass org/eclipse/jdt/ls/core/internal/handlers/BaseDiagnosticsHandler
instanceKlass com/google/common/base/Joiner
instanceKlass org/eclipse/jdt/core/IProblemRequestor
instanceKlass com/google/inject/internal/Annotations
instanceKlass org/eclipse/lsp4j/jsonrpc/StandardLauncher
instanceKlass org/eclipse/lsp4j/jsonrpc/json/ConcurrentMessageProcessor
instanceKlass org/eclipse/sisu/Parameters
instanceKlass org/eclipse/sisu/wire/ParameterKeys
instanceKlass org/eclipse/lsp4j/jsonrpc/json/StreamMessageProducer
instanceKlass com/google/inject/internal/util/StackTraceElements$InMemoryStackTraceElement
instanceKlass com/google/inject/internal/util/StackTraceElements
instanceKlass org/eclipse/sisu/wire/TypeConverterCache
instanceKlass com/google/inject/internal/Scoping
instanceKlass com/google/inject/internal/InternalFactory
instanceKlass  @bci java/lang/reflect/Proxy getProxyConstructor (Ljava/lang/ClassLoader;[Ljava/lang/Class;)Ljava/lang/reflect/Constructor; 51 <appendix> argL0 ; # java/lang/reflect/Proxy$$Lambda+0x00000000231765c8
instanceKlass  @bci org/eclipse/lsp4j/jsonrpc/services/EndpointProxy <init> (Lorg/eclipse/lsp4j/jsonrpc/Endpoint;Ljava/util/Collection;)V 197 <appendix> member <vmtarget> ; # org/eclipse/lsp4j/jsonrpc/services/EndpointProxy$$Lambda+0x000000002331d920
instanceKlass  @bci org/eclipse/lsp4j/jsonrpc/services/EndpointProxy <init> (Lorg/eclipse/lsp4j/jsonrpc/Endpoint;Ljava/util/Collection;)V 178 <appendix> member <vmtarget> ; # org/eclipse/lsp4j/jsonrpc/services/EndpointProxy$$Lambda+0x000000002331d6e0
instanceKlass com/google/inject/internal/InternalFlags$1
instanceKlass org/eclipse/lsp4j/jsonrpc/services/EndpointProxy
instanceKlass  @bci org/eclipse/lsp4j/jsonrpc/RemoteEndpoint <clinit> ()V 11 <appendix> argL0 ; # org/eclipse/lsp4j/jsonrpc/RemoteEndpoint$$Lambda+0x000000002331d258
instanceKlass org/eclipse/lsp4j/jsonrpc/messages/ResponseError
instanceKlass com/google/inject/internal/InternalFlags
instanceKlass com/google/inject/spi/ProviderKeyBinding
instanceKlass com/google/inject/spi/ProviderInstanceBinding
instanceKlass com/google/inject/spi/InstanceBinding
instanceKlass org/eclipse/lsp4j/jsonrpc/RemoteEndpoint
instanceKlass com/google/inject/internal/DelayedInitialize
instanceKlass com/google/inject/spi/ConstructorBinding
instanceKlass com/google/inject/spi/HasDependencies
instanceKlass com/google/inject/spi/LinkedKeyBinding
instanceKlass  @bci java/lang/reflect/Executable sharedToString (IZ[Ljava/lang/Class;[Ljava/lang/Class;)Ljava/lang/String; 29 <appendix> argL0 ; # java/lang/reflect/Executable$$Lambda+0x0000000023176380
instanceKlass com/google/inject/spi/UntargettedBinding
instanceKlass com/google/inject/internal/BindingImpl
instanceKlass  @bci org/eclipse/lsp4j/jsonrpc/services/GenericEndpoint recursiveFindRpcMethods (Ljava/lang/Object;Ljava/util/Set;Ljava/util/Set;)V 24 <appendix> member <vmtarget> ; # org/eclipse/lsp4j/jsonrpc/services/GenericEndpoint$$Lambda+0x0000000023316b88
instanceKlass  @cpi org/eclipse/lsp4j/jsonrpc/services/GenericEndpoint 220 form vmentry <vmtarget> ; # java/lang/invoke/LambdaForm$DMH+0x000000002331c000
instanceKlass com/google/inject/Key$AnnotationStrategy
instanceKlass org/eclipse/sisu/wire/ElementAnalyzer$1
instanceKlass  @bci org/eclipse/lsp4j/jsonrpc/services/GenericEndpoint lambda$recursiveFindRpcMethods$1 (Ljava/lang/Object;Lorg/eclipse/lsp4j/jsonrpc/services/AnnotationUtil$MethodInfo;)V 3 <appendix> member <vmtarget> ; # org/eclipse/lsp4j/jsonrpc/services/GenericEndpoint$$Lambda+0x0000000023316938
instanceKlass  @bci org/eclipse/lsp4j/jsonrpc/services/GenericEndpoint recursiveFindRpcMethods (Ljava/lang/Object;Ljava/util/Set;Ljava/util/Set;)V 7 <appendix> member <vmtarget> ; # org/eclipse/lsp4j/jsonrpc/services/GenericEndpoint$$Lambda+0x00000000233166f8
instanceKlass org/eclipse/lsp4j/jsonrpc/services/GenericEndpoint
instanceKlass  @bci org/eclipse/jdt/ls/core/internal/ParentProcessWatcher apply (Lorg/eclipse/lsp4j/jsonrpc/MessageConsumer;)Lorg/eclipse/lsp4j/jsonrpc/MessageConsumer; 2 <appendix> member <vmtarget> ; # org/eclipse/jdt/ls/core/internal/ParentProcessWatcher$$Lambda+0x0000000023310450
instanceKlass com/google/inject/util/Modules$EmptyModule
instanceKlass org/eclipse/lsp4j/jsonrpc/messages/Message
instanceKlass com/google/inject/util/Modules$OverriddenModuleBuilder
instanceKlass com/google/inject/util/Modules
instanceKlass org/eclipse/lsp4j/jsonrpc/json/StreamMessageConsumer
instanceKlass org/eclipse/lsp4j/jsonrpc/json/MessageConstants
instanceKlass  @bci com/google/inject/internal/DeclaredMembers getDeclaredMethods (Ljava/lang/Class;)[Ljava/lang/reflect/Method; 62 <appendix> argL0 ; # com/google/inject/internal/DeclaredMembers$$Lambda+0x000000002330e118
instanceKlass org/eclipse/lsp4j/jsonrpc/json/adapters/MessageTypeAdapter$Factory
instanceKlass org/eclipse/lsp4j/jsonrpc/json/adapters/EnumTypeAdapter$Factory
instanceKlass org/eclipse/lsp4j/jsonrpc/json/adapters/TupleTypeAdapters$TwoTypeAdapterFactory
instanceKlass org/eclipse/lsp4j/jsonrpc/json/adapters/EitherTypeAdapter$Factory
instanceKlass org/eclipse/lsp4j/jsonrpc/json/adapters/ThrowableTypeAdapter$Factory
instanceKlass org/eclipse/lsp4j/jsonrpc/json/adapters/CollectionTypeAdapter$Factory
instanceKlass com/google/common/collect/Ordering
instanceKlass org/eclipse/lsp4j/jsonrpc/messages/CancelParams
instanceKlass  @bci com/google/inject/internal/DeclaredMembers getDeclaredMethods (Ljava/lang/Class;)[Ljava/lang/reflect/Method; 38 <appendix> argL0 ; # com/google/inject/internal/DeclaredMembers$$Lambda+0x000000002330ded0
instanceKlass  @bci com/google/inject/internal/DeclaredMembers getDeclaredMethods (Ljava/lang/Class;)[Ljava/lang/reflect/Method; 33 <appendix> argL0 ; # com/google/inject/internal/DeclaredMembers$$Lambda+0x000000002330dc88
instanceKlass org/eclipse/lsp4j/jsonrpc/json/MessageJsonHandler
instanceKlass  @bci com/google/inject/internal/DeclaredMembers getDeclaredMethods (Ljava/lang/Class;)[Ljava/lang/reflect/Method; 20 <appendix> argL0 ; # com/google/inject/internal/DeclaredMembers$$Lambda+0x000000002330da40
instanceKlass  @bci com/google/inject/internal/DeclaredMembers getDeclaredMethods (Ljava/lang/Class;)[Ljava/lang/reflect/Method; 15 <appendix> argL0 ; # com/google/inject/internal/DeclaredMembers$$Lambda+0x000000002330d7f8
instanceKlass  @bci com/google/inject/internal/DeclaredMembers getDeclaredMethods (Ljava/lang/Class;)[Ljava/lang/reflect/Method; 7 <appendix> argL0 ; # com/google/inject/internal/DeclaredMembers$$Lambda+0x000000002330d5b0
instanceKlass com/google/inject/internal/DeclaredMembers
instanceKlass com/google/common/base/ExtraObjectsMethodsForWeb
instanceKlass org/eclipse/lsp4j/DidSaveNotebookDocumentParams
instanceKlass org/eclipse/lsp4j/DidCloseNotebookDocumentParams
instanceKlass org/eclipse/lsp4j/DidChangeNotebookDocumentParams
instanceKlass org/eclipse/lsp4j/DidOpenNotebookDocumentParams
instanceKlass org/eclipse/jdt/ls/core/internal/handlers/DocumentSymbolHandler
instanceKlass org/eclipse/jdt/ls/core/internal/handlers/HoverHandler
instanceKlass org/eclipse/jdt/ls/core/internal/handlers/RenameHandler
instanceKlass org/eclipse/jdt/ls/core/internal/handlers/ReferencesHandler
instanceKlass org/eclipse/jdt/ls/core/internal/handlers/SaveActionHandler
instanceKlass org/eclipse/jdt/ls/core/internal/handlers/NavigateToDefinitionHandler
instanceKlass org/eclipse/jdt/ls/core/internal/handlers/NavigateToDeclarationHandler
instanceKlass org/eclipse/jdt/ls/core/internal/handlers/CodeActionHandler
instanceKlass org/eclipse/jdt/ls/core/internal/handlers/SignatureHelpHandler
instanceKlass org/eclipse/jdt/ls/core/internal/handlers/BuildWorkspaceHandler
instanceKlass com/google/common/collect/ImmutableMap$Builder
instanceKlass org/eclipse/jdt/ls/core/internal/handlers/CodeLensHandler
instanceKlass com/google/inject/internal/MoreTypes
instanceKlass org/eclipse/jdt/ls/core/internal/handlers/CodeActionResolveHandler
instanceKlass org/eclipse/jdt/ls/core/internal/handlers/PrepareRenameHandler
instanceKlass org/eclipse/jdt/ls/core/internal/handlers/NavigateToTypeDefinitionHandler
instanceKlass com/google/inject/multibindings/ProvidesIntoOptional
instanceKlass com/google/inject/multibindings/ProvidesIntoMap
instanceKlass org/eclipse/jdt/ls/core/internal/handlers/ExtractInterfaceHandler$CheckExtractInterfaceResponse
instanceKlass com/google/inject/multibindings/ProvidesIntoSet
instanceKlass org/eclipse/jdt/ls/core/internal/codemanipulation/GenerateGetterSetterOperation$AccessorField
instanceKlass com/google/inject/Provides
instanceKlass org/eclipse/jdt/ls/core/internal/handlers/MoveHandler$MoveDestinationsResponse
instanceKlass javax/inject/Singleton
instanceKlass org/eclipse/jdt/ls/core/internal/handlers/InferSelectionHandler$SelectionInfo
instanceKlass com/google/inject/spi/ElementSource
instanceKlass org/eclipse/jdt/ls/core/internal/text/correction/ChangeSignatureInfo
instanceKlass com/google/inject/spi/ScopeBinding
instanceKlass org/eclipse/jdt/ls/core/internal/handlers/GenerateToStringHandler$CheckToStringResponse
instanceKlass org/eclipse/jdt/ls/core/internal/handlers/GenerateDelegateMethodsHandler$CheckDelegateMethodsResponse
instanceKlass com/google/inject/Scopes$2
instanceKlass org/eclipse/jdt/ls/core/internal/handlers/GenerateConstructorsHandler$CheckConstructorsResponse
instanceKlass org/eclipse/jdt/ls/core/internal/handlers/HashCodeEqualsHandler$CheckHashCodeEqualsResponse
instanceKlass com/google/inject/Scopes$1
instanceKlass com/google/inject/internal/SingletonScope
instanceKlass com/google/inject/Scopes
instanceKlass com/google/inject/Singleton
instanceKlass com/google/inject/spi/Elements$ModuleInfo
instanceKlass com/google/inject/PrivateModule
instanceKlass org/eclipse/jdt/ls/core/internal/handlers/OverrideMethodsHandler$OverridableMethodsResponse
instanceKlass  @bci com/google/inject/spi/BindingSourceRestriction$PermitMapConstruction pushModule (Ljava/lang/Class;Lcom/google/inject/spi/ModuleSource;)V 5 <appendix> member <vmtarget> ; # com/google/inject/spi/BindingSourceRestriction$PermitMapConstruction$$Lambda+0x00000000232f7ca0
instanceKlass  @bci com/google/inject/spi/BindingSourceRestriction getPermits (Ljava/lang/Class;)Ljava/util/stream/Stream; 43 <appendix> argL0 ; # com/google/inject/spi/BindingSourceRestriction$$Lambda+0x00000000232f7a48
instanceKlass  @bci com/google/inject/spi/BindingSourceRestriction getPermits (Ljava/lang/Class;)Ljava/util/stream/Stream; 33 <appendix> argL0 ; # com/google/inject/spi/BindingSourceRestriction$$Lambda+0x00000000232f7800
instanceKlass sun/reflect/generics/tree/ArrayTypeSignature
instanceKlass sun/reflect/annotation/AnnotatedTypeFactory$AnnotatedTypeBaseImpl
instanceKlass sun/reflect/generics/tree/BooleanSignature
instanceKlass sun/reflect/annotation/AnnotatedTypeFactory
instanceKlass sun/reflect/annotation/TypeAnnotation$LocationInfo$Location
instanceKlass sun/reflect/annotation/TypeAnnotation$LocationInfo
instanceKlass org/eclipse/jdt/ls/core/internal/handlers/GetRefactorEditHandler$RefactorWorkspaceEdit
instanceKlass sun/reflect/annotation/TypeAnnotation
instanceKlass sun/reflect/annotation/TypeAnnotationParser
instanceKlass org/eclipse/lsp4j/extended/ProjectConfigurationsUpdateParam
instanceKlass org/eclipse/jdt/ls/core/internal/handlers/GenerateToStringHandler$GenerateToStringParams
instanceKlass org/eclipse/jdt/ls/core/internal/handlers/HashCodeEqualsHandler$GenerateHashCodeEqualsParams
instanceKlass org/eclipse/jdt/ls/core/internal/lsp/ValidateDocumentParams
instanceKlass com/google/inject/RestrictedBindingSource
instanceKlass org/eclipse/lsp4j/extended/ProjectBuildParams
instanceKlass com/google/inject/spi/BindingSourceRestriction
instanceKlass org/eclipse/jdt/ls/core/internal/handlers/GenerateConstructorsHandler$GenerateConstructorsParams
instanceKlass org/eclipse/jdt/ls/core/internal/handlers/InferSelectionHandler$InferSelectionParams
instanceKlass org/eclipse/jdt/ls/core/internal/handlers/GetRefactorEditHandler$GetRefactorEditParams
instanceKlass org/eclipse/jdt/ls/core/internal/handlers/GenerateAccessorsHandler$GenerateAccessorsParams
instanceKlass org/eclipse/jdt/ls/core/internal/handlers/OverrideMethodsHandler$AddOverridableMethodParams
instanceKlass org/eclipse/jdt/ls/core/internal/handlers/GenerateDelegateMethodsHandler$GenerateDelegateMethodsParams
instanceKlass com/google/inject/spi/ModuleSource
instanceKlass org/eclipse/jdt/ls/core/internal/handlers/FindLinksHandler$FindLinksParams
instanceKlass org/eclipse/jdt/ls/core/internal/handlers/MoveHandler$MoveParams
instanceKlass com/google/inject/internal/ProviderMethodsModule
instanceKlass org/eclipse/lsp4j/TextDocumentIdentifier
instanceKlass org/eclipse/lsp4j/WorkspaceDiagnosticReport
instanceKlass com/google/inject/spi/BindingSourceRestriction$PermitMapConstruction$PermitMapImpl
instanceKlass com/google/inject/spi/BindingSourceRestriction$PermitMap
instanceKlass com/google/inject/spi/BindingSourceRestriction$PermitMapConstruction
instanceKlass org/eclipse/lsp4j/adapters/WorkspaceSymbolResponseAdapter
instanceKlass com/google/common/collect/Hashing
instanceKlass org/eclipse/lsp4j/DeleteFilesParams
instanceKlass com/google/common/math/IntMath$1
instanceKlass org/eclipse/lsp4j/CreateFilesParams
instanceKlass com/google/common/math/MathPreconditions
instanceKlass org/eclipse/lsp4j/WorkspaceSymbol
instanceKlass org/eclipse/lsp4j/DidChangeWorkspaceFoldersParams
instanceKlass com/google/common/math/IntMath
instanceKlass org/eclipse/lsp4j/RenameFilesParams
instanceKlass org/eclipse/lsp4j/DidChangeConfigurationParams
instanceKlass org/eclipse/lsp4j/DidChangeWatchedFilesParams
instanceKlass com/google/inject/internal/AbstractBindingBuilder
instanceKlass com/google/inject/binder/ConstantBindingBuilder
instanceKlass org/eclipse/lsp4j/adapters/DocumentDiagnosticReportTypeAdapter
instanceKlass com/google/inject/binder/AnnotatedElementBuilder
instanceKlass org/eclipse/lsp4j/Moniker
instanceKlass org/eclipse/lsp4j/Hover
instanceKlass com/google/inject/spi/Elements$RecordingBinder
instanceKlass org/eclipse/lsp4j/Command
instanceKlass com/google/inject/Binding
instanceKlass org/eclipse/lsp4j/adapters/CodeActionResponseAdapter
instanceKlass com/google/inject/spi/DefaultBindingTargetVisitor
instanceKlass org/eclipse/lsp4j/CompletionList
instanceKlass com/google/inject/spi/BindingTargetVisitor
instanceKlass com/google/inject/spi/Elements
instanceKlass com/google/inject/internal/InjectorShell$RootModule
instanceKlass org/eclipse/lsp4j/InlineValueEvaluatableExpression
instanceKlass org/eclipse/lsp4j/InlineValueVariableLookup
instanceKlass com/google/common/collect/ListMultimap
instanceKlass com/google/inject/internal/InjectorBindingData
instanceKlass org/eclipse/lsp4j/adapters/InlineValueResponseAdapter
instanceKlass  @bci com/google/inject/internal/WeakKeySet <init> (Ljava/lang/Object;)V 12 <appendix> member <vmtarget> ; # com/google/inject/internal/WeakKeySet$$Lambda+0x00000000232f54c0
instanceKlass org/eclipse/lsp4j/SemanticTokensDelta
instanceKlass org/eclipse/lsp4j/adapters/SemanticTokensFullDeltaResponseAdapter
instanceKlass com/google/inject/internal/WeakKeySet
instanceKlass org/eclipse/lsp4j/ColorPresentation
instanceKlass org/eclipse/lsp4j/ColorInformation
instanceKlass org/eclipse/lsp4j/TypeHierarchyItem
instanceKlass org/eclipse/lsp4j/CallHierarchyIncomingCall
instanceKlass org/eclipse/lsp4j/CallHierarchyOutgoingCall
instanceKlass org/eclipse/lsp4j/SemanticTokens
instanceKlass com/google/common/collect/Sets
instanceKlass org/eclipse/lsp4j/LinkedEditingRanges
instanceKlass org/eclipse/lsp4j/CallHierarchyItem
instanceKlass com/google/inject/internal/InjectorJitBindingData
instanceKlass org/eclipse/lsp4j/FoldingRange
instanceKlass com/google/inject/internal/ProcessedBindingData
instanceKlass com/google/inject/spi/DefaultElementVisitor
instanceKlass com/google/inject/internal/InjectorShell$Builder
instanceKlass org/eclipse/lsp4j/PrepareRenameDefaultBehavior
instanceKlass org/eclipse/lsp4j/PrepareRenameResult
instanceKlass org/eclipse/lsp4j/Range
instanceKlass com/google/common/collect/Lists
instanceKlass com/google/common/collect/CollectPreconditions
instanceKlass org/eclipse/lsp4j/adapters/PrepareRenameResponseAdapter
instanceKlass com/google/common/collect/LinkedHashMultimap$MultimapIterationChain
instanceKlass com/google/common/collect/Platform
instanceKlass org/eclipse/lsp4j/TextEdit
instanceKlass com/google/common/collect/Multiset
instanceKlass org/eclipse/lsp4j/SelectionRange
instanceKlass com/google/common/collect/AbstractMultimap
instanceKlass org/eclipse/lsp4j/DocumentSymbol
instanceKlass com/google/common/collect/SetMultimap
instanceKlass org/eclipse/lsp4j/SymbolInformation
instanceKlass org/eclipse/lsp4j/adapters/DocumentSymbolResponseAdapter
instanceKlass com/google/inject/internal/CycleDetectingLock
instanceKlass org/eclipse/lsp4j/SignatureHelp
instanceKlass com/google/common/collect/Multimap
instanceKlass com/google/inject/internal/CycleDetectingLock$CycleDetectingLockFactory
instanceKlass com/google/inject/internal/Initializable
instanceKlass com/google/inject/internal/Initializer
instanceKlass org/eclipse/lsp4j/LocationLink
instanceKlass org/eclipse/lsp4j/Location
instanceKlass com/google/gson/internal/GsonTypes$WildcardTypeImpl
instanceKlass com/google/common/collect/ImmutableCollection$Builder
instanceKlass com/google/common/collect/ImmutableSet$SetBuilderImpl
instanceKlass sun/reflect/generics/tree/Wildcard
instanceKlass sun/reflect/generics/tree/BottomSignature
instanceKlass com/google/inject/internal/util/SourceProvider
instanceKlass org/eclipse/lsp4j/adapters/LocationLinkListAdapter
instanceKlass org/eclipse/lsp4j/WorkspaceEdit
instanceKlass com/google/inject/spi/ErrorDetail
instanceKlass org/eclipse/lsp4j/DidSaveTextDocumentParams
instanceKlass org/eclipse/lsp4j/DocumentFormattingParams
instanceKlass com/google/inject/internal/Errors
instanceKlass org/eclipse/lsp4j/InlayHintParams
instanceKlass org/eclipse/lsp4j/DidCloseTextDocumentParams
instanceKlass org/eclipse/lsp4j/DidChangeTextDocumentParams
instanceKlass org/eclipse/lsp4j/DidOpenTextDocumentParams
instanceKlass org/eclipse/lsp4j/InlayHint
instanceKlass org/eclipse/lsp4j/InlineValueParams
instanceKlass com/google/common/base/Stopwatch
instanceKlass com/google/inject/internal/util/ContinuousStopwatch
instanceKlass org/eclipse/lsp4j/DocumentLink
instanceKlass com/google/inject/Injector
instanceKlass org/eclipse/lsp4j/DocumentRangeFormattingParams
instanceKlass com/google/inject/internal/InternalInjectorCreator
instanceKlass org/eclipse/lsp4j/CodeLens
instanceKlass org/eclipse/lsp4j/WillSaveTextDocumentParams
instanceKlass org/eclipse/lsp4j/CodeAction
instanceKlass org/eclipse/lsp4j/WorkDoneProgressAndPartialResultParams
instanceKlass com/google/inject/Guice
instanceKlass org/eclipse/sisu/wire/Wiring
instanceKlass org/eclipse/lsp4j/CompletionItem
instanceKlass org/eclipse/sisu/wire/WireModule$Strategy$1
instanceKlass org/eclipse/sisu/wire/WireModule$Strategy
instanceKlass org/eclipse/sisu/wire/AbstractTypeConverter
instanceKlass com/google/inject/spi/ElementVisitor
instanceKlass org/eclipse/sisu/wire/WireModule
instanceKlass org/eclipse/sisu/bean/BeanBinder
instanceKlass org/eclipse/sisu/plexus/PlexusBindingModule
instanceKlass org/codehaus/plexus/DefaultPlexusContainer$BootModule
instanceKlass org/codehaus/plexus/component/annotations/Configuration
instanceKlass org/eclipse/sisu/plexus/PlexusAnnotatedMetadata
instanceKlass org/eclipse/sisu/plexus/PlexusBeanMetadata
instanceKlass org/eclipse/sisu/plexus/PlexusAnnotatedBeanModule$PlexusAnnotatedBeanSource
instanceKlass org/eclipse/sisu/space/SpaceModule$2
instanceKlass org/eclipse/sisu/space/SpaceModule$Strategy$2
instanceKlass org/eclipse/sisu/space/SpaceModule$Strategy$1
instanceKlass org/eclipse/lsp4j/InitializeResult
instanceKlass org/eclipse/lsp4j/SetTraceParams
instanceKlass org/eclipse/sisu/space/DefaultClassFinder
instanceKlass org/eclipse/lsp4j/WorkDoneProgressCancelParams
instanceKlass org/eclipse/lsp4j/services/NotebookDocumentService
instanceKlass org/eclipse/lsp4j/InitializedParams
instanceKlass org/eclipse/lsp4j/InitializeParams
instanceKlass org/objectweb/asm/ClassVisitor
instanceKlass org/eclipse/jdt/ls/core/internal/JavaClientConnection
instanceKlass org/eclipse/sisu/space/SpaceScanner
instanceKlass org/eclipse/lsp4j/jsonrpc/CancelChecker
instanceKlass org/eclipse/sisu/space/IndexedClassFinder
instanceKlass org/eclipse/sisu/space/ClassFinder
instanceKlass org/eclipse/sisu/space/SpaceModule
instanceKlass org/eclipse/sisu/space/SpaceVisitor
instanceKlass org/eclipse/sisu/plexus/PlexusTypeListener
instanceKlass org/eclipse/sisu/space/QualifiedTypeListener
instanceKlass org/eclipse/sisu/plexus/PlexusAnnotatedBeanModule$1
instanceKlass org/eclipse/sisu/space/SpaceModule$Strategy
instanceKlass org/eclipse/sisu/plexus/PlexusAnnotatedBeanModule
instanceKlass jdk/internal/vm/annotation/IntrinsicCandidate
instanceKlass org/eclipse/sisu/plexus/PlexusBeanSource
instanceKlass org/eclipse/sisu/plexus/PlexusXmlBeanModule
instanceKlass org/eclipse/sisu/plexus/PlexusBeanModule
instanceKlass org/eclipse/sisu/space/URLClassSpace
instanceKlass java/lang/Deprecated
instanceKlass org/eclipse/lsp4j/jsonrpc/json/JsonRpcMethodProvider
instanceKlass org/eclipse/lsp4j/jsonrpc/services/JsonDelegate
instanceKlass org/codehaus/plexus/DefaultPlexusContainer$SLF4JLoggerFactoryProvider
instanceKlass  @bci org/eclipse/lsp4j/jsonrpc/services/ServiceEndpoints getSupportedMethods (Ljava/lang/Class;Ljava/util/Set;)Ljava/util/Map; 29 <appendix> member <vmtarget> ; # org/eclipse/lsp4j/jsonrpc/services/ServiceEndpoints$$Lambda+0x00000000232dad90
instanceKlass com/google/inject/util/Providers$ConstantProvider
instanceKlass com/google/inject/util/Providers
instanceKlass org/eclipse/jdt/ls/core/internal/EventNotification
instanceKlass org/codehaus/plexus/personality/plexus/lifecycle/phase/Disposable
instanceKlass org/codehaus/plexus/personality/plexus/lifecycle/phase/Startable
instanceKlass org/eclipse/jdt/ls/core/internal/StatusReport
instanceKlass org/codehaus/plexus/personality/plexus/lifecycle/phase/Initializable
instanceKlass org/eclipse/jdt/ls/core/internal/ProgressReport
instanceKlass org/codehaus/plexus/personality/plexus/lifecycle/phase/Contextualizable
instanceKlass org/eclipse/jdt/ls/core/internal/ActionableNotification
instanceKlass org/codehaus/plexus/logging/LogEnabled
instanceKlass org/eclipse/sisu/bean/PropertyBinding
instanceKlass org/eclipse/lsp4j/ExecuteCommandParams
instanceKlass org/eclipse/lsp4j/WorkspaceFolder
instanceKlass javax/annotation/PreDestroy
instanceKlass javax/annotation/PostConstruct
instanceKlass org/eclipse/lsp4j/ShowDocumentResult
instanceKlass org/eclipse/lsp4j/MessageActionItem
instanceKlass org/eclipse/lsp4j/ApplyWorkspaceEditResponse
instanceKlass org/eclipse/sisu/bean/LifecycleBuilder
instanceKlass org/eclipse/sisu/bean/BeanScheduler$1
instanceKlass com/google/inject/spi/DefaultBindingScopingVisitor
instanceKlass com/google/inject/spi/BindingScopingVisitor
instanceKlass org/eclipse/sisu/bean/BeanScheduler$CycleActivator
instanceKlass com/google/inject/Scope
instanceKlass org/eclipse/lsp4j/jsonrpc/services/JsonNotification
instanceKlass com/google/inject/PrivateBinder
instanceKlass org/aopalliance/intercept/MethodInterceptor
instanceKlass org/aopalliance/intercept/Interceptor
instanceKlass org/aopalliance/aop/Advice
instanceKlass org/eclipse/lsp4j/jsonrpc/json/JsonRpcMethod
instanceKlass org/eclipse/lsp4j/jsonrpc/json/ResponseJsonAdapter
instanceKlass com/google/inject/MembersInjector
instanceKlass sun/reflect/generics/tree/MethodTypeSignature
instanceKlass com/google/inject/spi/TypeListener
instanceKlass com/google/inject/binder/AnnotatedConstantBindingBuilder
instanceKlass com/google/inject/spi/ModuleAnnotatedMethodScanner
instanceKlass java/util/stream/Nodes$ArrayNode
instanceKlass com/google/inject/spi/Message
instanceKlass com/google/inject/spi/Element
instanceKlass  @bci org/eclipse/lsp4j/jsonrpc/services/AnnotationUtil getParameterTypes (Ljava/lang/reflect/Method;)[Ljava/lang/reflect/Type; 17 <appendix> argL0 ; # org/eclipse/lsp4j/jsonrpc/services/AnnotationUtil$$Lambda+0x00000000232da6c0
instanceKlass com/google/inject/spi/Dependency
instanceKlass  @bci org/eclipse/lsp4j/jsonrpc/services/AnnotationUtil getParameterTypes (Ljava/lang/reflect/Method;)[Ljava/lang/reflect/Type; 7 <appendix> argL0 ; # org/eclipse/lsp4j/jsonrpc/services/AnnotationUtil$$Lambda+0x00000000232da478
instanceKlass com/google/inject/Key
instanceKlass com/google/inject/binder/AnnotatedBindingBuilder
instanceKlass com/google/inject/binder/LinkedBindingBuilder
instanceKlass com/google/inject/binder/ScopedBindingBuilder
instanceKlass com/google/inject/TypeLiteral
instanceKlass com/google/inject/spi/ProvisionListener
instanceKlass com/google/inject/Binder
instanceKlass org/eclipse/sisu/bean/BeanScheduler
instanceKlass org/eclipse/lsp4j/jsonrpc/services/JsonRequest
instanceKlass org/eclipse/lsp4j/WorkDoneProgressCreateParams
instanceKlass org/eclipse/lsp4j/ProgressParams
instanceKlass org/eclipse/lsp4j/ShowDocumentParams
instanceKlass org/eclipse/sisu/plexus/DefaultPlexusBeanLocator
instanceKlass org/eclipse/lsp4j/MessageParams
instanceKlass org/eclipse/lsp4j/ApplyWorkspaceEditParams
instanceKlass org/eclipse/lsp4j/LogTraceParams
instanceKlass org/eclipse/lsp4j/PublishDiagnosticsParams
instanceKlass org/eclipse/lsp4j/RegistrationParams
instanceKlass org/eclipse/sisu/plexus/RealmManager
instanceKlass org/eclipse/lsp4j/UnregistrationParams
instanceKlass org/codehaus/plexus/context/ContextMapAdapter
instanceKlass java/util/concurrent/CompletableFuture
instanceKlass org/codehaus/plexus/context/DefaultContext
instanceKlass org/codehaus/plexus/logging/AbstractLogger
instanceKlass org/eclipse/lsp4j/ConfigurationParams
instanceKlass org/codehaus/plexus/DefaultPlexusContainer$LoggerProvider
instanceKlass org/eclipse/lsp4j/jsonrpc/services/JsonSegment
instanceKlass org/codehaus/plexus/DefaultPlexusContainer$DefaultsModule
instanceKlass org/eclipse/lsp4j/jsonrpc/services/AnnotationUtil
instanceKlass org/codehaus/plexus/DefaultPlexusContainer$ContainerModule
instanceKlass  @bci org/eclipse/lsp4j/jsonrpc/services/ServiceEndpoints getSupportedMethods (Ljava/lang/Class;Ljava/util/Set;)Ljava/util/Map; 11 <appendix> member <vmtarget> ; # org/eclipse/lsp4j/jsonrpc/services/ServiceEndpoints$$Lambda+0x00000000232d9400
instanceKlass org/eclipse/sisu/inject/ImplicitBindings
instanceKlass org/eclipse/lsp4j/jsonrpc/services/AnnotationUtil$MethodInfo
instanceKlass org/eclipse/sisu/inject/MildValues$InverseMapping
instanceKlass org/eclipse/lsp4j/jsonrpc/services/ServiceEndpoints
instanceKlass org/eclipse/sisu/inject/MildValues
instanceKlass org/eclipse/lsp4j/jsonrpc/json/MethodProvider
instanceKlass org/eclipse/lsp4j/jsonrpc/Endpoint
instanceKlass org/eclipse/lsp4j/jsonrpc/MessageProducer
instanceKlass org/eclipse/lsp4j/jsonrpc/MessageConsumer
instanceKlass org/eclipse/lsp4j/jsonrpc/MessageIssueHandler
instanceKlass sun/reflect/misc/ReflectUtil
instanceKlass org/eclipse/lsp4j/jsonrpc/Launcher$Builder
instanceKlass java/util/concurrent/atomic/AtomicReferenceFieldUpdater
instanceKlass org/eclipse/lsp4j/jsonrpc/Launcher
instanceKlass org/eclipse/sisu/inject/RankedSequence$Content
instanceKlass org/eclipse/jdt/ls/core/internal/JavaClientConnection$JavaLanguageClient
instanceKlass org/eclipse/jdt/ls/core/internal/lsp/ExecuteCommandProposedClient
instanceKlass org/eclipse/sisu/inject/RankedSequence
instanceKlass org/eclipse/lsp4j/services/LanguageClient
instanceKlass org/eclipse/sisu/inject/BindingSubscriber
instanceKlass org/eclipse/sisu/inject/DefaultBeanLocator
instanceKlass org/eclipse/sisu/inject/DeferredClass
instanceKlass org/codehaus/plexus/DefaultPlexusContainer$LoggerManagerProvider
instanceKlass org/eclipse/sisu/inject/DeferredProvider
instanceKlass com/google/inject/Provider
instanceKlass org/eclipse/m2e/core/internal/embedder/IMavenComponentContributor$IMavenComponentBinder
instanceKlass com/google/inject/AbstractModule
instanceKlass org/codehaus/plexus/context/Context
instanceKlass org/eclipse/sisu/inject/BindingPublisher
instanceKlass org/eclipse/sisu/inject/RankingFunction
instanceKlass org/eclipse/sisu/space/ClassSpace
instanceKlass javax/inject/Provider
instanceKlass org/eclipse/sisu/bean/BeanManager
instanceKlass org/eclipse/sisu/plexus/PlexusBeanLocator
instanceKlass org/eclipse/sisu/inject/MutableBeanLocator
instanceKlass org/eclipse/sisu/inject/BeanLocator
instanceKlass org/codehaus/plexus/DefaultPlexusContainer
instanceKlass org/codehaus/plexus/MutablePlexusContainer
instanceKlass  @bci java/util/function/Function andThen (Ljava/util/function/Function;)Ljava/util/function/Function; 7 <appendix> member <vmtarget> ; # java/util/function/Function$$Lambda+0x0000000023171998
instanceKlass  @cpi java/util/function/Function 58 form vmentry <vmtarget> ; # java/lang/invoke/LambdaForm$DMH+0x00000000232d9000
instanceKlass  @bci org/apache/maven/extension/internal/CoreExports <init> (Lorg/codehaus/plexus/classworlds/realm/ClassRealm;Ljava/util/Set;Ljava/util/Set;)V 38 <appendix> argL0 ; # org/apache/maven/extension/internal/CoreExports$$Lambda+0x00000000232dc000
instanceKlass  @bci org/apache/maven/extension/internal/CoreExports <init> (Lorg/codehaus/plexus/classworlds/realm/ClassRealm;Ljava/util/Set;Ljava/util/Set;)V 30 <appendix> member <vmtarget> ; # org/apache/maven/extension/internal/CoreExports$$Lambda+0x00000000232d7d70
instanceKlass  @bci java/util/function/Function identity ()Ljava/util/function/Function; 0 <appendix> argL0 ; # java/util/function/Function$$Lambda+0x0000000023171750
instanceKlass org/apache/maven/extension/internal/CoreExports
instanceKlass org/codehaus/plexus/DefaultContainerConfiguration
instanceKlass org/codehaus/plexus/ContainerConfiguration
instanceKlass org/codehaus/plexus/util/BaseIOUtil
instanceKlass org/codehaus/plexus/util/xml/XMLWriter
instanceKlass org/codehaus/plexus/util/xml/Xpp3Dom
instanceKlass com/google/gson/internal/Primitives
instanceKlass org/codehaus/plexus/util/xml/pull/MXParser
instanceKlass org/codehaus/plexus/util/xml/pull/XmlPullParser
instanceKlass org/codehaus/plexus/util/xml/Xpp3DomBuilder
instanceKlass  @bci java/util/regex/Pattern union (Ljava/util/regex/Pattern$CharPredicate;Ljava/util/regex/Pattern$CharPredicate;Z)Ljava/util/regex/Pattern$CharPredicate; 14 <appendix> member <vmtarget> ; # java/util/regex/Pattern$$Lambda+0x00000000231714e0
instanceKlass org/codehaus/plexus/util/ReaderFactory
instanceKlass org/apache/maven/project/ExtensionDescriptor
instanceKlass org/apache/maven/project/ExtensionDescriptorBuilder
instanceKlass org/codehaus/plexus/classworlds/strategy/AbstractStrategy
instanceKlass org/codehaus/plexus/classworlds/strategy/Strategy
instanceKlass org/codehaus/plexus/classworlds/strategy/StrategyFactory
instanceKlass com/google/gson/internal/LinkedTreeMap$Node
instanceKlass  @bci org/eclipse/m2e/core/internal/embedder/PlexusContainerManager cleanup ()V 16 <appendix> argL0 ; # org/eclipse/m2e/core/internal/embedder/PlexusContainerManager$$Lambda+0x00000000232cd1b0
instanceKlass com/google/gson/internal/LinkedTreeMap$1
instanceKlass org/apache/maven/settings/building/SettingsBuilder
instanceKlass  @bci com/google/gson/internal/ConstructorConstructor newCollectionConstructor (Ljava/lang/Class;)Lcom/google/gson/internal/ObjectConstructor; 9 <appendix> argL0 ; # com/google/gson/internal/ConstructorConstructor$$Lambda+0x00000000232d33b0
instanceKlass org/eclipse/m2e/core/internal/M2EUtils
instanceKlass  @bci com/google/gson/internal/ConstructorConstructor newMapConstructor (Ljava/lang/reflect/Type;Ljava/lang/Class;)Lcom/google/gson/internal/ObjectConstructor; 16 <appendix> argL0 ; # com/google/gson/internal/ConstructorConstructor$$Lambda+0x00000000232d3188
instanceKlass org/apache/maven/settings/building/DefaultSettingsBuildingRequest
instanceKlass com/google/gson/internal/ObjectConstructor
instanceKlass  @bci org/eclipse/jdt/internal/core/JrtPackageFragmentRoot$JrtModuleKey hashCode ()I 1 <appendix> form vmentry <vmtarget> ; # java/lang/invoke/LambdaForm$MH+0x00000000232d8c00
# instanceKlass java/lang/invoke/LambdaForm$MH+0x00000000232d8800
# instanceKlass java/lang/invoke/LambdaForm$MH+0x00000000232d8400
instanceKlass com/google/gson/internal/ReflectionAccessFilterHelper
instanceKlass  @bci org/eclipse/jdt/internal/core/JrtPackageFragmentRoot$JrtModuleKey hashCode ()I 1 <appendix> argL2 argL2 argL2 form vmentry <vmtarget> ; # java/lang/invoke/LambdaForm$MH+0x00000000232d8000
instanceKlass  @bci java/lang/runtime/ObjectMethods bootstrap (Ljava/lang/invoke/MethodHandles$Lookup;Ljava/lang/String;Ljava/lang/invoke/TypeDescriptor;Ljava/lang/Class;Ljava/lang/String;[Ljava/lang/invoke/MethodHandle;)Ljava/lang/Object; 37 <appendix> argL0 ; # java/lang/runtime/ObjectMethods$$Lambda+0x800000015
instanceKlass java/lang/invoke/MethodHandleImpl$2
instanceKlass com/google/gson/internal/reflect/ReflectionHelper$RecordHelper
instanceKlass com/google/gson/internal/reflect/ReflectionHelper
instanceKlass java/lang/runtime/ObjectMethods
instanceKlass  @bci org/eclipse/m2e/core/internal/embedder/MavenImpl getSettings (Lorg/eclipse/m2e/core/embedder/MavenSettingsLocations;)Lorg/apache/maven/settings/Settings; 6 <appendix> member <vmtarget> ; # org/eclipse/m2e/core/internal/embedder/MavenImpl$$Lambda+0x00000000232ccd50
instanceKlass org/eclipse/m2e/core/MavenPlugin
instanceKlass org/eclipse/aether/DefaultRepositoryCache
instanceKlass com/google/gson/internal/JsonReaderInternalAccess
instanceKlass org/eclipse/aether/RepositoryCache
instanceKlass com/google/gson/internal/GsonTypes$ParameterizedTypeImpl
instanceKlass org/apache/maven/execution/DefaultMavenExecutionRequest
instanceKlass java/lang/reflect/WildcardType
instanceKlass com/google/gson/internal/GsonTypes
instanceKlass sun/reflect/generics/tree/TypeVariableSignature
instanceKlass sun/reflect/generics/reflectiveObjects/LazyReflectiveObjectGenerator
instanceKlass org/apache/maven/building/Source
instanceKlass sun/reflect/generics/reflectiveObjects/ParameterizedTypeImpl
instanceKlass java/lang/reflect/ParameterizedType
instanceKlass org/apache/maven/cli/configuration/SettingsXmlConfigurationProcessor
instanceKlass sun/reflect/generics/tree/ClassSignature
instanceKlass sun/reflect/generics/tree/Signature
instanceKlass org/apache/maven/cli/configuration/ConfigurationProcessor
instanceKlass sun/reflect/generics/tree/FormalTypeParameter
instanceKlass sun/reflect/generics/repository/AbstractRepository
instanceKlass  @bci org/eclipse/m2e/core/internal/embedder/MavenExecutionContext newExecutionRequest ()Lorg/apache/maven/execution/MavenExecutionRequest; 125 <appendix> member <vmtarget> ; # org/eclipse/m2e/core/internal/embedder/MavenExecutionContext$$Lambda+0x00000000232cc910
instanceKlass com/google/gson/internal/bind/ReflectiveTypeAdapterFactory$BoundField
instanceKlass  @bci org/eclipse/m2e/core/internal/embedder/MavenExecutionContext newExecutionRequest ()Lorg/apache/maven/execution/MavenExecutionRequest; 111 <appendix> member <vmtarget> ; # org/eclipse/m2e/core/internal/embedder/MavenExecutionContext$$Lambda+0x00000000232cc6c0
instanceKlass org/eclipse/jdt/ls/core/internal/ParentProcessWatcher
instanceKlass com/google/gson/internal/bind/ReflectiveTypeAdapterFactory
instanceKlass  @bci org/eclipse/m2e/core/internal/MavenPluginActivator getService (Ljava/lang/Class;)Ljava/lang/Object; 18 <appendix> member <vmtarget> ; # org/eclipse/m2e/core/internal/MavenPluginActivator$$Lambda+0x00000000232cc470
instanceKlass com/google/gson/internal/bind/JsonAdapterAnnotationTypeAdapterFactory$DummyTypeAdapterFactory
instanceKlass sun/nio/ch/PendingIoCache
instanceKlass  @bci org/eclipse/m2e/core/internal/project/registry/ProjectRegistryRefreshJob run (Lorg/eclipse/core/runtime/IProgressMonitor;)Lorg/eclipse/core/runtime/IStatus; 74 <appendix> member <vmtarget> ; # org/eclipse/m2e/core/internal/project/registry/ProjectRegistryRefreshJob$$Lambda+0x00000000232cc240
instanceKlass com/google/gson/internal/bind/JsonAdapterAnnotationTypeAdapterFactory
instanceKlass com/google/gson/internal/bind/MapTypeAdapterFactory
instanceKlass org/apache/maven/shared/utils/StringUtils
instanceKlass com/google/gson/internal/bind/CollectionTypeAdapterFactory
instanceKlass com/google/gson/internal/bind/ArrayTypeAdapter$1
instanceKlass sun/nio/ch/Invoker$GroupAndInvokeCount
instanceKlass sun/nio/ch/Invoker
instanceKlass com/google/gson/internal/bind/DefaultDateTypeAdapter$1
instanceKlass org/apache/maven/cli/MavenCli
instanceKlass java/util/concurrent/atomic/AtomicLongArray
instanceKlass sun/nio/ch/AsynchronousChannelGroupImpl$1
instanceKlass com/google/gson/internal/bind/NumberTypeAdapter$1
instanceKlass sun/nio/ch/Iocp$EventHandlerTask
instanceKlass com/google/gson/internal/bind/ObjectTypeAdapter$1
instanceKlass  @bci sun/nio/ch/ThreadPool defaultThreadFactory ()Ljava/util/concurrent/ThreadFactory; 0 <appendix> argL0 ; # sun/nio/ch/ThreadPool$$Lambda+0x000000002316ea80
instanceKlass sun/nio/ch/ThreadPool
instanceKlass com/google/gson/internal/bind/EnumTypeAdapter$1
instanceKlass sun/nio/ch/Iocp$CompletionStatus
instanceKlass java/nio/channels/AsynchronousChannelGroup
instanceKlass sun/nio/ch/WindowsAsynchronousFileChannelImpl$DefaultIocpHolder
instanceKlass com/google/gson/internal/bind/TypeAdapters$31
instanceKlass sun/nio/ch/Groupable
instanceKlass sun/nio/ch/Iocp$OverlappedChannel
instanceKlass java/util/Currency
instanceKlass sun/nio/fs/WindowsChannelFactory$2
instanceKlass java/nio/channels/AsynchronousFileChannel
instanceKlass com/google/gson/internal/bind/TypeAdapters$32
instanceKlass java/util/concurrent/atomic/AtomicIntegerArray
instanceKlass org/eclipse/aether/transfer/TransferListener
instanceKlass java/net/ProtocolFamily
instanceKlass org/eclipse/jdt/ls/core/internal/ConnectionStreamFactory$PipeStreamProvider
instanceKlass com/google/gson/internal/bind/TypeAdapters$30
instanceKlass  @bci org/eclipse/m2e/core/internal/project/registry/BasicProjectRegistry copy (Ljava/util/Map;Ljava/util/Map;)V 2 <appendix> member <vmtarget> ; # org/eclipse/m2e/core/internal/project/registry/BasicProjectRegistry$$Lambda+0x00000000232cc000
instanceKlass  @bci org/eclipse/jdt/ls/core/internal/ConnectionStreamFactory getPipeFile ()Ljava/io/File; 58 <appendix> argL0 ; # org/eclipse/jdt/ls/core/internal/ConnectionStreamFactory$$Lambda+0x00000000232c4ae8
instanceKlass com/google/gson/internal/bind/TypeAdapters$29
instanceKlass org/eclipse/jdt/ls/core/internal/JobHelpers$ProjectRegistryRefreshJobMatcher
instanceKlass org/eclipse/jdt/ls/core/internal/JobHelpers$IJobMatcher
instanceKlass java/lang/ProcessHandleImpl$Info
instanceKlass java/lang/ProcessHandle$Info
instanceKlass  @bci com/microsoft/java/debug/core/UsageDataSession recordResponse (Lcom/microsoft/java/debug/core/protocol/Messages$Response;)V 85 <appendix> form vmentry <vmtarget> ; # java/lang/invoke/LambdaForm$DMH+0x00000000232c8800
instanceKlass  @bci java/lang/ProcessHandleImpl initReaper ()Ljava/util/concurrent/Executor; 45 <appendix> member <vmtarget> ; # java/lang/ProcessHandleImpl$$Lambda+0x000000002316cc50
instanceKlass org/eclipse/jdt/ls/core/internal/JobHelpers
instanceKlass  @cpi java/lang/ProcessHandleImpl 358 form vmentry <vmtarget> ; # java/lang/invoke/LambdaForm$DMH+0x00000000232c8400
# instanceKlass java/lang/invoke/LambdaForm$DMH+0x00000000232c8000
instanceKlass java/lang/ProcessHandleImpl
instanceKlass java/lang/ProcessHandle
instanceKlass org/eclipse/jdt/ls/core/internal/ConnectionStreamFactory$StreamProvider
instanceKlass org/eclipse/jdt/ls/core/internal/ConnectionStreamFactory
instanceKlass org/eclipse/jdt/ls/core/internal/JVMConfigurator
instanceKlass org/eclipse/jdt/ls/core/internal/handlers/TypeHierarchyHandler
instanceKlass com/google/common/collect/PeekingIterator
instanceKlass com/google/gson/internal/bind/TypeAdapters
instanceKlass  @bci org/eclipse/buildship/core/internal/CorePlugin scheduleSynchronizationForAbsentModels ()V 15 <appendix> argL0 ; # org/eclipse/buildship/core/internal/CorePlugin$$Lambda+0x00000000232bc688
instanceKlass org/eclipse/jdt/ls/core/internal/handlers/WorkspaceExecuteCommandHandler$CommandHandlerHolder
instanceKlass org/eclipse/buildship/core/internal/configuration/GradleProjectNature
instanceKlass com/google/gson/internal/ConstructorConstructor
instanceKlass org/eclipse/jdt/ls/core/internal/handlers/WorkspaceExecuteCommandHandler
instanceKlass org/eclipse/buildship/core/internal/extension/DefaultExtensionManager
instanceKlass com/google/common/collect/Iterators
instanceKlass org/eclipse/buildship/core/internal/operation/DefaultToolingApiOperationManager
instanceKlass com/google/gson/internal/sql/SqlTimestampTypeAdapter$1
instanceKlass org/eclipse/buildship/core/internal/launch/DefaultExternalLaunchConfigurationManager$LaunchConfigurationListener
instanceKlass com/google/gson/internal/sql/SqlTimeTypeAdapter$1
instanceKlass org/eclipse/buildship/core/internal/launch/DefaultExternalLaunchConfigurationManager
instanceKlass com/google/common/collect/ObjectArrays
instanceKlass com/google/gson/internal/sql/SqlDateTypeAdapter$1
instanceKlass org/eclipse/buildship/core/internal/configuration/BuildConfigurationPersistence
instanceKlass org/eclipse/jdt/ls/core/internal/handlers/BaseDocumentLifeCycleHandler
instanceKlass org/eclipse/buildship/core/internal/configuration/WorkspaceConfigurationPersistence
instanceKlass org/eclipse/buildship/core/internal/launch/BaseRunConfigurationAttributes
instanceKlass org/eclipse/buildship/core/internal/configuration/TestRunConfiguration
instanceKlass org/eclipse/buildship/core/internal/configuration/BuildConfiguration
instanceKlass org/eclipse/buildship/core/internal/configuration/RunConfiguration
instanceKlass org/eclipse/buildship/core/internal/configuration/BaseRunConfiguration
instanceKlass org/eclipse/buildship/core/internal/configuration/ProjectConfiguration
instanceKlass org/eclipse/buildship/core/GradleDistribution
instanceKlass org/eclipse/buildship/core/internal/configuration/DefaultConfigurationManager
instanceKlass com/google/gson/internal/bind/DefaultDateTypeAdapter$DateType
instanceKlass com/google/gson/internal/sql/SqlTypesSupport
instanceKlass org/eclipse/buildship/core/internal/invocation/InvocationCustomizerCollector
instanceKlass org/eclipse/buildship/core/internal/operation/ToolingApiJobResultHandler
instanceKlass org/eclipse/lsp4j/WorkDoneProgressParams
instanceKlass org/eclipse/buildship/core/internal/workspace/SynchronizingBuildScriptUpdateListener
instanceKlass org/eclipse/lsp4j/PartialResultParams
instanceKlass org/eclipse/buildship/core/internal/workspace/ProjectChangeListener
instanceKlass org/eclipse/lsp4j/TextDocumentPositionParams
instanceKlass com/google/gson/FormattingStyle
instanceKlass org/eclipse/buildship/core/internal/preferences/PersistentModel
instanceKlass org/eclipse/buildship/core/internal/preferences/DefaultModelPersistence
instanceKlass org/eclipse/buildship/core/internal/event/EventListener
instanceKlass com/google/gson/stream/JsonWriter
instanceKlass org/eclipse/debug/core/model/ISourceLocator
instanceKlass org/eclipse/jdt/internal/launching/sourcelookup/advanced/AdvancedSourceLookupSupport
instanceKlass org/eclipse/buildship/core/internal/event/DefaultListenerRegistry
instanceKlass com/google/gson/stream/JsonReader
instanceKlass org/eclipse/jdt/launching/StandardClasspathProvider
instanceKlass org/eclipse/debug/internal/core/groups/GroupMemberChangeListener
instanceKlass com/google/gson/ToNumberStrategy
instanceKlass com/google/gson/Gson
instanceKlass org/eclipse/jdt/launching/IVMConnector
instanceKlass org/eclipse/jdt/launching/environments/IExecutionEnvironmentsManager
instanceKlass org/eclipse/jdt/launching/IRuntimeClasspathEntryResolver
instanceKlass org/eclipse/jdt/launching/IRuntimeClasspathEntry
instanceKlass org/eclipse/core/internal/watson/ElementTreeIterator
instanceKlass org/eclipse/jdt/launching/IVMInstall
instanceKlass  @bci org/eclipse/core/internal/resources/Resource accept (Lorg/eclipse/core/resources/IResourceProxyVisitor;II)V 50 <adapter> ; # java/lang/invoke/LambdaForm$MH+0x00000000232b0c00
instanceKlass org/eclipse/jdt/launching/IRuntimeClasspathProvider
# instanceKlass java/lang/invoke/LambdaForm$DMH+0x00000000232b0800
instanceKlass org/eclipse/jdt/launching/JavaRuntime
instanceKlass  @bci org/eclipse/core/internal/resources/Resource accept (Lorg/eclipse/core/resources/IResourceProxyVisitor;II)V 50 <appendix> form vmentry <vmtarget> ; # java/lang/invoke/LambdaForm$DMH+0x00000000232b0400
instanceKlass  @bci org/eclipse/core/internal/resources/Resource accept (Lorg/eclipse/core/resources/IResourceProxyVisitor;II)V 50 <appendix> member <vmtarget> ; # org/eclipse/core/internal/resources/Resource$$Lambda+0x0000000023214de0
instanceKlass  @cpi org/eclipse/core/internal/resources/Resource 1633 form vmentry <vmtarget> ; # java/lang/invoke/LambdaForm$DMH+0x00000000232b0000
instanceKlass org/eclipse/core/internal/resources/ResourceProxy
instanceKlass org/eclipse/debug/internal/core/LaunchManager$ResourceProxyVisitor
instanceKlass com/google/gson/TypeAdapter
instanceKlass com/google/gson/internal/Excluder
instanceKlass com/google/gson/TypeAdapterFactory
instanceKlass com/google/gson/FieldNamingStrategy
instanceKlass com/google/gson/GsonBuilder
instanceKlass org/eclipse/debug/core/ILaunchMode
instanceKlass org/eclipse/jdt/internal/launching/LaunchingPlugin$1$1
instanceKlass org/eclipse/core/resources/IResourceProxyVisitor
instanceKlass org/eclipse/debug/core/ILaunchDelegate
instanceKlass com/google/common/base/Optional
instanceKlass com/google/common/io/ByteArrayDataOutput
instanceKlass com/google/common/io/ByteArrayDataInput
instanceKlass com/google/common/io/ByteStreams
instanceKlass org/eclipse/debug/core/model/IDebugElement
instanceKlass org/eclipse/debug/core/ILaunch
instanceKlass  @bci com/google/common/io/Closer <clinit> ()V 0 <appendix> argL0 ; # com/google/common/io/Closer$$Lambda+0x000000002320b8e8
instanceKlass org/eclipse/debug/core/model/ISuspendResume
instanceKlass org/eclipse/debug/core/model/IStepFilters
instanceKlass org/eclipse/debug/core/model/IStep
instanceKlass  @cpi com/google/common/io/Closer 177 form vmentry <vmtarget> ; # java/lang/invoke/LambdaForm$DMH+0x00000000232a8000
instanceKlass org/eclipse/debug/core/model/IDropToFrame
instanceKlass org/eclipse/debug/core/model/IDisconnect
instanceKlass com/google/common/io/Closer$Suppressor
instanceKlass com/google/common/io/Closer
instanceKlass org/eclipse/debug/internal/core/commands/ForEachCommand$ExclusiveRule
instanceKlass org/eclipse/debug/core/commands/AbstractDebugCommand
instanceKlass org/eclipse/debug/core/commands/IStepFiltersHandler
instanceKlass org/eclipse/debug/core/commands/IResumeHandler
instanceKlass org/eclipse/debug/core/commands/ISuspendHandler
instanceKlass org/eclipse/debug/core/commands/IDisconnectHandler
instanceKlass org/eclipse/debug/core/commands/IDropToFrameHandler
instanceKlass org/eclipse/debug/core/commands/IStepReturnHandler
instanceKlass org/eclipse/debug/core/commands/IStepIntoHandler
instanceKlass org/eclipse/debug/core/commands/IStepOverHandler
instanceKlass org/eclipse/debug/core/commands/ITerminateHandler
instanceKlass org/eclipse/debug/core/commands/IDebugCommandHandler
instanceKlass org/eclipse/debug/internal/core/commands/CommandAdapterFactory
instanceKlass org/eclipse/debug/core/DebugPlugin$1$1
instanceKlass com/google/common/io/CharSource
instanceKlass org/eclipse/debug/internal/core/DebugOptions
instanceKlass org/eclipse/debug/core/DebugPlugin$AsynchRunner
instanceKlass org/eclipse/debug/core/DebugPlugin$EventNotifier
instanceKlass com/google/common/hash/PrimitiveSink
instanceKlass  @bci com/google/common/io/Files <clinit> ()V 0 <appendix> argL0 ; # com/google/common/io/Files$$Lambda+0x0000000023209b50
instanceKlass com/google/common/graph/SuccessorsFunction
instanceKlass com/google/common/io/ByteSource
instanceKlass org/eclipse/debug/core/ILaunchManager
instanceKlass org/eclipse/debug/core/ILaunchConfigurationListener
instanceKlass org/eclipse/debug/core/model/IProcess
instanceKlass org/eclipse/debug/core/model/ITerminate
instanceKlass org/eclipse/debug/core/IBreakpointManager
instanceKlass com/google/common/io/ByteSink
instanceKlass org/eclipse/debug/core/IExpressionManager
instanceKlass com/google/common/io/LineProcessor
instanceKlass org/eclipse/debug/core/IMemoryBlockManager
instanceKlass com/google/common/io/Files
instanceKlass com/google/common/base/Charsets
instanceKlass org/eclipse/debug/core/IDebugEventSetListener
instanceKlass org/eclipse/debug/core/ILaunchesListener
instanceKlass org/eclipse/debug/core/ILaunchConfiguration
instanceKlass org/eclipse/buildship/core/internal/launch/DefaultGradleLaunchConfigurationManager
instanceKlass org/eclipse/buildship/core/internal/console/StdProcessStreamsProvider$1
instanceKlass org/eclipse/buildship/core/internal/console/ProcessStreams
instanceKlass org/eclipse/buildship/core/internal/console/StdProcessStreamsProvider
instanceKlass org/eclipse/buildship/core/internal/workspace/InternalGradleBuild
instanceKlass org/eclipse/buildship/core/internal/workspace/DefaultGradleWorkspace
instanceKlass com/google/gson/reflect/TypeToken
instanceKlass org/eclipse/jdt/launching/IVMInstallChangedListener
instanceKlass org/eclipse/buildship/core/internal/util/gradle/PublishedGradleVersions
instanceKlass org/eclipse/buildship/core/internal/event/Event
instanceKlass org/eclipse/buildship/core/internal/workspace/DefaultWorkspaceOperations
instanceKlass java/util/concurrent/Executors$DefaultThreadFactory
instanceKlass org/eclipse/buildship/core/internal/util/gradle/PublishedGradleVersionsWrapper$LoadVersionsJob$1
instanceKlass org/eclipse/jdt/ls/core/internal/ProjectUtils
instanceKlass org/eclipse/buildship/core/internal/util/logging/EclipseLogger
instanceKlass com/google/gson/JsonElement
instanceKlass com/google/common/collect/ImmutableMap
instanceKlass org/eclipse/jdt/ls/core/internal/managers/TelemetryManager
instanceKlass com/google/common/base/Converter
instanceKlass com/google/common/collect/BiMap
instanceKlass com/google/common/collect/UnmodifiableIterator
instanceKlass com/google/common/collect/SortedMapDifference
instanceKlass com/google/common/collect/MapDifference
instanceKlass com/google/common/collect/Maps
instanceKlass org/eclipse/core/runtime/jobs/ProgressProvider
instanceKlass org/eclipse/jdt/ls/core/internal/LanguageServerApplication
instanceKlass org/eclipse/equinox/app/IApplication
instanceKlass org/eclipse/buildship/core/internal/util/gradle/PublishedGradleVersionsWrapper
instanceKlass org/eclipse/core/runtime/internal/adaptor/EclipseAppLauncher
instanceKlass org/eclipse/buildship/core/internal/Logger
instanceKlass org/eclipse/buildship/core/internal/workspace/InternalGradleWorkspace
instanceKlass org/eclipse/buildship/core/GradleWorkspace
instanceKlass org/eclipse/buildship/core/internal/preferences/ModelPersistence
instanceKlass org/eclipse/buildship/core/internal/event/ListenerRegistry
instanceKlass java/util/concurrent/locks/ReentrantReadWriteLock$Sync$HoldCounter
instanceKlass org/eclipse/buildship/core/internal/workspace/WorkspaceOperations
instanceKlass org/eclipse/buildship/core/GradleBuild
instanceKlass org/eclipse/buildship/core/internal/launch/ExternalLaunchConfigurationManager
instanceKlass org/eclipse/buildship/core/internal/launch/GradleLaunchConfigurationManager
instanceKlass org/eclipse/buildship/core/internal/console/ProcessStreamsProvider
instanceKlass org/eclipse/buildship/core/internal/extension/ExtensionManager
instanceKlass org/eclipse/buildship/core/internal/operation/ToolingApiOperationManager
instanceKlass org/eclipse/buildship/core/internal/configuration/ConfigurationManager
instanceKlass org/eclipse/buildship/core/invocation/InvocationCustomizer
instanceKlass org/eclipse/buildship/core/internal/TraceScope
instanceKlass org/eclipse/jdt/ls/core/internal/handlers/BundleUtils
instanceKlass org/eclipse/equinox/internal/security/storage/SecurePreferencesWrapper
instanceKlass org/eclipse/equinox/security/storage/ISecurePreferences
instanceKlass org/eclipse/equinox/internal/security/storage/SecurePreferencesContainer
instanceKlass  @bci org/eclipse/equinox/internal/security/storage/SecurePreferencesRoot load ()V 241 <appendix> member <vmtarget> ; # org/eclipse/equinox/internal/security/storage/SecurePreferencesRoot$$Lambda+0x0000000023299808
instanceKlass javax/crypto/spec/PBEKeySpec
instanceKlass org/eclipse/equinox/internal/security/storage/PasswordExt
instanceKlass org/eclipse/equinox/internal/security/storage/JavaEncryption
instanceKlass org/eclipse/equinox/security/storage/provider/IPreferencesContainer
instanceKlass org/eclipse/equinox/internal/security/storage/SecurePreferences
instanceKlass org/eclipse/equinox/internal/security/storage/friends/IStorageConstants
instanceKlass org/eclipse/equinox/internal/security/storage/StorageUtils
instanceKlass org/eclipse/equinox/internal/security/storage/SecurePreferencesMapper
instanceKlass org/eclipse/equinox/security/storage/SecurePreferencesFactory
instanceKlass com/sun/jna/Function$PostCallRead
instanceKlass com/sun/jna/NativeString
instanceKlass com/sun/jna/Library$Handler$FunctionInfo
instanceKlass com/sun/jna/internal/ReflectionUtils
instanceKlass com/sun/jna/Native$3
instanceKlass com/sun/jna/Library$Handler
instanceKlass com/sun/jna/win32/W32APIFunctionMapper
instanceKlass com/sun/jna/FunctionMapper
instanceKlass com/sun/jna/win32/W32APIOptions
instanceKlass org/eclipse/core/net/internal/proxy/win32/ProxyProviderWin32$WinHttp
instanceKlass com/sun/jna/win32/StdCallLibrary
instanceKlass com/sun/jna/win32/StdCall
instanceKlass com/sun/jna/AltCallingConvention
instanceKlass org/eclipse/core/internal/net/ProxyData
instanceKlass org/eclipse/equinox/internal/security/auth/AuthPlugin
instanceKlass org/eclipse/core/internal/net/ProxyType
instanceKlass org/eclipse/core/net/proxy/IProxyChangeEvent
instanceKlass org/eclipse/core/internal/net/AbstractProxyProvider
instanceKlass org/eclipse/core/internal/net/ProxyManager
instanceKlass org/eclipse/core/net/proxy/IProxyService
instanceKlass  @bci org/eclipse/core/internal/net/Policy <clinit> ()V 8 <appendix> argL0 ; # org/eclipse/core/internal/net/Policy$$Lambda+0x0000000023295428
instanceKlass  @cpi org/eclipse/core/internal/net/Policy 113 form vmentry <vmtarget> ; # java/lang/invoke/LambdaForm$DMH+0x0000000023295800
instanceKlass org/eclipse/core/internal/net/Policy
instanceKlass org/eclipse/core/net/proxy/IProxyData
instanceKlass org/eclipse/core/internal/net/PreferenceManager
instanceKlass org/eclipse/core/internal/net/Activator
instanceKlass org/eclipse/core/internal/net/ProxySelector
instanceKlass java/text/DontCareFieldPosition$1
instanceKlass org/eclipse/osgi/framework/log/FrameworkLogEntry
instanceKlass org/eclipse/jdt/ls/core/internal/DiagnosticsState
instanceKlass org/eclipse/jdt/ls/core/internal/managers/ContentProviderManager
instanceKlass org/eclipse/jdt/ls/core/internal/managers/DigestStore
instanceKlass org/eclipse/lsp4j/jsonrpc/messages/Either
instanceKlass org/eclipse/jdt/ls/core/internal/framework/IFrameworkSupport
instanceKlass org/eclipse/jdt/ls/core/internal/preferences/IPreferencesChangeListener
instanceKlass org/eclipse/text/templates/TemplateStoreCore
instanceKlass com/sun/org/apache/xml/internal/serializer/WriterChain
instanceKlass com/sun/org/apache/xalan/internal/xsltc/trax/DOM2TO
instanceKlass javax/xml/transform/stax/StAXSource
instanceKlass javax/xml/transform/sax/SAXSource
instanceKlass javax/xml/transform/stream/StreamSource
instanceKlass com/sun/org/apache/xml/internal/serializer/NamespaceMappings$MappingRecord
instanceKlass com/sun/org/apache/xml/internal/serializer/NamespaceMappings
instanceKlass sun/nio/cs/DelegatableDecoder
instanceKlass java/nio/charset/Charset$1
instanceKlass java/nio/charset/Charset$ThreadTrackHolder
instanceKlass java/nio/charset/Charset$ExtendedProviderHolder
instanceKlass com/sun/org/apache/xml/internal/serializer/Encodings$EncodingInfos
instanceKlass com/sun/org/apache/xml/internal/serializer/Encodings
instanceKlass com/sun/org/apache/xml/internal/serializer/ToStream$CharacterBuffer
instanceKlass com/sun/org/apache/xml/internal/serializer/EncodingInfo
instanceKlass com/sun/org/apache/xml/internal/serializer/ToStream$BoolStack
instanceKlass com/sun/org/apache/xml/internal/serializer/ElemContext
instanceKlass org/xml/sax/helpers/AttributesImpl
instanceKlass com/sun/org/apache/xml/internal/serializer/CharInfo$CharKey
instanceKlass sun/util/ResourceBundleEnumeration
instanceKlass com/sun/org/apache/xml/internal/serializer/CharInfo
instanceKlass com/sun/org/apache/xml/internal/serializer/SerializerBase
instanceKlass com/sun/org/apache/xml/internal/serializer/SerializerConstants
instanceKlass com/sun/org/apache/xml/internal/serializer/SerializationHandler
instanceKlass com/sun/org/apache/xml/internal/serializer/Serializer
instanceKlass com/sun/org/apache/xml/internal/serializer/DOMSerializer
instanceKlass org/xml/sax/ext/DeclHandler
instanceKlass com/sun/org/apache/xml/internal/serializer/XSLOutputAttributes
instanceKlass com/sun/org/apache/xml/internal/serializer/ExtendedLexicalHandler
instanceKlass org/xml/sax/ext/LexicalHandler
instanceKlass com/sun/org/apache/xml/internal/serializer/ExtendedContentHandler
instanceKlass javax/xml/transform/dom/DOMResult
instanceKlass javax/xml/transform/stax/StAXResult
instanceKlass javax/xml/transform/sax/SAXResult
instanceKlass com/sun/org/apache/xalan/internal/xsltc/runtime/output/TransletOutputHandlerFactory
instanceKlass javax/xml/transform/dom/DOMSource
instanceKlass com/sun/org/apache/xml/internal/utils/XMLReaderManager
instanceKlass com/sun/org/apache/xml/internal/serializer/OutputPropertiesFactory
instanceKlass javax/xml/transform/Transformer
instanceKlass com/sun/org/apache/xalan/internal/xsltc/DOMCache
instanceKlass  @bci javax/xml/transform/FactoryFinder newInstance (Ljava/lang/Class;Ljava/lang/String;Ljava/lang/ClassLoader;Z)Ljava/lang/Object; 83 <appendix> member <vmtarget> ; # javax/xml/transform/FactoryFinder$$Lambda+0x0000000023162ca0
instanceKlass jdk/xml/internal/JdkProperty
instanceKlass jdk/xml/internal/TransformErrorListener
instanceKlass javax/xml/transform/ErrorListener
instanceKlass com/sun/org/apache/xalan/internal/xsltc/compiler/SourceLoader
instanceKlass  @bci javax/xml/transform/FactoryFinder find (Ljava/lang/Class;Ljava/lang/String;)Ljava/lang/Object; 112 <appendix> member <vmtarget> ; # javax/xml/transform/FactoryFinder$$Lambda+0x0000000023162320
instanceKlass  @bci javax/xml/transform/FactoryFinder find (Ljava/lang/Class;Ljava/lang/String;)Ljava/lang/Object; 24 <appendix> member <vmtarget> ; # javax/xml/transform/FactoryFinder$$Lambda+0x00000000231620f0
instanceKlass javax/xml/transform/FactoryFinder
instanceKlass javax/xml/transform/TransformerFactory
instanceKlass javax/xml/transform/stream/StreamResult
instanceKlass org/eclipse/text/templates/TemplateReaderWriter
instanceKlass  @bci org/eclipse/jdt/ls/core/internal/preferences/PreferenceManager reloadTemplateStore ()V 24 <appendix> argL0 ; # org/eclipse/jdt/ls/core/internal/preferences/PreferenceManager$$Lambda+0x000000002327fc00
instanceKlass org/eclipse/text/templates/TemplatePersistenceData
instanceKlass org/eclipse/jface/text/templates/Template
instanceKlass  @bci java/util/ResourceBundle$ResourceBundleControlProviderHolder <clinit> ()V 11 <appendix> argL0 ; # java/util/ResourceBundle$ResourceBundleControlProviderHolder$$Lambda+0x0000000023161798
instanceKlass java/util/ServiceLoader$ProviderSpliterator
instanceKlass java/util/spi/ResourceBundleControlProvider
instanceKlass java/util/ResourceBundle$ResourceBundleControlProviderHolder
instanceKlass org/eclipse/jface/text/templates/TextTemplateMessages
instanceKlass org/eclipse/jface/text/IRegion
instanceKlass org/eclipse/jdt/ls/core/internal/handlers/FormatterHandler
instanceKlass sun/nio/fs/WindowsPath$1
instanceKlass org/apache/commons/lang3/text/StrTokenizer
instanceKlass org/apache/commons/lang3/text/StrBuilder
instanceKlass org/apache/commons/lang3/builder/Builder
instanceKlass  @bci java/util/regex/CharPredicates forUnicodeBlock (Ljava/lang/String;)Ljava/util/regex/Pattern$CharPredicate; 6 <appendix> member <vmtarget> ; # java/util/regex/CharPredicates$$Lambda+0x0000000023160bf8
instanceKlass java/lang/Character$Subset
instanceKlass org/apache/commons/lang3/StringUtils
instanceKlass java/util/DualPivotQuicksort
instanceKlass org/apache/commons/lang3/ArraySorter
instanceKlass org/apache/commons/lang3/text/StrMatcher
instanceKlass org/apache/commons/lang3/text/StrSubstitutor
instanceKlass org/apache/commons/lang3/text/StrLookup
instanceKlass org/eclipse/jdt/ls/core/internal/ResourceUtils
instanceKlass org/eclipse/jdt/ls/core/internal/preferences/Preferences$ReferencedLibraries
instanceKlass java/util/UUID$Holder
instanceKlass org/eclipse/jdt/ls/core/internal/preferences/Preferences
instanceKlass org/eclipse/jface/text/templates/TemplateContextType
instanceKlass org/eclipse/jface/text/templates/TemplateVariableResolver
instanceKlass java/lang/ProcessEnvironment$CheckedEntry
instanceKlass java/lang/ProcessEnvironment$CheckedEntrySet$1
instanceKlass java/lang/ProcessEnvironment$EntryComparator
instanceKlass java/lang/ProcessEnvironment$NameComparator
instanceKlass org/eclipse/jdt/ls/core/internal/Environment
instanceKlass org/eclipse/jdt/ls/core/internal/JDTEnvironmentUtils
instanceKlass org/eclipse/jdt/ls/core/internal/handlers/LogHandler$1
instanceKlass org/eclipse/jdt/ls/core/internal/handlers/DefaultLogFilter
instanceKlass org/eclipse/core/runtime/ILogListener
instanceKlass org/eclipse/jdt/ls/core/internal/handlers/LogHandler
instanceKlass org/eclipse/jdt/internal/core/manipulation/MembersOrderPreferenceCacheCommon
instanceKlass org/eclipse/jdt/core/manipulation/JavaManipulation
instanceKlass org/eclipse/jdt/ls/core/internal/managers/ISourceDownloader
instanceKlass java/net/Authenticator
instanceKlass java/nio/channels/AsynchronousByteChannel
instanceKlass java/nio/channels/AsynchronousChannel
instanceKlass java/net/SocketAddress
instanceKlass org/eclipse/jdt/ls/core/internal/syntaxserver/IExtendedProtocol
instanceKlass org/eclipse/text/templates/ContextTypeRegistry
instanceKlass org/eclipse/jdt/ls/core/internal/lsp/JavaProtocolExtensions
instanceKlass org/eclipse/lsp4j/services/WorkspaceService
instanceKlass org/eclipse/lsp4j/services/TextDocumentService
instanceKlass org/eclipse/lsp4j/services/LanguageServer
instanceKlass org/eclipse/jdt/internal/core/DeltaProcessor$2
instanceKlass org/eclipse/core/internal/events/NotificationManager$1
instanceKlass org/eclipse/jdt/internal/core/ModelUpdater
instanceKlass org/eclipse/jdt/ls/core/internal/BaseJDTLanguageServer
instanceKlass org/eclipse/jdt/internal/core/JavaModelManager$20$1
instanceKlass  @bci org/eclipse/jdt/internal/core/search/processing/JobManager reset ()V 38 <appendix> member <vmtarget> ; # org/eclipse/jdt/internal/core/search/processing/JobManager$$Lambda+0x0000000023276480
instanceKlass org/eclipse/jdt/internal/core/ExternalAnnotationTracker$DirectoryNode
instanceKlass org/eclipse/jdt/internal/core/ExternalAnnotationTracker
instanceKlass org/eclipse/jdt/internal/core/DeltaProcessor$RootInfo
instanceKlass org/eclipse/jdt/internal/core/JavaProject$ResolvedClasspath
instanceKlass org/eclipse/jdt/internal/core/ClasspathChange
instanceKlass com/sun/org/apache/xerces/internal/dom/DOMMessageFormatter
instanceKlass org/w3c/dom/Attr
instanceKlass com/sun/org/apache/xerces/internal/dom/NamedNodeMapImpl
instanceKlass org/w3c/dom/NamedNodeMap
instanceKlass com/sun/org/apache/xerces/internal/dom/CharacterDataImpl$1
instanceKlass org/w3c/dom/Text
instanceKlass org/w3c/dom/CharacterData
instanceKlass com/sun/org/apache/xerces/internal/dom/DeepNodeListImpl
instanceKlass com/sun/org/apache/xerces/internal/dom/DeferredDocumentImpl$RefCount
instanceKlass com/sun/org/apache/xerces/internal/dom/NodeListCache
instanceKlass org/w3c/dom/TypeInfo
instanceKlass org/w3c/dom/ElementTraversal
instanceKlass org/w3c/dom/Element
instanceKlass org/w3c/dom/DocumentType
instanceKlass com/sun/org/apache/xerces/internal/dom/NodeImpl
instanceKlass org/w3c/dom/events/EventTarget
instanceKlass org/w3c/dom/NodeList
instanceKlass org/w3c/dom/Document
instanceKlass org/w3c/dom/ranges/DocumentRange
instanceKlass org/w3c/dom/events/DocumentEvent
instanceKlass org/w3c/dom/traversal/DocumentTraversal
instanceKlass com/sun/org/apache/xerces/internal/dom/DeferredNode
instanceKlass org/eclipse/jdt/internal/core/util/Util
instanceKlass org/eclipse/jdt/internal/core/JavaModelManager$SecondaryTypes
instanceKlass org/eclipse/jdt/core/IJavaModelStatusConstants
# instanceKlass java/lang/invoke/LambdaForm$MH+0x0000000023274400
# instanceKlass java/lang/invoke/LambdaForm$MH+0x0000000023274000
instanceKlass org/eclipse/jdt/internal/compiler/ast/TypeOrLambda
instanceKlass org/eclipse/jdt/internal/compiler/CompilationResult
instanceKlass lombok/eclipse/agent/PatchDelegate$BindingTuple
instanceKlass org/eclipse/jdt/internal/compiler/ast/Invocation
instanceKlass org/eclipse/jdt/internal/compiler/ast/IPolyExpression
instanceKlass lombok/eclipse/agent/PatchDelegate
instanceKlass lombok/eclipse/agent/PatchDelegatePortal
instanceKlass lombok/core/LombokNode
instanceKlass lombok/core/DiagnosticsReceiver
instanceKlass lombok/launch/PatchFixesHider$Util
instanceKlass lombok/launch/PatchFixesHider$Delegate
instanceKlass org/eclipse/jdt/internal/core/DeltaProcessingState$RootInfos
instanceKlass org/eclipse/jdt/internal/core/JavaModelManager$PersistedClasspathContainer
instanceKlass org/eclipse/jdt/internal/core/ClasspathAttribute
instanceKlass org/eclipse/jdt/internal/core/ClasspathEntry
instanceKlass org/eclipse/jdt/internal/core/JavaModelManager$PerProjectInfo
instanceKlass org/eclipse/jdt/core/eval/IEvaluationContext
instanceKlass org/eclipse/jdt/internal/compiler/env/IModulePathEntry
instanceKlass org/eclipse/jdt/internal/core/JavaModelManager$VariablesAndContainersLoadHelper
instanceKlass org/eclipse/jdt/internal/core/JavaModelManager$19
instanceKlass org/eclipse/jdt/internal/core/JavaModelManager$18
instanceKlass org/eclipse/jdt/internal/core/JavaModelManager$13
instanceKlass org/eclipse/jdt/internal/core/JavaModelManager$12
instanceKlass  @bci org/eclipse/core/internal/preferences/EclipsePreferences fireNodeEvent (Lorg/eclipse/core/runtime/preferences/IEclipsePreferences$NodeChangeEvent;Z)V 26 <adapter> ; # java/lang/invoke/LambdaForm$MH+0x0000000023268800
instanceKlass  @bci org/eclipse/core/internal/preferences/EclipsePreferences fireNodeEvent (Lorg/eclipse/core/runtime/preferences/IEclipsePreferences$NodeChangeEvent;Z)V 26 <appendix> form vmentry <vmtarget> ; # java/lang/invoke/LambdaForm$DMH+0x0000000023268400
instanceKlass  @bci org/eclipse/core/internal/preferences/EclipsePreferences fireNodeEvent (Lorg/eclipse/core/runtime/preferences/IEclipsePreferences$NodeChangeEvent;Z)V 26 <appendix> member <vmtarget> ; # org/eclipse/core/internal/preferences/EclipsePreferences$$Lambda+0x000000002318aaf0
instanceKlass  @cpi org/eclipse/core/internal/preferences/EclipsePreferences 1057 form vmentry <vmtarget> ; # java/lang/invoke/LambdaForm$DMH+0x0000000023268000
instanceKlass org/eclipse/jdt/internal/formatter/DefaultCodeFormatterOptions
instanceKlass org/eclipse/jdt/core/formatter/DefaultCodeFormatterConstants
instanceKlass org/eclipse/jdt/internal/compiler/util/Util
instanceKlass org/eclipse/jdt/internal/compiler/impl/IrritantSet
instanceKlass org/eclipse/jdt/internal/core/util/ICacheEnumeration
instanceKlass org/eclipse/jdt/internal/formatter/TokenTraverser
instanceKlass org/eclipse/text/edits/TextEdit
instanceKlass org/eclipse/core/internal/jobs/JobQueue$2
instanceKlass org/eclipse/jdt/core/formatter/CodeFormatter
instanceKlass lombok/patcher/scripts/WrapperMethodDescriptor
instanceKlass lombok/patcher/scripts/SetSymbolDuringMethodCallScript$1
instanceKlass org/eclipse/jdt/core/SourceRange
instanceKlass org/eclipse/jdt/internal/compiler/util/JRTUtil$JrtFileVisitor
instanceKlass org/eclipse/jdt/core/IOrdinaryClassFile
instanceKlass org/eclipse/jdt/internal/core/util/ReferenceInfoAdapter
instanceKlass org/eclipse/jdt/internal/compiler/ISourceElementRequestor
instanceKlass org/eclipse/jdt/internal/compiler/env/ISourceType
instanceKlass org/eclipse/jdt/internal/compiler/env/IGenericType
instanceKlass org/eclipse/jdt/core/search/TypeNameMatchRequestor
instanceKlass org/eclipse/jdt/internal/compiler/problem/ProblemHandler
instanceKlass org/eclipse/jdt/core/search/MethodNameMatch
instanceKlass org/eclipse/jdt/core/search/TypeNameMatch
instanceKlass org/eclipse/jdt/core/search/SearchParticipant
instanceKlass org/eclipse/jdt/internal/compiler/ASTVisitor
instanceKlass org/eclipse/jdt/internal/core/search/IndexQueryRequestor
instanceKlass org/eclipse/jdt/core/search/IParallelizable
instanceKlass java/util/concurrent/locks/AbstractQueuedLongSynchronizer$Node
instanceKlass org/eclipse/jdt/core/search/SearchPattern
instanceKlass org/eclipse/jdt/core/search/IJavaSearchScope
instanceKlass org/eclipse/jdt/internal/core/search/BasicSearchEngine
instanceKlass org/eclipse/jdt/core/ISourceRange
instanceKlass org/eclipse/jdt/core/ITypeParameter
instanceKlass org/eclipse/jdt/core/IAnnotation
instanceKlass org/eclipse/jdt/internal/core/AbstractModule
instanceKlass org/eclipse/jdt/core/IModuleDescription
instanceKlass org/eclipse/jdt/internal/core/NameLookup
instanceKlass org/eclipse/jface/text/IDocument
instanceKlass org/eclipse/jdt/internal/core/JavaModelCache$1
instanceKlass org/eclipse/jdt/internal/compiler/env/IBinaryInfo
instanceKlass org/eclipse/jdt/internal/core/JavaModelCache
instanceKlass org/eclipse/jdt/core/IType
instanceKlass org/eclipse/jdt/core/IAnnotatable
instanceKlass org/eclipse/jdt/core/IMember
instanceKlass org/eclipse/jdt/internal/core/hierarchy/HierarchyBuilder
instanceKlass org/eclipse/jdt/internal/core/hierarchy/TypeHierarchy
instanceKlass org/eclipse/jdt/core/ITypeHierarchy
instanceKlass org/eclipse/jdt/core/dom/ASTNode
instanceKlass org/eclipse/jdt/core/dom/StructuralPropertyDescriptor
instanceKlass org/eclipse/jdt/internal/core/dom/rewrite/RewriteEvent
instanceKlass org/eclipse/jdt/internal/core/dom/rewrite/RewriteEventStore
instanceKlass org/eclipse/jdt/core/dom/ASTVisitor
instanceKlass org/eclipse/jdt/internal/core/DeltaProcessor
instanceKlass org/eclipse/jdt/internal/codeassist/CompletionEngine$1
instanceKlass  @bci org/eclipse/jdt/internal/compiler/lookup/ReferenceBinding <clinit> ()V 58 <appendix> argL0 ; # org/eclipse/jdt/internal/compiler/lookup/ReferenceBinding$$Lambda+0x0000000023242208
instanceKlass org/eclipse/jdt/internal/compiler/lookup/ParameterNonNullDefaultProvider
instanceKlass org/eclipse/jdt/internal/compiler/lookup/ReferenceBinding$3
instanceKlass org/eclipse/jdt/internal/compiler/lookup/ReferenceBinding$2
instanceKlass org/eclipse/jdt/internal/compiler/lookup/ReductionResult
instanceKlass org/eclipse/jdt/internal/compiler/lookup/ElementValuePair
instanceKlass org/eclipse/jdt/internal/compiler/lookup/AnnotationBinding
instanceKlass org/eclipse/jdt/internal/compiler/env/IUpdatableModule
instanceKlass org/eclipse/jdt/internal/compiler/lookup/HotSwappable
instanceKlass org/eclipse/jdt/internal/compiler/lookup/TypeBindingVisitor
instanceKlass org/eclipse/jdt/internal/compiler/parser/ScannerHelper
instanceKlass org/eclipse/jdt/core/Signature
instanceKlass org/eclipse/jdt/internal/compiler/lookup/TypeConstants$CloseMethodRecord
instanceKlass org/eclipse/jdt/core/CompletionRequestor
instanceKlass org/eclipse/jdt/internal/codeassist/complete/CompletionNode
instanceKlass lombok/patcher/scripts/ReplaceMethodCallScript$1
instanceKlass org/eclipse/jdt/internal/codeassist/UnresolvedReferenceNameFinder$UnresolvedReferenceNameRequestor
instanceKlass org/eclipse/jdt/internal/core/INamingRequestor
instanceKlass org/eclipse/jdt/internal/compiler/lookup/Substitution
instanceKlass org/eclipse/jdt/core/search/SearchRequestor
instanceKlass org/eclipse/jdt/internal/codeassist/MissingTypesGuesser$GuessedTypeRequestor
instanceKlass org/eclipse/jdt/internal/core/IJavaElementRequestor
instanceKlass org/eclipse/jdt/internal/compiler/lookup/Binding
instanceKlass org/eclipse/jdt/core/CompletionProposal
instanceKlass org/eclipse/jdt/internal/compiler/lookup/Scope
instanceKlass org/eclipse/jdt/core/compiler/IProblem
instanceKlass org/eclipse/jdt/core/CompletionContext
instanceKlass org/eclipse/jdt/internal/compiler/lookup/InvocationSite
instanceKlass org/eclipse/jdt/internal/compiler/ast/ASTNode
instanceKlass org/eclipse/jdt/internal/compiler/ast/Location
instanceKlass org/eclipse/jdt/internal/codeassist/impl/Engine
instanceKlass org/eclipse/jdt/internal/codeassist/ICompletionEngine
instanceKlass org/eclipse/jdt/internal/codeassist/RelevanceConstants
instanceKlass org/eclipse/jdt/internal/compiler/lookup/TypeConstants
instanceKlass org/eclipse/jdt/internal/codeassist/ISearchRequestor
instanceKlass org/eclipse/jdt/internal/compiler/impl/ReferenceContext
instanceKlass org/eclipse/jdt/internal/compiler/ICompilerRequestor
instanceKlass org/eclipse/jdt/internal/compiler/Compiler
instanceKlass org/eclipse/jdt/internal/compiler/problem/ProblemSeverities
instanceKlass org/eclipse/jdt/internal/compiler/impl/ITypeRequestor
instanceKlass org/eclipse/jdt/internal/compiler/env/INameEnvironment
instanceKlass org/eclipse/jdt/internal/core/builder/ClasspathLocation
instanceKlass org/eclipse/jdt/core/IBuffer
instanceKlass org/eclipse/jdt/core/IBufferFactory
instanceKlass org/eclipse/jdt/internal/core/BufferManager
instanceKlass org/eclipse/jdt/internal/core/JavaModelManager$8
instanceKlass  @bci org/eclipse/jdt/internal/core/JavaModelManager <clinit> ()V 139 <appendix> argL0 ; # org/eclipse/jdt/internal/core/JavaModelManager$$Lambda+0x0000000023227700
instanceKlass  @bci org/eclipse/jdt/internal/core/search/indexing/IndexNamesRegistry <init> (Ljava/io/File;Lorg/eclipse/core/runtime/IPath;)V 24 <appendix> member <vmtarget> ; # org/eclipse/jdt/internal/core/search/indexing/IndexNamesRegistry$$Lambda+0x00000000232274d0
instanceKlass org/eclipse/jdt/internal/core/search/indexing/IndexNamesRegistry
instanceKlass org/eclipse/jdt/internal/compiler/util/SimpleLookupTable
instanceKlass org/eclipse/jdt/internal/compiler/parser/Parser
instanceKlass org/eclipse/jdt/internal/compiler/lookup/TypeIds
instanceKlass org/eclipse/jdt/internal/compiler/ast/OperatorIds
instanceKlass org/eclipse/jdt/internal/compiler/parser/ConflictedParser
instanceKlass org/eclipse/jdt/internal/compiler/parser/ParserBasicInformation
instanceKlass org/eclipse/jdt/internal/compiler/IProblemFactory
instanceKlass org/eclipse/jdt/internal/core/index/IndexLocation
instanceKlass org/eclipse/jdt/internal/core/search/indexing/IndexRequest
instanceKlass org/eclipse/jdt/internal/core/search/processing/JobManager
instanceKlass org/eclipse/jdt/internal/core/search/indexing/IIndexConstants
instanceKlass  @bci org/eclipse/jdt/internal/core/JavaModelManager <init> ()V 404 <appendix> argL0 ; # org/eclipse/jdt/internal/core/JavaModelManager$$Lambda+0x000000002321fac0
instanceKlass org/eclipse/jdt/internal/core/JavaModelManager$3
instanceKlass org/eclipse/jdt/internal/core/JavaModelManager$2
instanceKlass org/eclipse/jdt/internal/core/JavaModelManager$EclipsePreferencesListener
instanceKlass  @bci org/eclipse/core/internal/jobs/JobManager wakeUp (Lorg/eclipse/core/internal/jobs/InternalJob;J)V 23 <appendix> member <vmtarget> ; # org/eclipse/core/internal/jobs/JobManager$$Lambda+0x0000000023132970
instanceKlass org/eclipse/jdt/core/IElementChangedListener
instanceKlass org/eclipse/jdt/internal/core/DeltaProcessingState
instanceKlass org/eclipse/jdt/internal/core/ExternalFoldersManager
instanceKlass org/eclipse/jdt/internal/core/util/Util$Comparer
instanceKlass org/eclipse/jdt/internal/core/JavaModelManager$CompilationParticipants
instanceKlass org/eclipse/jdt/internal/core/BatchInitializationMonitor
instanceKlass org/eclipse/jdt/internal/core/JavaModelOperation
instanceKlass org/eclipse/jdt/internal/core/JavaElementInfo
instanceKlass org/eclipse/jdt/internal/codeassist/ISelectionRequestor
instanceKlass org/eclipse/jdt/internal/compiler/env/IElementInfo
instanceKlass org/eclipse/jdt/internal/core/JavaModelManager$1
instanceKlass org/eclipse/jdt/internal/core/search/IRestrictedAccessTypeRequestor
instanceKlass org/eclipse/jdt/internal/core/util/LRUCache
instanceKlass org/eclipse/jdt/internal/core/search/processing/IJob
instanceKlass org/eclipse/jdt/core/IJavaElementDelta
instanceKlass org/eclipse/jdt/internal/compiler/util/SuffixConstants
instanceKlass org/eclipse/jdt/internal/compiler/env/ICompilationUnit
instanceKlass org/eclipse/jdt/internal/compiler/env/IDependent
instanceKlass org/eclipse/jdt/core/ICompilationUnit
instanceKlass org/lombokweb/asm/Handle
instanceKlass org/eclipse/jdt/core/IBufferChangedListener
instanceKlass org/eclipse/jdt/core/IPackageFragmentRoot
instanceKlass org/eclipse/jdt/core/IAccessRule
instanceKlass org/eclipse/jdt/core/IClassFile
instanceKlass org/eclipse/jdt/core/ITypeRoot
instanceKlass org/eclipse/jdt/core/ICodeAssist
instanceKlass org/eclipse/jdt/core/ISourceReference
instanceKlass org/eclipse/jdt/core/IPackageFragment
instanceKlass org/eclipse/jdt/core/ISourceManipulation
instanceKlass org/eclipse/jdt/internal/compiler/util/Util$Displayable
instanceKlass org/eclipse/jdt/core/IJavaModelStatus
instanceKlass org/eclipse/jdt/core/IJavaProject
instanceKlass org/eclipse/jdt/core/IClasspathContainer
instanceKlass org/eclipse/jdt/internal/core/JavaModelManager
instanceKlass  @bci java/util/Comparator comparingDouble (Ljava/util/function/ToDoubleFunction;)Ljava/util/Comparator; 6 <appendix> member <vmtarget> ; # java/util/Comparator$$Lambda+0x00000000231567e8
instanceKlass  @bci org/eclipse/jdt/core/JavaCore <clinit> ()V 207 <appendix> argL0 ; # org/eclipse/jdt/core/JavaCore$$Lambda+0x0000000023183218
instanceKlass  @cpi org/eclipse/jdt/core/JavaCore 2477 form vmentry <vmtarget> ; # java/lang/invoke/LambdaForm$DMH+0x0000000023211c00
# instanceKlass java/lang/invoke/LambdaForm$DMH+0x0000000023211800
instanceKlass java/util/function/ToDoubleFunction
instanceKlass org/eclipse/jdt/core/compiler/CharOperation
instanceKlass org/eclipse/jdt/internal/compiler/impl/CompilerOptions
instanceKlass org/eclipse/jdt/internal/compiler/env/IModule
instanceKlass org/eclipse/jdt/core/IClasspathAttribute
instanceKlass org/eclipse/jdt/core/IWorkingCopy
instanceKlass org/eclipse/jdt/core/search/TypeNameRequestor
instanceKlass org/eclipse/jdt/core/IRegion
instanceKlass org/eclipse/jdt/core/IClasspathEntry
instanceKlass org/eclipse/jdt/core/IJavaModel
instanceKlass org/eclipse/jdt/core/IParent
instanceKlass org/eclipse/jdt/core/IOpenable
instanceKlass org/eclipse/jdt/core/IJavaElement
instanceKlass org/eclipse/core/internal/events/NodeIDMap
instanceKlass org/eclipse/core/resources/IWorkspaceRunnable
instanceKlass org/eclipse/core/internal/events/ResourceDeltaInfo
instanceKlass org/eclipse/core/internal/dtree/NodeComparison
instanceKlass org/eclipse/core/internal/events/ResourceComparator
instanceKlass org/eclipse/core/internal/events/ResourceDeltaFactory
instanceKlass org/eclipse/core/resources/IMarkerDelta
instanceKlass org/eclipse/jdt/core/WorkingCopyOwner
instanceKlass org/eclipse/jdt/ls/core/contentassist/ICompletionContributionService
instanceKlass org/eclipse/jdt/ls/core/internal/preferences/PreferenceManager
instanceKlass org/eclipse/core/runtime/SubMonitor$RootInfo
instanceKlass org/eclipse/core/resources/team/ResourceRuleFactory
instanceKlass org/eclipse/m2e/core/internal/repository/IRepositoryIndexer
instanceKlass org/apache/maven/wagon/authentication/AuthenticationInfo
instanceKlass org/eclipse/m2e/core/internal/repository/IRepositoryDiscoverer
instanceKlass org/eclipse/m2e/core/internal/repository/RepositoryInfo
instanceKlass org/eclipse/m2e/core/repository/IRepository
instanceKlass org/eclipse/m2e/core/internal/repository/RepositoryRegistry
instanceKlass org/eclipse/m2e/core/repository/IRepositoryRegistry
instanceKlass org/eclipse/m2e/core/internal/project/WorkspaceStateWriter
instanceKlass  @bci org/eclipse/core/internal/runtime/AdapterManager registerFactory (Lorg/eclipse/core/runtime/IAdapterFactory;Ljava/lang/String;)V 5 <appendix> argL0 ; # org/eclipse/core/internal/runtime/AdapterManager$$Lambda+0x000000002318d1f0
instanceKlass org/eclipse/m2e/core/project/ResolverConfiguration
instanceKlass org/eclipse/m2e/core/project/configurator/ILifecycleMapping
instanceKlass org/eclipse/m2e/core/project/IProjectCreationListener
instanceKlass org/eclipse/m2e/core/project/ProjectImportConfiguration
instanceKlass org/eclipse/m2e/core/project/MavenProjectInfo
instanceKlass org/eclipse/aether/graph/DependencyNode
instanceKlass ch/qos/logback/classic/spi/EventArgUtil
instanceKlass ch/qos/logback/classic/spi/IThrowableProxy
instanceKlass ch/qos/logback/classic/spi/LoggingEvent
instanceKlass org/eclipse/m2e/core/internal/project/registry/MavenProjectManager
instanceKlass org/eclipse/m2e/core/project/IMavenProjectRegistry
instanceKlass org/eclipse/aether/graph/DependencyVisitor
instanceKlass org/eclipse/aether/graph/DependencyFilter
instanceKlass org/eclipse/aether/collection/DependencyGraphTransformer
instanceKlass org/eclipse/aether/util/graph/transformer/ConflictResolver$VersionSelector
instanceKlass org/eclipse/aether/util/graph/transformer/ConflictResolver$ScopeSelector
instanceKlass org/eclipse/aether/util/graph/transformer/ConflictResolver$OptionalitySelector
instanceKlass org/eclipse/aether/util/graph/transformer/ConflictResolver$ScopeDeriver
instanceKlass javax/xml/transform/Source
instanceKlass javax/xml/transform/Result
instanceKlass org/w3c/dom/Node
instanceKlass org/eclipse/m2e/core/embedder/MavenModelManager
instanceKlass org/eclipse/m2e/core/project/configurator/ILifecycleMappingConfiguration
instanceKlass org/eclipse/m2e/core/internal/project/ProjectConfigurationManager
instanceKlass org/eclipse/m2e/core/project/IProjectConfigurationManager
instanceKlass org/eclipse/core/runtime/jobs/IJobFunction
instanceKlass org/eclipse/m2e/core/project/MavenUpdateRequest
instanceKlass org/eclipse/m2e/core/internal/project/registry/ProjectRegistryReader$MavenProjectManagerImplReplace
instanceKlass org/eclipse/m2e/core/internal/project/registry/ProjectRegistryReader$IFileReplace
instanceKlass org/eclipse/m2e/core/internal/project/registry/ProjectRegistryReader$IPathReplace
instanceKlass java/util/HashMap$UnsafeHolder
instanceKlass java/io/SerialCallbackContext
instanceKlass java/io/ObjectInputStream$GetField
instanceKlass java/io/ObjectStreamClass$ClassDataSlot
instanceKlass java/io/ObjectStreamClass$FieldReflector
instanceKlass java/io/ObjectStreamClass$FieldReflectorKey
instanceKlass  @bci jdk/internal/reflect/MethodHandleLongFieldAccessorImpl getLong (Ljava/lang/Object;)J 11 <adapter> ; # java/lang/invoke/LambdaForm$MH+0x000000002320c000
instanceKlass java/io/ClassCache
instanceKlass java/io/ObjectStreamClass$Caches
instanceKlass  @bci java/io/ObjectInputFilter$Config <clinit> ()V 356 <appendix> argL0 ; # java/io/ObjectInputFilter$Config$$Lambda+0x0000000023153a18
instanceKlass jdk/internal/access/JavaObjectInputFilterAccess
instanceKlass java/io/ObjectInputFilter$Config$BuiltinFilterFactory
instanceKlass java/io/ObjectInputFilter
instanceKlass java/io/ObjectInputFilter$Config
instanceKlass java/io/ObjectInputStream$ValidationList
instanceKlass java/io/ObjectInputStream$HandleTable$HandleList
instanceKlass java/io/ObjectInputStream$HandleTable
instanceKlass  @bci java/io/ObjectInputStream <clinit> ()V 40 <appendix> argL0 ; # java/io/ObjectInputStream$$Lambda+0x0000000023152408
instanceKlass jdk/internal/access/JavaObjectInputStreamReadString
instanceKlass  @bci java/io/ObjectInputStream <clinit> ()V 32 <appendix> argL0 ; # java/io/ObjectInputStream$$Lambda+0x00000000231521e0
instanceKlass jdk/internal/access/JavaObjectInputStreamAccess
instanceKlass org/apache/maven/execution/MavenExecutionRequest
instanceKlass org/eclipse/m2e/core/project/IMavenProjectChangedListener
instanceKlass org/eclipse/m2e/core/internal/project/registry/DependencyResolutionContext
instanceKlass org/apache/maven/project/ProjectBuildingResult
instanceKlass org/eclipse/core/runtime/SubMonitor
instanceKlass org/eclipse/m2e/core/internal/project/registry/MavenProjectFacade
instanceKlass com/google/common/cache/LocalCache$AbstractReferenceEntry
instanceKlass com/google/common/cache/LocalCache$LoadingValueReference
instanceKlass com/google/common/cache/Weigher
instanceKlass com/google/common/base/Predicate
instanceKlass com/google/common/base/Equivalence
instanceKlass com/google/common/base/MoreObjects
instanceKlass com/google/common/cache/LocalCache$1
instanceKlass com/google/common/cache/ReferenceEntry
instanceKlass com/google/common/cache/LocalCache$ValueReference
instanceKlass com/google/common/cache/LocalCache$LocalManualCache
instanceKlass com/google/common/cache/CacheLoader
instanceKlass  @bci org/eclipse/m2e/core/internal/project/registry/MavenProjectCache <init> ()V 25 <appendix> member <vmtarget> ; # org/eclipse/m2e/core/internal/project/registry/MavenProjectCache$$Lambda+0x00000000231f63c0
instanceKlass org/eclipse/m2e/core/internal/project/registry/MavenProjectCache$CacheLine
instanceKlass  @bci org/eclipse/m2e/core/internal/project/registry/MavenProjectCache <init> ()V 16 <appendix> member <vmtarget> ; # org/eclipse/m2e/core/internal/project/registry/MavenProjectCache$$Lambda+0x00000000231f5f78
instanceKlass com/google/common/cache/RemovalListener
instanceKlass com/google/common/cache/CacheBuilder$2
instanceKlass com/google/common/base/Preconditions
instanceKlass com/google/common/cache/CacheStats
instanceKlass com/google/common/base/Suppliers$SupplierOfInstance
instanceKlass com/google/common/base/Suppliers
instanceKlass com/google/common/cache/CacheBuilder$1
instanceKlass com/google/common/cache/AbstractCache$StatsCounter
instanceKlass com/google/common/base/Ticker
instanceKlass com/google/common/base/Supplier
instanceKlass com/google/common/cache/CacheBuilder
instanceKlass com/google/common/cache/LoadingCache
instanceKlass com/google/common/base/Function
instanceKlass com/google/common/cache/Cache
instanceKlass org/eclipse/m2e/core/internal/embedder/MavenExecutionContext
instanceKlass org/apache/maven/model/ModelBase
instanceKlass org/eclipse/m2e/core/internal/preferences/MavenPreferenceConstants
instanceKlass org/apache/maven/wagon/proxy/ProxyInfo
instanceKlass org/apache/maven/execution/MavenSession
instanceKlass org/apache/maven/project/ProjectBuildingRequest
instanceKlass org/eclipse/m2e/core/embedder/ILocalRepositoryListener
instanceKlass org/apache/maven/settings/TrackableBase
instanceKlass org/apache/maven/lifecycle/MavenExecutionPlan
instanceKlass org/apache/maven/model/building/ModelProblemCollectorRequest
instanceKlass org/eclipse/m2e/core/internal/embedder/MavenImpl$MavenSettings
instanceKlass org/apache/maven/model/ConfigurationContainer
instanceKlass org/apache/maven/model/InputLocationTracker
instanceKlass org/apache/maven/plugin/MojoExecution
instanceKlass org/eclipse/m2e/core/embedder/ICallable
instanceKlass org/apache/maven/artifact/Artifact
instanceKlass org/eclipse/m2e/core/embedder/ISettingsChangeListener
instanceKlass org/eclipse/sisu/inject/MildKeys
instanceKlass org/eclipse/sisu/inject/Weak
instanceKlass  @bci sun/util/locale/provider/LocaleProviderAdapter toLocaleArray (Ljava/util/Set;)[Ljava/util/Locale; 21 <appendix> argL0 ; # sun/util/locale/provider/LocaleProviderAdapter$$Lambda+0x80000005d
instanceKlass java/util/stream/DistinctOps
instanceKlass  @bci sun/util/locale/provider/LocaleProviderAdapter toLocaleArray (Ljava/util/Set;)[Ljava/util/Locale; 6 <appendix> argL0 ; # sun/util/locale/provider/LocaleProviderAdapter$$Lambda+0x80000005b
instanceKlass sun/util/locale/provider/CalendarDataUtility$CalendarWeekParameterGetter
instanceKlass sun/util/locale/provider/LocaleServiceProviderPool$LocalizedObjectGetter
instanceKlass sun/util/locale/provider/LocaleServiceProviderPool
instanceKlass java/util/Calendar$Builder
instanceKlass com/google/inject/matcher/AbstractMatcher
instanceKlass com/google/inject/matcher/Matcher
instanceKlass com/google/inject/Module
instanceKlass com/google/inject/spi/TypeConverter
instanceKlass org/codehaus/plexus/component/configurator/converters/ParameterizedConfigurationConverter
instanceKlass org/codehaus/plexus/component/configurator/converters/AbstractConfigurationConverter
instanceKlass org/codehaus/plexus/component/configurator/converters/ConfigurationConverter
instanceKlass org/codehaus/plexus/component/configurator/converters/lookup/DefaultConverterLookup
instanceKlass org/eclipse/m2e/core/internal/markers/MavenProblemInfo
instanceKlass org/eclipse/m2e/core/internal/markers/SourceLocation
instanceKlass org/apache/maven/project/MavenProject
instanceKlass org/eclipse/aether/artifact/Artifact
instanceKlass org/eclipse/m2e/core/internal/markers/MavenMarkerManager
instanceKlass org/apache/maven/extension/internal/CoreExtensionEntry
instanceKlass org/eclipse/m2e/core/internal/embedder/MavenProperties
instanceKlass org/apache/felix/scr/impl/ComponentRegistry$2
instanceKlass org/eclipse/m2e/core/internal/preferences/MavenConfigurationImpl$1
instanceKlass org/eclipse/core/runtime/preferences/IPreferenceFilter
instanceKlass org/apache/felix/scr/impl/ComponentRegistry$Entry
instanceKlass org/eclipse/osgi/internal/log/ExtendedLogEntryImpl
instanceKlass org/eclipse/equinox/log/ExtendedLogEntry
instanceKlass org/eclipse/osgi/internal/log/Arguments
instanceKlass java/lang/StackTraceElement$HashedModules
instanceKlass org/eclipse/m2e/core/internal/embedder/EclipseLogger
instanceKlass org/codehaus/plexus/logging/Logger
instanceKlass org/codehaus/plexus/logging/AbstractLoggerManager
instanceKlass org/codehaus/plexus/logging/LoggerManager
instanceKlass org/eclipse/m2e/core/internal/embedder/IMavenPlexusContainer
instanceKlass org/codehaus/plexus/classworlds/ClassWorldListener
instanceKlass org/codehaus/plexus/classworlds/ClassWorld
instanceKlass org/codehaus/plexus/PlexusContainer
instanceKlass org/apache/maven/model/building/ModelBuildingRequest
instanceKlass org/apache/maven/settings/crypto/SettingsDecryptionRequest
instanceKlass org/apache/maven/plugin/version/PluginVersionRequest
instanceKlass org/apache/maven/settings/building/SettingsBuildingRequest
instanceKlass org/codehaus/plexus/configuration/PlexusConfiguration
instanceKlass org/codehaus/plexus/component/configurator/expression/ExpressionEvaluator
instanceKlass org/apache/maven/execution/MavenExecutionResult
instanceKlass org/eclipse/aether/RepositorySystemSession
instanceKlass org/codehaus/plexus/component/configurator/converters/lookup/ConverterLookup
instanceKlass org/eclipse/m2e/core/internal/embedder/MavenImpl
instanceKlass org/eclipse/m2e/core/embedder/IMavenConfigurationChangeListener
instanceKlass org/eclipse/m2e/core/internal/preferences/MavenConfigurationImpl
instanceKlass org/eclipse/m2e/core/internal/project/registry/MavenProjectCache
instanceKlass org/eclipse/m2e/core/internal/project/registry/ProjectRegistryReader
instanceKlass org/eclipse/m2e/core/internal/embedder/PlexusContainerManager
instanceKlass org/eclipse/m2e/core/internal/markers/IMavenMarkerManager
instanceKlass org/eclipse/m2e/core/internal/project/registry/BasicProjectRegistry
instanceKlass org/eclipse/m2e/core/embedder/IMavenExecutionContext
instanceKlass org/apache/maven/artifact/repository/MavenArtifactRepository
instanceKlass org/apache/maven/artifact/repository/ArtifactRepository
instanceKlass org/eclipse/m2e/core/internal/project/registry/AbstractMavenDependencyResolver
instanceKlass org/eclipse/aether/repository/WorkspaceReader
instanceKlass org/eclipse/m2e/core/project/IProjectConfiguration
instanceKlass org/eclipse/m2e/core/internal/project/registry/IProjectRegistry
instanceKlass org/eclipse/m2e/core/internal/project/registry/Capability
instanceKlass org/eclipse/m2e/core/project/IMavenProjectFacade
instanceKlass org/eclipse/m2e/core/embedder/IMavenExecutableLocation
instanceKlass org/eclipse/m2e/core/embedder/IMaven
instanceKlass org/eclipse/m2e/core/embedder/IComponentLookup
instanceKlass org/eclipse/m2e/core/embedder/IMavenConfiguration
instanceKlass org/eclipse/m2e/core/internal/project/registry/ProjectRegistryManager
instanceKlass ch/qos/logback/classic/util/LoggerNameUtil
instanceKlass org/slf4j/helpers/Reporter
instanceKlass ch/qos/logback/core/util/CachingDateFormatter$CacheTuple
instanceKlass ch/qos/logback/core/util/CachingDateFormatter
instanceKlass ch/qos/logback/core/util/StatusPrinter2
instanceKlass ch/qos/logback/core/util/StatusPrinter
instanceKlass ch/qos/logback/core/status/StatusUtil
instanceKlass  @bci ch/qos/logback/classic/util/ContextInitializer printDuration (JLch/qos/logback/classic/spi/Configurator;Lch/qos/logback/classic/spi/Configurator$ExecutionStatus;)V 31 <adapter> ; # java/lang/invoke/LambdaForm$MH+0x00000000231e9000
instanceKlass  @bci ch/qos/logback/classic/util/ContextInitializer printDuration (JLch/qos/logback/classic/spi/Configurator;Lch/qos/logback/classic/spi/Configurator$ExecutionStatus;)V 31 <appendix> form vmentry <vmtarget> ; # java/lang/invoke/LambdaForm$MH+0x00000000231e8c00
# instanceKlass java/lang/invoke/LambdaForm$BMH+0x00000000231e8800
instanceKlass  @bci ch/qos/logback/classic/util/ContextInitializer printDuration (JLch/qos/logback/classic/spi/Configurator;Lch/qos/logback/classic/spi/Configurator$ExecutionStatus;)V 31 <appendix> form names 6 function resolvedHandle form vmentry <vmtarget> ; # java/lang/invoke/LambdaForm$DMH+0x00000000231e8400
instanceKlass ch/qos/logback/core/Appender
instanceKlass ch/qos/logback/core/spi/FilterAttachable
instanceKlass ch/qos/logback/core/spi/ContextAwareBase
instanceKlass ch/qos/logback/core/status/StatusListener
instanceKlass ch/qos/logback/core/util/StatusListenerConfigHelper
instanceKlass ch/qos/logback/core/status/StatusBase
instanceKlass ch/qos/logback/core/util/EnvUtil
instanceKlass ch/qos/logback/classic/util/ClassicEnvUtil
instanceKlass ch/qos/logback/core/util/OptionHelper
instanceKlass ch/qos/logback/core/util/Loader
instanceKlass ch/qos/logback/classic/spi/Configurator
instanceKlass ch/qos/logback/core/spi/ContextAwareImpl
instanceKlass ch/qos/logback/classic/util/ContextInitializer$1
instanceKlass ch/qos/logback/core/spi/ContextAware
instanceKlass ch/qos/logback/classic/util/ContextInitializer
instanceKlass org/slf4j/MDC
instanceKlass ch/qos/logback/classic/util/LogbackMDCAdapter
instanceKlass ch/qos/logback/classic/Level
instanceKlass ch/qos/logback/classic/spi/ILoggingEvent
instanceKlass ch/qos/logback/core/spi/DeferredProcessingAware
instanceKlass org/slf4j/spi/LoggingEventBuilder
instanceKlass ch/qos/logback/classic/Logger
instanceKlass ch/qos/logback/core/spi/AppenderAttachable
instanceKlass org/slf4j/spi/LoggingEventAware
instanceKlass org/slf4j/spi/LocationAwareLogger
instanceKlass ch/qos/logback/classic/spi/LoggerContextVO
instanceKlass ch/qos/logback/core/spi/LogbackLock
instanceKlass ch/qos/logback/core/helpers/CyclicBuffer
instanceKlass ch/qos/logback/core/BasicStatusManager
instanceKlass ch/qos/logback/core/status/Status
instanceKlass ch/qos/logback/core/status/StatusManager
instanceKlass ch/qos/logback/core/ContextBase
instanceKlass ch/qos/logback/core/spi/LifeCycle
instanceKlass ch/qos/logback/core/Context
instanceKlass ch/qos/logback/core/spi/PropertyContainer
# instanceKlass java/lang/invoke/LambdaForm$MH+0x00000000231e0400
instanceKlass  @cpi org/eclipse/jdt/internal/core/SearchableEnvironment 1291 form vmentry <vmtarget> ; # java/lang/invoke/LambdaForm$DMH+0x00000000231e0000
instanceKlass org/apache/aries/spifly/Util$7
instanceKlass org/apache/aries/spifly/Util$5
instanceKlass org/eclipse/osgi/internal/container/NamespaceList$Builder$1
instanceKlass org/eclipse/osgi/container/ModuleResolutionReport
instanceKlass org/apache/felix/resolver/WireImpl
instanceKlass  @bci java/util/stream/StreamSpliterators$WrappingSpliterator forEachRemaining (Ljava/util/function/Consumer;)V 33 <appendix> member <vmtarget> ; # java/util/stream/StreamSpliterators$WrappingSpliterator$$Lambda+0x00000000231504f0
instanceKlass  @bci org/apache/felix/resolver/Candidates$FaultyResourcesReport getUnresolvedRequirements ()Ljava/util/Collection; 38 <appendix> argL0 ; # org/apache/felix/resolver/Candidates$FaultyResourcesReport$$Lambda+0x00000000231da2c8
instanceKlass  @bci org/apache/felix/resolver/Candidates$FaultyResourcesReport getUnresolvedRequirements ()Ljava/util/Collection; 14 <appendix> argL0 ; # org/apache/felix/resolver/Candidates$FaultyResourcesReport$$Lambda+0x00000000231da080
instanceKlass org/apache/felix/resolver/util/ArrayMap$1$1
instanceKlass org/apache/felix/resolver/UsedBlames
instanceKlass org/apache/felix/resolver/PackageSpaces$4
instanceKlass org/apache/felix/resolver/PackageSpaces$3
instanceKlass org/apache/felix/resolver/PackageSpaces$2
instanceKlass org/apache/felix/resolver/Blame
instanceKlass org/apache/felix/resolver/PackageSpaces$1
instanceKlass org/apache/felix/resolver/Packages
instanceKlass org/apache/felix/resolver/WrappedRequirement
instanceKlass org/apache/felix/resolver/WireCandidate
instanceKlass org/apache/felix/resolver/EnhancedExecutor$1
instanceKlass org/apache/felix/resolver/PackageSpaces$1Computer
instanceKlass org/apache/felix/resolver/EnhancedExecutor
instanceKlass org/apache/felix/resolver/WrappedResource
instanceKlass org/apache/felix/resolver/PackageSpaces
instanceKlass org/apache/felix/resolver/Backlog
instanceKlass  @bci java/util/stream/Collectors toList ()Ljava/util/stream/Collector; 14 <appendix> argL0 ; # java/util/stream/Collectors$$Lambda+0x00000000231502a0
instanceKlass  @bci java/util/stream/Collectors toList ()Ljava/util/stream/Collector; 9 <appendix> argL0 ; # java/util/stream/Collectors$$Lambda+0x0000000023150068
instanceKlass  @bci java/util/stream/Collectors toList ()Ljava/util/stream/Collector; 4 <appendix> argL0 ; # java/util/stream/Collectors$$Lambda+0x000000002314fe40
instanceKlass  @bci org/apache/felix/resolver/util/CandidateSelector calculate (Lorg/osgi/resource/Requirement;)V 15 <appendix> member <vmtarget> ; # org/apache/felix/resolver/util/CandidateSelector$$Lambda+0x00000000231d4128
instanceKlass  @bci org/apache/felix/resolver/Candidates prepare ()Lorg/apache/felix/resolver/ResolutionError; 924 <appendix> argL0 ; # org/apache/felix/resolver/Candidates$$Lambda+0x00000000231d35e8
instanceKlass org/apache/felix/resolver/util/OpenHashMap$MapEntry
instanceKlass org/apache/felix/resolver/util/OpenHashMap$MapIterator
instanceKlass org/apache/felix/resolver/util/OpenHashMap$1
instanceKlass org/apache/felix/resolver/Candidates$PopulateResult
instanceKlass org/apache/felix/resolver/util/CopyOnWriteSet
instanceKlass org/apache/felix/resolver/util/CandidateSelector
instanceKlass org/apache/felix/resolver/Util
instanceKlass org/apache/felix/resolver/util/OpenHashMap
instanceKlass org/osgi/service/resolver/HostedCapability
instanceKlass org/apache/felix/resolver/Candidates
instanceKlass org/apache/felix/resolver/ResolveSession
instanceKlass org/apache/felix/resolver/DumbExecutor
instanceKlass  @bci org/eclipse/osgi/container/ModuleResolver$ResolveProcess removeSubstituted (Ljava/util/List;)V 2 <appendix> member <vmtarget> ; # org/eclipse/osgi/container/ModuleResolver$ResolveProcess$$Lambda+0x00000000231cf5a8
instanceKlass  @bci org/eclipse/osgi/container/ModuleResolver removeNonEffectiveCapabilities (Ljava/util/Collection;)V 2 <appendix> member <vmtarget> ; # org/eclipse/osgi/container/ModuleResolver$$Lambda+0x00000000231cf348
instanceKlass  @bci org/eclipse/osgi/container/ModuleResolver$ResolveProcess filterDisabled (Ljava/util/List;)V 2 <appendix> member <vmtarget> ; # org/eclipse/osgi/container/ModuleResolver$ResolveProcess$$Lambda+0x00000000231cf0e8
instanceKlass org/eclipse/osgi/internal/framework/OSGiFrameworkHooks$CoreResolverHookFactory$CoreResolverHook
instanceKlass org/eclipse/osgi/report/resolution/ResolutionReport$Listener
instanceKlass  @bci org/eclipse/osgi/internal/framework/OSGiFrameworkHooks$CoreResolverHookFactory getHookReferences (Lorg/eclipse/osgi/internal/serviceregistry/ServiceRegistry;Lorg/eclipse/osgi/internal/framework/BundleContextImpl;)[Lorg/eclipse/osgi/internal/serviceregistry/ServiceReferenceImpl; 2 <appendix> member <vmtarget> ; # org/eclipse/osgi/internal/framework/OSGiFrameworkHooks$CoreResolverHookFactory$$Lambda+0x00000000231ce7e0
instanceKlass org/eclipse/osgi/container/ModuleResolutionReport$Builder
instanceKlass org/osgi/service/resolver/ResolveContext
instanceKlass org/eclipse/osgi/container/ModuleDatabase$1
instanceKlass org/eclipse/osgi/container/ModuleContainer$ResolutionLock$Permits
instanceKlass org/slf4j/helpers/Util
instanceKlass org/slf4j/helpers/NOPMDCAdapter
instanceKlass org/slf4j/helpers/NOPLoggerFactory
instanceKlass org/slf4j/helpers/NOP_FallbackServiceProvider
instanceKlass org/slf4j/helpers/ThreadLocalMapOfStacks
instanceKlass org/objectweb/asm/tree/ParameterNode
instanceKlass org/slf4j/helpers/BasicMDCAdapter
instanceKlass org/slf4j/Marker
instanceKlass org/slf4j/helpers/BasicMarkerFactory
instanceKlass org/slf4j/Logger
instanceKlass org/slf4j/helpers/SubstituteLoggerFactory
instanceKlass org/slf4j/ILoggerFactory
instanceKlass org/slf4j/spi/MDCAdapter
instanceKlass org/slf4j/IMarkerFactory
instanceKlass org/slf4j/helpers/SubstituteServiceProvider
instanceKlass org/slf4j/event/LoggingEvent
instanceKlass org/slf4j/LoggerFactory
instanceKlass  @bci org/eclipse/osgi/container/ModuleWiring lambda$1 (Lorg/eclipse/osgi/internal/container/NamespaceList$Builder;)V 26 <appendix> argL0 ; # org/eclipse/osgi/container/ModuleWiring$$Lambda+0x00000000230d7378
instanceKlass java/util/function/UnaryOperator
instanceKlass  @bci org/eclipse/osgi/container/ModuleWiring addDynamicImports (Lorg/eclipse/osgi/container/ModuleRevisionBuilder;)V 39 <appendix> member <vmtarget> ; # org/eclipse/osgi/container/ModuleWiring$$Lambda+0x00000000230d7148
instanceKlass  @bci org/eclipse/osgi/container/ModuleWiring addDynamicImports (Lorg/eclipse/osgi/container/ModuleRevisionBuilder;)V 7 <appendix> member <vmtarget> ; # org/eclipse/osgi/container/ModuleWiring$$Lambda+0x00000000230d6ef8
instanceKlass org/eclipse/osgi/container/builders/OSGiManifestBuilderFactory
instanceKlass java/util/AbstractMap$SimpleEntry
instanceKlass jdk/internal/jimage/ImageBufferCache$2
instanceKlass jdk/internal/jimage/ImageBufferCache
instanceKlass org/objectweb/asm/Handler
instanceKlass org/objectweb/asm/tree/TryCatchBlockNode
instanceKlass org/objectweb/asm/Handle
instanceKlass org/objectweb/asm/Edge
instanceKlass org/objectweb/asm/tree/LocalVariableNode
instanceKlass org/objectweb/asm/tree/InsnList
instanceKlass org/objectweb/asm/tree/Util
instanceKlass org/objectweb/asm/tree/AbstractInsnNode
instanceKlass org/objectweb/asm/commons/Method
instanceKlass org/objectweb/asm/Label
instanceKlass org/objectweb/asm/Frame
instanceKlass org/objectweb/asm/Context
instanceKlass org/objectweb/asm/Attribute
instanceKlass org/objectweb/asm/Type
instanceKlass org/objectweb/asm/ByteVector
instanceKlass org/objectweb/asm/Symbol
instanceKlass org/objectweb/asm/SymbolTable
instanceKlass org/objectweb/asm/ModuleVisitor
instanceKlass org/objectweb/asm/RecordComponentVisitor
instanceKlass org/objectweb/asm/AnnotationVisitor
instanceKlass org/objectweb/asm/MethodVisitor
instanceKlass org/objectweb/asm/FieldVisitor
instanceKlass org/objectweb/asm/ClassReader
instanceKlass org/eclipse/m2e/core/internal/URLConnectionCaches
instanceKlass  @bci org/eclipse/m2e/core/internal/MavenPluginActivator start (Lorg/osgi/framework/BundleContext;)V 31 <adapter> ; # java/lang/invoke/LambdaForm$MH+0x00000000231c0400
instanceKlass  @bci org/eclipse/m2e/core/internal/MavenPluginActivator start (Lorg/osgi/framework/BundleContext;)V 31 <appendix> form vmentry <vmtarget> ; # java/lang/invoke/LambdaForm$MH+0x00000000231c0000
# instanceKlass java/lang/invoke/LambdaForm$BMH+0x00000000231bfc00
instanceKlass  @bci org/eclipse/m2e/core/internal/MavenPluginActivator start (Lorg/osgi/framework/BundleContext;)V 31 <appendix> form names 6 function resolvedHandle form vmentry <vmtarget> ; # java/lang/invoke/LambdaForm$DMH+0x00000000231bf800
instanceKlass  @bci org/eclipse/m2e/core/internal/MavenPluginActivator start (Lorg/osgi/framework/BundleContext;)V 31 <appendix> argL0 form vmentry <vmtarget> ; # java/lang/invoke/LambdaForm$DMH+0x00000000231bf400
instanceKlass  @bci org/eclipse/m2e/core/internal/MavenPluginActivator <init> ()V 16 <appendix> argL0 ; # org/eclipse/m2e/core/internal/MavenPluginActivator$$Lambda+0x00000000231be400
instanceKlass org/eclipse/m2e/core/internal/jobs/IBackgroundProcessingQueue
# instanceKlass java/lang/invoke/LambdaForm$MH+0x00000000231be000
# instanceKlass java/lang/invoke/LambdaForm$MH+0x00000000231bdc00
# instanceKlass java/lang/invoke/LambdaForm$MH+0x00000000231bd800
# instanceKlass java/lang/invoke/LambdaForm$MH+0x00000000231bd400
instanceKlass  @cpi org/eclipse/core/internal/resources/ComputeProjectOrder$1 144 form vmentry <vmtarget> ; # java/lang/invoke/LambdaForm$DMH+0x00000000231bd000
instanceKlass org/eclipse/core/resources/IResourceChangeEvent
instanceKlass java/util/concurrent/ThreadLocalRandom$Access$1
instanceKlass jdk/internal/access/JavaUtilConcurrentTLRAccess
instanceKlass java/util/concurrent/ThreadLocalRandom$Access
instanceKlass jdk/internal/util/random/RandomSupport
instanceKlass  @bci org/apache/felix/scr/impl/manager/ComponentContextImpl createNewFieldHandlerMap ()Ljava/util/Map; 4 <appendix> argL0 ; # org/apache/felix/scr/impl/manager/ComponentContextImpl$$Lambda+0x0000000023117748
instanceKlass  @bci org/eclipse/core/internal/runtime/InternalPlatform getLog (Lorg/osgi/framework/Bundle;)Lorg/eclipse/core/runtime/ILog; 13 <appendix> member <vmtarget> ; # org/eclipse/core/internal/runtime/InternalPlatform$$Lambda+0x0000000023187bf0
instanceKlass org/eclipse/core/internal/runtime/Log
instanceKlass org/eclipse/core/internal/preferences/BundleStateScope
instanceKlass org/apache/felix/scr/impl/inject/field/FieldHandler$Resolved
instanceKlass org/apache/felix/scr/impl/inject/field/FieldUtils$FieldSearchResult
instanceKlass org/apache/felix/scr/impl/inject/field/FieldUtils$1
instanceKlass org/apache/felix/scr/impl/inject/field/FieldUtils
instanceKlass org/apache/felix/scr/impl/inject/field/FieldHandler$1
instanceKlass org/apache/felix/scr/impl/inject/field/FieldHandler$ReferenceMethodImpl
instanceKlass org/apache/felix/scr/impl/inject/field/FieldHandler$NotResolved
instanceKlass org/apache/felix/scr/impl/inject/field/FieldHandler$State
instanceKlass org/apache/felix/scr/impl/inject/InitReferenceMethod
instanceKlass org/apache/felix/scr/impl/inject/field/FieldHandler
instanceKlass org/apache/felix/scr/impl/inject/field/FieldMethods
instanceKlass org/eclipse/core/internal/resources/CheckMissingNaturesListener
instanceKlass org/eclipse/core/internal/resources/ResourceChangeListenerRegistrar
instanceKlass org/eclipse/core/internal/resources/Rules
instanceKlass  @bci org/eclipse/core/internal/jobs/JobManager startJob (Lorg/eclipse/core/internal/jobs/Worker;)Lorg/eclipse/core/runtime/jobs/Job; 45 <appendix> member <vmtarget> ; # org/eclipse/core/internal/jobs/JobManager$$Lambda+0x0000000023132720
instanceKlass  @bci org/eclipse/jdt/internal/compiler/lookup/TypeSystem$HashedParameterizedTypes$PTBKey <init> (Lorg/eclipse/jdt/internal/compiler/lookup/TypeSystem$HashedParameterizedTypes;Lorg/eclipse/jdt/internal/compiler/lookup/ReferenceBinding;[Lorg/eclipse/jdt/internal/compiler/lookup/TypeBinding;Lorg/eclipse/jdt/internal/compiler/lookup/ReferenceBinding;Lorg/eclipse/jdt/internal/compiler/lookup/LookupEnvironment;)V 118 <adapter> ; # java/lang/invoke/LambdaForm$MH+0x00000000231bcc00
# instanceKlass java/lang/invoke/LambdaForm$DMH+0x00000000231bc800
instanceKlass  @bci org/eclipse/jdt/internal/compiler/lookup/TypeSystem$HashedParameterizedTypes$PTBKey <init> (Lorg/eclipse/jdt/internal/compiler/lookup/TypeSystem$HashedParameterizedTypes;Lorg/eclipse/jdt/internal/compiler/lookup/ReferenceBinding;[Lorg/eclipse/jdt/internal/compiler/lookup/TypeBinding;Lorg/eclipse/jdt/internal/compiler/lookup/ReferenceBinding;Lorg/eclipse/jdt/internal/compiler/lookup/LookupEnvironment;)V 118 <appendix> form vmentry <vmtarget> ; # java/lang/invoke/LambdaForm$DMH+0x00000000231bc400
instanceKlass  @bci org/eclipse/core/internal/jobs/JobManager endJob (Lorg/eclipse/core/internal/jobs/InternalJob;Lorg/eclipse/core/runtime/IStatus;ZZ)V 14 <appendix> member <vmtarget> ; # org/eclipse/core/internal/jobs/JobManager$$Lambda+0x00000000231324d0
instanceKlass  @cpi org/eclipse/jdt/ls/core/internal/handlers/DocumentSymbolHandler 740 form vmentry <vmtarget> ; # java/lang/invoke/LambdaForm$DMH+0x00000000231bc000
instanceKlass  @bci org/eclipse/core/internal/resources/AliasManager buildAliasedProjectsSet ()V 30 <appendix> member <vmtarget> ; # org/eclipse/core/internal/resources/AliasManager$$Lambda+0x00000000231b8fe0
instanceKlass org/eclipse/core/internal/filesystem/FileStoreUtil
instanceKlass  @bci org/eclipse/core/internal/resources/AliasManager$HashMapWithSortedKeys <init> ()V 9 <appendix> argL0 ; # org/eclipse/core/internal/resources/AliasManager$HashMapWithSortedKeys$$Lambda+0x00000000231b8d40
instanceKlass org/eclipse/core/internal/resources/AliasManager$HashMapWithSortedKeys
instanceKlass org/eclipse/core/internal/resources/AliasManager$LocationMap
instanceKlass org/eclipse/core/internal/resources/AliasManager
instanceKlass org/eclipse/core/resources/refresh/IRefreshMonitor
instanceKlass org/eclipse/core/internal/refresh/MonitorManager
instanceKlass org/eclipse/core/resources/IResourceDeltaVisitor
instanceKlass org/eclipse/core/resources/IPathVariableChangeListener
instanceKlass org/eclipse/core/internal/refresh/RefreshManager
instanceKlass org/eclipse/core/resources/refresh/IRefreshResult
instanceKlass jdk/internal/util/HexDigits
instanceKlass  @bci org/eclipse/core/internal/resources/ContentDescriptionManager getCurrentPlatformState ()Ljava/lang/String; 39 <appendix> argL0 ; # org/eclipse/core/internal/resources/ContentDescriptionManager$$Lambda+0x00000000231b3858
instanceKlass  @bci org/eclipse/core/internal/properties/PropertyBucket$PropertyEntry <clinit> ()V 0 <appendix> argL0 ; # org/eclipse/core/internal/properties/PropertyBucket$PropertyEntry$$Lambda+0x00000000231b3228
instanceKlass org/eclipse/core/internal/resources/ProjectContentTypes
instanceKlass org/eclipse/core/internal/utils/Cache
instanceKlass org/eclipse/core/internal/resources/ContentDescriptionManager
instanceKlass  @bci org/eclipse/core/internal/resources/CharsetManager initPreferenceChangeListener ()V 2 <appendix> member <vmtarget> ; # org/eclipse/core/internal/resources/CharsetManager$$Lambda+0x00000000231a3598
instanceKlass  @bci org/eclipse/core/internal/jobs/JobManager now ()J 5 <appendix> member <vmtarget> ; # org/eclipse/core/internal/jobs/JobManager$$Lambda+0x0000000023132280
instanceKlass  @cpi org/eclipse/core/internal/jobs/JobManager 1506 form vmentry <vmtarget> ; # java/lang/invoke/LambdaForm$DMH+0x00000000231b2800
instanceKlass java/util/function/LongUnaryOperator
instanceKlass org/eclipse/core/internal/jobs/JobChangeEvent
instanceKlass  @bci org/eclipse/core/internal/jobs/JobManager schedule (Lorg/eclipse/core/internal/jobs/InternalJob;J)V 5 <adapter> ; # java/lang/invoke/LambdaForm$MH+0x00000000231b2400
instanceKlass  @bci org/eclipse/core/internal/jobs/JobManager schedule (Lorg/eclipse/core/internal/jobs/InternalJob;J)V 5 <appendix> form vmentry <vmtarget> ; # java/lang/invoke/LambdaForm$DMH+0x00000000231b2000
instanceKlass  @bci org/eclipse/core/internal/jobs/JobManager schedule (Lorg/eclipse/core/internal/jobs/InternalJob;J)V 5 <appendix> member <vmtarget> ; # org/eclipse/core/internal/jobs/JobManager$$Lambda+0x0000000023131dc0
instanceKlass  @bci ch/qos/logback/classic/util/ContextInitializer printDuration (JLch/qos/logback/classic/spi/Configurator;Lch/qos/logback/classic/spi/Configurator$ExecutionStatus;)V 31 <appendix> argL0 form vmentry <vmtarget> ; # java/lang/invoke/LambdaForm$DMH+0x00000000231b0c00
instanceKlass org/eclipse/core/internal/resources/CharsetDeltaJob$ICharsetListenerFilter
instanceKlass  @bci org/osgi/framework/FrameworkUtil lambda$4 (Ljava/lang/Class;)Lorg/osgi/framework/Bundle; 29 <appendix> argL0 ; # org/osgi/framework/FrameworkUtil$$Lambda+0x00000000230d6aa0
instanceKlass  @bci org/osgi/framework/FrameworkUtil lambda$4 (Ljava/lang/Class;)Lorg/osgi/framework/Bundle; 19 <appendix> argL0 ; # org/osgi/framework/FrameworkUtil$$Lambda+0x00000000230d6848
instanceKlass  @bci org/osgi/framework/FrameworkUtil lambda$4 (Ljava/lang/Class;)Lorg/osgi/framework/Bundle; 9 <appendix> member <vmtarget> ; # org/osgi/framework/FrameworkUtil$$Lambda+0x00000000230d65f8
instanceKlass org/eclipse/core/runtime/PerformanceStats
instanceKlass org/eclipse/core/internal/events/ResourceStats
instanceKlass org/eclipse/core/internal/events/ResourceChangeListenerList$ListenerEntry
instanceKlass org/eclipse/core/internal/resources/CharsetManager$ResourceChangeListener
instanceKlass org/eclipse/core/resources/IResourceChangeListener
instanceKlass org/eclipse/core/internal/resources/CharsetManager
instanceKlass org/eclipse/core/internal/localstore/Bucket$Entry
instanceKlass org/eclipse/core/internal/localstore/BucketTree
instanceKlass org/eclipse/core/internal/localstore/Bucket$Visitor
instanceKlass org/eclipse/core/internal/localstore/Bucket
instanceKlass org/eclipse/core/internal/properties/PropertyManager2
instanceKlass org/eclipse/core/internal/events/LifecycleEvent
instanceKlass  @bci com/sun/jna/Structure$FFIType storeTypeInfo (Ljava/lang/Class;ILcom/sun/jna/Structure$FFIType;)V 13 <appendix> argL0 ; # com/sun/jna/Structure$FFIType$$Lambda+0x00000000231b6ef0
instanceKlass  @bci jdk/internal/reflect/MethodHandleBooleanFieldAccessorImpl setBoolean (Ljava/lang/Object;Z)V 41 <adapter> ; # java/lang/invoke/LambdaForm$MH+0x00000000231b0800
instanceKlass com/sun/jna/NativeMappedConverter
instanceKlass com/sun/jna/Klass
instanceKlass com/sun/jna/Native$Buffers
instanceKlass com/sun/jna/VarArgsChecker
instanceKlass com/sun/jna/NativeLibrary$NativeLibraryDisposer
instanceKlass com/sun/jna/NativeLibrary$1
instanceKlass com/sun/jna/SymbolProvider
instanceKlass com/sun/jna/NativeLibrary
instanceKlass org/eclipse/core/internal/filesystem/local/Win32Handler$FileAPIh
instanceKlass com/sun/jna/Memory$MemoryDisposer
instanceKlass com/sun/jna/internal/Cleaner$Cleanable
instanceKlass com/sun/jna/internal/Cleaner
instanceKlass com/sun/jna/WeakMemoryHolder
instanceKlass org/eclipse/core/filesystem/provider/FileInfo
instanceKlass  @bci jdk/internal/reflect/MethodHandleBooleanFieldAccessorImpl getBoolean (Ljava/lang/Object;)Z 20 <adapter> ; # java/lang/invoke/LambdaForm$MH+0x00000000231b0400
# instanceKlass java/lang/invoke/LambdaForm$MH+0x00000000231b0000
# instanceKlass java/lang/invoke/LambdaForm$BMH+0x00000000231adc00
instanceKlass  @cpi java/io/ObjectInputStream 1119 form vmentry <vmtarget> ; # java/lang/invoke/LambdaForm$DMH+0x00000000231ad800
instanceKlass com/sun/jna/Structure$StructField
instanceKlass com/sun/jna/Structure$LayoutInfo
instanceKlass java/lang/Class$AnnotationData
instanceKlass java/lang/annotation/Documented
instanceKlass com/sun/jna/Structure$FieldOrder
instanceKlass  @bci com/sun/jna/Structure fieldOrder ()Ljava/util/List; 84 <appendix> member <vmtarget> ; # com/sun/jna/Structure$$Lambda+0x00000000231ae4a0
instanceKlass  @bci com/sun/jna/Structure getFieldList ()Ljava/util/List; 84 <appendix> member <vmtarget> ; # com/sun/jna/Structure$$Lambda+0x00000000231ae250
instanceKlass  @bci com/sun/jna/Structure validateFields ()V 75 <appendix> member <vmtarget> ; # com/sun/jna/Structure$$Lambda+0x00000000231ae000
instanceKlass com/sun/jna/platform/win32/WinBase
instanceKlass com/sun/jna/platform/win32/BaseTSD
instanceKlass com/sun/jna/platform/win32/WinDef
instanceKlass com/sun/jna/Library
instanceKlass com/sun/jna/win32/W32APITypeMapper$2
instanceKlass com/sun/jna/DefaultTypeMapper$Entry
instanceKlass com/sun/jna/win32/W32APITypeMapper$1
instanceKlass com/sun/jna/TypeConverter
instanceKlass com/sun/jna/DefaultTypeMapper
instanceKlass com/sun/jna/TypeMapper
instanceKlass com/sun/jna/Structure$ByReference
instanceKlass com/sun/jna/Native$2
instanceKlass com/sun/jna/Structure$FFIType$FFITypes
instanceKlass com/sun/jna/Native$ffi_callback
instanceKlass com/sun/jna/JNIEnv
instanceKlass com/sun/jna/PointerType
instanceKlass com/sun/jna/NativeMapped
instanceKlass com/sun/jna/WString
instanceKlass com/sun/jna/win32/DLLCallback
instanceKlass com/sun/jna/CallbackProxy
instanceKlass com/sun/jna/Callback
instanceKlass com/sun/jna/Structure$ByValue
instanceKlass jdk/internal/loader/NativeLibraries$Unloader
instanceKlass java/io/FileOutputStream$1
instanceKlass sun/security/provider/AbstractDrbg$NonceProvider
instanceKlass  @bci sun/security/provider/AbstractDrbg$SeederHolder <clinit> ()V 42 <appendix> member <vmtarget> ; # sun/security/provider/AbstractDrbg$SeederHolder$$Lambda+0x000000002314bff0
instanceKlass  @cpi sun/security/provider/AbstractDrbg$SeederHolder 91 form vmentry <vmtarget> ; # java/lang/invoke/LambdaForm$DMH+0x00000000231acc00
# instanceKlass java/lang/invoke/LambdaForm$DMH+0x00000000231ac800
instanceKlass sun/nio/fs/BasicFileAttributesHolder
instanceKlass sun/nio/fs/WindowsDirectoryStream$WindowsDirectoryIterator
instanceKlass sun/nio/fs/WindowsDirectoryStream
instanceKlass java/nio/file/DirectoryStream
instanceKlass java/nio/file/Files$AcceptAllFilter
instanceKlass java/nio/file/DirectoryStream$Filter
instanceKlass java/net/NetworkInterface$1
instanceKlass java/net/DefaultInterface
instanceKlass java/net/Inet6Address$Inet6AddressHolder
instanceKlass java/net/InetAddress$PlatformResolver
instanceKlass java/net/spi/InetAddressResolver
instanceKlass java/net/spi/InetAddressResolver$LookupPolicy
instanceKlass java/net/Inet4AddressImpl
instanceKlass java/net/Inet6AddressImpl
instanceKlass java/net/InetAddressImpl
instanceKlass java/util/concurrent/ConcurrentSkipListMap$Node
instanceKlass java/util/concurrent/ConcurrentSkipListMap$Index
instanceKlass java/util/concurrent/ConcurrentNavigableMap
instanceKlass java/net/InetAddress$InetAddressHolder
instanceKlass java/net/InetAddress$1
instanceKlass jdk/internal/access/JavaNetInetAddressAccess
instanceKlass java/net/InterfaceAddress
instanceKlass java/net/NetworkInterface
instanceKlass sun/security/provider/SeedGenerator
instanceKlass sun/security/provider/AbstractDrbg$SeederHolder
instanceKlass java/security/DrbgParameters$NextBytes
instanceKlass  @bci sun/security/provider/AbstractDrbg <clinit> ()V 12 <appendix> argL0 ; # sun/security/provider/AbstractDrbg$$Lambda+0x000000002314a028
instanceKlass  @cpi sun/security/provider/AbstractDrbg 383 form vmentry <vmtarget> ; # java/lang/invoke/LambdaForm$DMH+0x00000000231ac400
# instanceKlass java/lang/invoke/LambdaForm$DMH+0x00000000231ac000
instanceKlass sun/security/provider/EntropySource
instanceKlass sun/security/provider/AbstractDrbg
instanceKlass java/security/DrbgParameters$Instantiation
instanceKlass java/security/DrbgParameters
instanceKlass sun/security/provider/MoreDrbgParameters
instanceKlass java/security/SecureRandomSpi
instanceKlass java/io/File$TempDirectory
instanceKlass com/sun/jna/Native$5
instanceKlass com/sun/jna/Platform
instanceKlass com/sun/jna/Native$1
instanceKlass com/sun/jna/Callback$UncaughtExceptionHandler
instanceKlass com/sun/jna/Native
instanceKlass com/sun/jna/Version
instanceKlass com/sun/jna/ToNativeContext
instanceKlass com/sun/jna/FromNativeContext
instanceKlass com/sun/jna/FromNativeConverter
instanceKlass com/sun/jna/ToNativeConverter
instanceKlass com/sun/jna/Structure
instanceKlass com/sun/jna/Pointer
instanceKlass org/eclipse/core/internal/filesystem/local/NativeHandler
instanceKlass org/eclipse/core/internal/filesystem/local/LocalFileNativesManager
instanceKlass org/eclipse/core/resources/FileInfoMatcherDescription
instanceKlass org/eclipse/core/internal/resources/FilterDescription
instanceKlass org/eclipse/core/internal/resources/LinkDescription
instanceKlass javax/xml/parsers/DocumentBuilder
instanceKlass javax/xml/parsers/DocumentBuilderFactory
instanceKlass org/eclipse/core/internal/runtime/XmlProcessorFactory
instanceKlass org/eclipse/core/internal/resources/IModelObjectConstants
instanceKlass java/util/AbstractMap$ValueIterator
instanceKlass  @bci org/eclipse/core/internal/resources/ProjectVariableProviderManager <clinit> ()V 14 <appendix> argL0 ; # org/eclipse/core/internal/resources/ProjectVariableProviderManager$$Lambda+0x00000000231a0200
instanceKlass  @cpi org/eclipse/core/internal/resources/ProjectVariableProviderManager 171 form vmentry <vmtarget> ; # java/lang/invoke/LambdaForm$DMH+0x00000000231a4000
instanceKlass org/eclipse/core/resources/variableresolvers/PathVariableResolver
instanceKlass org/eclipse/core/internal/resources/ProjectVariableProviderManager$Descriptor
instanceKlass org/eclipse/core/internal/resources/ProjectVariableProviderManager
instanceKlass org/eclipse/core/internal/resources/ProjectPathVariableManager
instanceKlass  @bci org/eclipse/core/internal/filesystem/local/LocalFile createExecutor (I)Ljava/util/concurrent/ForkJoinPool; 15 <appendix> argL0 ; # org/eclipse/core/internal/filesystem/local/LocalFile$$Lambda+0x000000002319e810
instanceKlass  @cpi org/eclipse/jdt/internal/corext/codemanipulation/StubUtility2Core 1315 form vmentry <vmtarget> ; # java/lang/invoke/LambdaForm$DMH+0x000000002319f000
instanceKlass  @bci org/eclipse/core/internal/filesystem/local/LocalFile createExecutor (I)Ljava/util/concurrent/ForkJoinPool; 5 <appendix> argL0 ; # org/eclipse/core/internal/filesystem/local/LocalFile$$Lambda+0x000000002319e5e8
instanceKlass org/eclipse/jdt/ls/core/internal/filesystem/JLSFsUtils
instanceKlass sun/nio/fs/WindowsUriSupport
instanceKlass org/eclipse/core/filesystem/IFileStore
instanceKlass org/eclipse/jdt/ls/core/internal/filesystem/JDTLSFilesystemActivator$1
instanceKlass org/eclipse/jdt/ls/core/internal/filesystem/JDTLSFilesystemActivator
instanceKlass org/eclipse/core/filesystem/IFileSystem
instanceKlass org/eclipse/core/internal/filesystem/InternalFileSystemCore
instanceKlass org/eclipse/core/filesystem/EFS
instanceKlass org/eclipse/core/internal/localstore/FileStoreRoot
instanceKlass org/eclipse/core/filesystem/IFileInfo
instanceKlass org/eclipse/core/filesystem/URIUtil
instanceKlass org/eclipse/core/internal/resources/MarkerAttributeMap
instanceKlass org/eclipse/core/internal/resources/MarkerSet
instanceKlass org/eclipse/core/internal/resources/MarkerReader
instanceKlass org/eclipse/core/internal/watson/ElementTree$ChildIDsCache
instanceKlass  @bci org/eclipse/core/internal/resources/SaveManager initSnap (Lorg/eclipse/core/runtime/IProgressMonitor;)V 67 <appendix> argL0 ; # org/eclipse/core/internal/resources/SaveManager$$Lambda+0x00000000231990f8
instanceKlass java/io/FilenameFilter
instanceKlass  @bci com/microsoft/java/debug/core/adapter/handler/LaunchWithoutDebuggingDelegate launchInTerminal (Lcom/microsoft/java/debug/core/protocol/Requests$LaunchArguments;Lcom/microsoft/java/debug/core/protocol/Messages$Response;Lcom/microsoft/java/debug/core/adapter/IDebugAdapterContext;)Ljava/util/concurrent/CompletableFuture; 144 <appendix> form vmentry <vmtarget> ; # java/lang/invoke/LambdaForm$DMH+0x000000002319c000
instanceKlass  @bci org/eclipse/core/internal/jobs/JobManager cancel (Lorg/eclipse/core/internal/jobs/InternalJob;)Z 15 <appendix> member <vmtarget> ; # org/eclipse/core/internal/jobs/JobManager$$Lambda+0x0000000023131b70
instanceKlass org/eclipse/core/internal/utils/ObjectMap
instanceKlass org/eclipse/core/internal/dtree/DataTreeLookup
instanceKlass org/eclipse/core/internal/dtree/DataTreeReader
instanceKlass org/eclipse/core/internal/watson/ElementTreeReader$1
instanceKlass org/eclipse/core/internal/dtree/IDataFlattener
instanceKlass org/eclipse/core/internal/watson/ElementTreeReader
instanceKlass org/eclipse/core/resources/IFileState
instanceKlass org/eclipse/core/internal/events/BuilderPersistentInfo
instanceKlass  @bci org/eclipse/jdt/ls/core/internal/javadoc/JavadocContentAccess2$JdtLsJavadocAccessImpl createLinkURIHelper (Ljava/lang/String;Lorg/eclipse/jdt/core/IJavaElement;Ljava/lang/String;Ljava/lang/String;[Ljava/lang/String;)Ljava/lang/String; 56 <appendix> form vmentry <vmtarget> ; # java/lang/invoke/LambdaForm$MH+0x0000000023188800
instanceKlass org/eclipse/core/internal/resources/SafeFileTable
instanceKlass org/eclipse/core/internal/resources/SavedState
instanceKlass org/eclipse/core/internal/resources/SyncInfoReader
instanceKlass org/eclipse/core/internal/resources/WorkspaceTreeReader
instanceKlass org/eclipse/core/resources/ISaveContext
instanceKlass org/eclipse/core/resources/ISavedState
instanceKlass org/eclipse/core/internal/resources/SaveManager
instanceKlass org/eclipse/core/internal/watson/IElementInfoFlattener
instanceKlass org/eclipse/core/internal/resources/SyncInfoWriter
instanceKlass org/eclipse/core/internal/resources/Synchronizer
instanceKlass org/eclipse/core/internal/resources/MarkerWriter
instanceKlass org/eclipse/core/internal/resources/MarkerDeltaManager
instanceKlass org/eclipse/core/internal/resources/MarkerTypeDefinitionCache$MarkerTypeDefinition
instanceKlass org/eclipse/core/internal/resources/MarkerTypeDefinitionCache
instanceKlass org/eclipse/core/internal/resources/MarkerInfo
instanceKlass org/eclipse/core/internal/resources/IMarkerSetElement
instanceKlass org/eclipse/core/internal/resources/MarkerManager
instanceKlass  @bci org/eclipse/core/internal/events/NotificationManager$NotifyJob <init> (Lorg/eclipse/core/internal/events/NotificationManager;)V 13 <appendix> argL0 ; # org/eclipse/core/internal/events/NotificationManager$NotifyJob$$Lambda+0x0000000023193c48
instanceKlass org/eclipse/core/internal/events/ResourceChangeListenerList
instanceKlass org/eclipse/core/internal/events/NotificationManager
instanceKlass java/util/stream/SortedOps
instanceKlass  @bci org/eclipse/core/internal/runtime/InternalPlatform getBundles0 (Ljava/lang/String;Ljava/lang/String;)Ljava/util/stream/Stream; 90 <appendix> argL0 ; # org/eclipse/core/internal/runtime/InternalPlatform$$Lambda+0x00000000231871f8
instanceKlass  @bci org/eclipse/core/internal/runtime/InternalPlatform getBundles0 (Ljava/lang/String;Ljava/lang/String;)Ljava/util/stream/Stream; 80 <appendix> argL0 ; # org/eclipse/core/internal/runtime/InternalPlatform$$Lambda+0x0000000023186fb0
instanceKlass org/eclipse/core/internal/events/BuildManager$DeltaCache
instanceKlass org/eclipse/core/resources/ICommand
instanceKlass org/eclipse/core/internal/events/InternalBuilder
instanceKlass org/eclipse/core/resources/IResourceDelta
instanceKlass org/eclipse/core/resources/IBuildContext
instanceKlass org/eclipse/core/internal/events/BuildManager
instanceKlass org/eclipse/core/internal/resources/FilterTypeManager$1
instanceKlass org/eclipse/core/internal/resources/FilterDescriptor
instanceKlass org/eclipse/core/resources/IFilterMatcherDescriptor
instanceKlass org/eclipse/core/internal/resources/FilterTypeManager
instanceKlass org/eclipse/core/resources/IProjectNatureDescriptor
instanceKlass org/eclipse/core/internal/resources/NatureManager
instanceKlass org/eclipse/core/internal/events/ILifecycleListener
instanceKlass org/eclipse/core/internal/resources/PathVariableManager
instanceKlass  @bci org/eclipse/core/internal/resources/WorkspaceRoot getProject (Ljava/lang/String;)Lorg/eclipse/core/resources/IProject; 95 <appendix> member <vmtarget> ; # org/eclipse/core/internal/resources/WorkspaceRoot$$Lambda+0x00000000231911d0
instanceKlass java/text/AttributedCharacterIterator$Attribute
instanceKlass java/text/FieldPosition$Delegate
instanceKlass java/text/Format$FieldDelegate
instanceKlass  @bci java/text/DecimalFormat format (Ljava/lang/Object;Ljava/text/Format$StringBuf;Ljava/text/FieldPosition;)Ljava/text/Format$StringBuf; 10 <appendix> member <vmtarget> ; # java/text/DecimalFormat$$TypeSwitch+0x00000000231447d8
instanceKlass java/text/DigitList
instanceKlass java/text/FieldPosition
instanceKlass java/text/StringBufFactory$StringBuilderImpl
instanceKlass java/text/Format$StringBuf
instanceKlass java/text/StringBufFactory
instanceKlass java/text/Format
instanceKlass org/eclipse/core/internal/preferences/PreferencesService$1
instanceKlass  @bci org/eclipse/core/internal/preferences/PreferencesService getLookupOrder (Ljava/lang/String;Ljava/lang/String;)[Ljava/lang/String; 29 <appendix> argL0 ; # org/eclipse/core/internal/preferences/PreferencesService$$Lambda+0x000000002311dc98
instanceKlass  @bci org/eclipse/core/internal/localstore/FileSystemResourceManager <init> (Lorg/eclipse/core/internal/resources/Workspace;)V 6 <appendix> member <vmtarget> ; # org/eclipse/core/internal/localstore/FileSystemResourceManager$$Lambda+0x000000002313f830
instanceKlass org/eclipse/core/internal/localstore/RefreshLocalVisitor
instanceKlass org/eclipse/core/internal/localstore/ILocalStoreConstants
instanceKlass org/eclipse/core/internal/localstore/IHistoryStore
instanceKlass org/eclipse/core/internal/localstore/IUnifiedTreeVisitor
instanceKlass org/eclipse/core/internal/localstore/FileSystemResourceManager
instanceKlass org/eclipse/core/runtime/jobs/MultiRule
instanceKlass org/eclipse/core/internal/jobs/OrderedLock
instanceKlass org/eclipse/core/internal/runtime/LocalizationUtils
instanceKlass org/eclipse/core/runtime/Status
instanceKlass org/eclipse/core/internal/resources/WorkManager$NotifyRule
instanceKlass org/eclipse/core/internal/resources/WorkManager
instanceKlass org/eclipse/core/runtime/NullProgressMonitor
instanceKlass org/eclipse/core/runtime/preferences/IExportedPreferences
instanceKlass  @bci org/eclipse/core/internal/resources/WorkspacePreferences <init> ()V 189 <appendix> member <vmtarget> ; # org/eclipse/core/internal/resources/WorkspacePreferences$$Lambda+0x000000002313e048
instanceKlass org/eclipse/core/runtime/Preferences$IPropertyChangeListener
instanceKlass org/eclipse/core/runtime/preferences/IEclipsePreferences$INodeChangeListener
instanceKlass org/eclipse/core/runtime/preferences/IEclipsePreferences$IPreferenceChangeListener
instanceKlass  @bci org/eclipse/core/runtime/Plugin getPluginPreferences ()Lorg/eclipse/core/runtime/Preferences; 65 <appendix> member <vmtarget> ; # org/eclipse/core/runtime/Plugin$$Lambda+0x00000000231867c0
instanceKlass org/eclipse/core/runtime/Preferences
# instanceKlass java/lang/invoke/LambdaForm$MH+0x0000000023188000
instanceKlass lombok/eclipse/agent/PatchFixesShadowLoaded
instanceKlass lombok/core/LombokNode
instanceKlass lombok/core/DiagnosticsReceiver
instanceKlass lombok/launch/PatchFixesHider$Util
instanceKlass lombok/launch/PatchFixesHider$LombokDeps
instanceKlass lombok/launch/ClassFileMetaData
instanceKlass  @bci jdk/internal/reflect/MethodHandleObjectFieldAccessorImpl set (Ljava/lang/Object;Ljava/lang/Object;)V 41 <adapter> ; # java/lang/invoke/LambdaForm$MH+0x0000000023185400
instanceKlass lombok/launch/PackageShader
# instanceKlass java/lang/invoke/LambdaForm$MH+0x0000000023185000
# instanceKlass java/lang/invoke/LambdaForm$MH+0x0000000023184c00
# instanceKlass java/lang/invoke/LambdaForm$MH+0x0000000023184800
# instanceKlass java/lang/invoke/LambdaForm$MH+0x0000000023184400
instanceKlass  @bci org/eclipse/core/internal/events/BuildManager getDeltaCached (Lorg/eclipse/core/resources/IProject;Lorg/eclipse/core/internal/watson/ElementTree;Lorg/eclipse/core/internal/watson/ElementTree;)Lorg/eclipse/core/resources/IResourceDelta; 22 <appendix> form vmentry <vmtarget> ; # java/lang/invoke/LambdaForm$DMH+0x0000000023184000
instanceKlass java/lang/invoke/LambdaFormEditor$1
# instanceKlass java/lang/invoke/LambdaForm$MH+0x0000000023182400
# instanceKlass java/lang/invoke/LambdaForm$MH+0x0000000023182000
# instanceKlass java/lang/invoke/LambdaForm$MH+0x0000000023181c00
# instanceKlass java/lang/invoke/LambdaForm$MH+0x0000000023181800
instanceKlass  @cpi org/eclipse/jdt/internal/core/builder/ClasspathJrt 447 form vmentry <vmtarget> ; # java/lang/invoke/LambdaForm$DMH+0x0000000023181400
instanceKlass  @bci jdk/internal/reflect/DirectMethodHandleAccessor invokeImpl (Ljava/lang/Object;[Ljava/lang/Object;)Ljava/lang/Object; 92 <adapter> ; # java/lang/invoke/LambdaForm$MH+0x0000000023180c00
# instanceKlass java/lang/invoke/LambdaForm$MH+0x0000000023180800
# instanceKlass java/lang/invoke/LambdaForm$MH+0x0000000023180400
# instanceKlass java/lang/invoke/LambdaForm$MH+0x0000000023180000
# instanceKlass java/lang/invoke/LambdaForm$MH+0x0000000023139400
instanceKlass jdk/internal/vm/annotation/ForceInline
instanceKlass java/lang/annotation/Target
instanceKlass jdk/internal/classfile/impl/StackCounter
instanceKlass  @bci java/lang/reflect/ProxyGenerator lambda$generateLookupAccessor$0 (Ljava/lang/classfile/MethodBuilder;)V 30 <appendix> member <vmtarget> ; # java/lang/reflect/ProxyGenerator$$Lambda+0x00000000231423e0
instanceKlass  @bci java/lang/reflect/ProxyGenerator generateLookupAccessor (Ljava/lang/classfile/ClassBuilder;)V 10 <appendix> member <vmtarget> ; # java/lang/reflect/ProxyGenerator$$Lambda+0x00000000231421a0
instanceKlass  @bci java/lang/reflect/ProxyGenerator generateStaticInitializer (Ljava/lang/classfile/ClassBuilder;)V 10 <appendix> member <vmtarget> ; # java/lang/reflect/ProxyGenerator$$Lambda+0x0000000023141f60
instanceKlass java/lang/classfile/instruction/ExceptionCatch
instanceKlass  @bci java/lang/reflect/ProxyGenerator$ProxyMethod lambda$generateMethod$0 (Ljava/lang/classfile/MethodBuilder;)V 30 <appendix> member <vmtarget> ; # java/lang/reflect/ProxyGenerator$ProxyMethod$$Lambda+0x0000000023141648
instanceKlass  @bci java/lang/reflect/ProxyGenerator$ProxyMethod generateMethod (Ljava/lang/classfile/ClassBuilder;)V 42 <appendix> member <vmtarget> ; # java/lang/reflect/ProxyGenerator$ProxyMethod$$Lambda+0x0000000023141408
instanceKlass  @bci java/lang/reflect/ProxyGenerator generateConstructor (Ljava/lang/classfile/ClassBuilder;)V 8 <appendix> member <vmtarget> ; # java/lang/reflect/ProxyGenerator$$Lambda+0x00000000231411c8
instanceKlass  @bci java/lang/reflect/ProxyGenerator generateClassFile ()[B 197 <appendix> member <vmtarget> ; # java/lang/reflect/ProxyGenerator$$Lambda+0x0000000023140f88
instanceKlass  @bci java/lang/reflect/ProxyGenerator proxyMethodsFor (Ljava/lang/String;)Ljava/util/List; 5 <appendix> argL0 ; # java/lang/reflect/ProxyGenerator$$Lambda+0x0000000023140d40
instanceKlass java/lang/reflect/ProxyGenerator$ProxyMethod
instanceKlass java/lang/reflect/ProxyGenerator
instanceKlass  @bci java/lang/WeakPairMap computeIfAbsent (Ljava/lang/Object;Ljava/lang/Object;Ljava/util/function/BiFunction;)Ljava/lang/Object; 18 <appendix> member <vmtarget> ; # java/lang/WeakPairMap$$Lambda+0x00000000231404a8
instanceKlass  @bci java/lang/Module implAddExportsOrOpens (Ljava/lang/String;Ljava/lang/Module;ZZ)V 151 <appendix> argL0 ; # java/lang/Module$$Lambda+0x0000000023140270
instanceKlass  @bci java/lang/module/ModuleDescriptor$Builder packages (Ljava/util/Set;)Ljava/lang/module/ModuleDescriptor$Builder; 17 <appendix> argL0 ; # java/lang/module/ModuleDescriptor$Builder$$Lambda+0x80000000e
instanceKlass  @bci java/lang/reflect/Proxy$ProxyBuilder getDynamicModule (Ljava/lang/ClassLoader;)Ljava/lang/Module; 4 <appendix> argL0 ; # java/lang/reflect/Proxy$ProxyBuilder$$Lambda+0x00000000230ff918
instanceKlass java/lang/PublicMethods
instanceKlass java/lang/reflect/Proxy$ProxyBuilder
instanceKlass  @bci java/lang/reflect/Proxy getProxyConstructor (Ljava/lang/ClassLoader;[Ljava/lang/Class;)Ljava/lang/reflect/Constructor; 18 <appendix> argL0 ; # java/lang/reflect/Proxy$$Lambda+0x00000000230ff2b0
instanceKlass java/lang/reflect/Proxy
instanceKlass sun/reflect/annotation/AnnotationInvocationHandler
instanceKlass sun/reflect/annotation/ExceptionProxy
instanceKlass java/lang/annotation/Inherited
instanceKlass java/lang/annotation/Retention
instanceKlass sun/reflect/annotation/AnnotationType
instanceKlass java/lang/reflect/GenericArrayType
instanceKlass sun/reflect/generics/visitor/Reifier
instanceKlass sun/reflect/generics/visitor/TypeTreeVisitor
instanceKlass sun/reflect/generics/factory/CoreReflectionFactory
instanceKlass sun/reflect/generics/factory/GenericsFactory
instanceKlass sun/reflect/generics/scope/AbstractScope
instanceKlass sun/reflect/generics/scope/Scope
instanceKlass sun/reflect/generics/tree/ClassTypeSignature
instanceKlass sun/reflect/generics/tree/SimpleClassTypeSignature
instanceKlass sun/reflect/generics/tree/FieldTypeSignature
instanceKlass sun/reflect/generics/tree/BaseType
instanceKlass sun/reflect/generics/tree/TypeSignature
instanceKlass sun/reflect/generics/tree/ReturnType
instanceKlass sun/reflect/generics/tree/TypeArgument
instanceKlass sun/reflect/generics/tree/TypeTree
instanceKlass sun/reflect/generics/tree/Tree
instanceKlass sun/reflect/generics/parser/SignatureParser
instanceKlass java/io/ObjectOutput
instanceKlass java/io/ObjectStreamConstants
instanceKlass java/io/ObjectInput
instanceKlass org/eclipse/core/internal/runtime/Product
instanceKlass org/eclipse/core/runtime/IProduct
instanceKlass lombok/patcher/scripts/WrapReturnValuesScript$1
instanceKlass org/eclipse/equinox/internal/app/ProductExtensionBranding
instanceKlass org/eclipse/core/internal/runtime/FindSupport
instanceKlass org/eclipse/core/runtime/FileLocator
instanceKlass  @bci org/eclipse/osgi/internal/framework/legacy/PackageAdminImpl getBundles (Ljava/lang/String;Ljava/lang/String;)[Lorg/osgi/framework/Bundle; 281 <appendix> argL0 ; # org/eclipse/osgi/internal/framework/legacy/PackageAdminImpl$$Lambda+0x00000000230d63b0
instanceKlass org/eclipse/core/runtime/SafeRunner
instanceKlass  @bci org/eclipse/core/internal/preferences/PreferenceServiceRegistryHelper runInitializer (Lorg/eclipse/core/runtime/IConfigurationElement;)V 18 <appendix> member <vmtarget> ; # org/eclipse/core/internal/preferences/PreferenceServiceRegistryHelper$$Lambda+0x000000002311d2a8
instanceKlass org/eclipse/core/runtime/IExecutableExtensionFactory
instanceKlass org/eclipse/core/runtime/IExecutableExtension
instanceKlass org/eclipse/core/runtime/preferences/AbstractPreferenceInitializer
instanceKlass org/eclipse/core/internal/dtree/AbstractDataTree
instanceKlass org/eclipse/core/internal/dtree/AbstractDataTreeNode
instanceKlass org/eclipse/core/internal/watson/ElementTree
instanceKlass org/eclipse/core/internal/runtime/DataArea
instanceKlass org/eclipse/core/internal/runtime/MetaDataKeeper
instanceKlass org/eclipse/core/internal/resources/LocalMetaArea
instanceKlass org/eclipse/core/internal/resources/LocationValidator
instanceKlass org/eclipse/core/runtime/Platform$OS
instanceKlass org/eclipse/core/internal/utils/FileUtil
instanceKlass org/eclipse/core/internal/watson/IElementContentVisitor
instanceKlass org/eclipse/core/resources/IResourceFilterDescription
instanceKlass org/eclipse/core/resources/team/IResourceTree
instanceKlass org/eclipse/core/resources/IMarker
instanceKlass org/eclipse/core/resources/IResourceProxy
instanceKlass  @bci jdk/internal/reflect/MethodHandleObjectFieldAccessorImpl set (Ljava/lang/Object;Ljava/lang/Object;)V 29 <adapter> ; # java/lang/invoke/LambdaForm$MH+0x0000000023139000
instanceKlass jdk/internal/reflect/FieldAccessorImpl
instanceKlass jdk/internal/reflect/FieldAccessor
instanceKlass  @bci org/eclipse/osgi/util/NLS <clinit> ()V 7 <appendix> argL0 ; # org/eclipse/osgi/util/NLS$$Lambda+0x00000000230d5d20
instanceKlass org/eclipse/osgi/util/NLS
instanceKlass org/eclipse/core/runtime/Platform
instanceKlass org/eclipse/core/resources/team/FileModificationValidationContext
instanceKlass org/eclipse/core/internal/resources/InternalTeamHook
instanceKlass org/eclipse/core/resources/IPathVariableManager
instanceKlass org/eclipse/core/resources/ISynchronizer
instanceKlass org/eclipse/core/resources/IResourceRuleFactory
instanceKlass org/eclipse/core/resources/IBuildConfiguration
instanceKlass org/eclipse/core/resources/IProjectDescription
instanceKlass org/eclipse/core/resources/team/IMoveDeleteHook
instanceKlass org/eclipse/core/internal/watson/IElementComparator
instanceKlass org/eclipse/core/internal/dtree/IComparator
instanceKlass org/eclipse/core/resources/IProject
instanceKlass org/eclipse/core/internal/resources/ModelObject
instanceKlass org/eclipse/core/resources/IWorkspaceDescription
instanceKlass org/eclipse/core/internal/properties/IPropertyManager
instanceKlass org/eclipse/core/internal/resources/IManager
instanceKlass org/eclipse/core/resources/IFile
instanceKlass org/eclipse/core/resources/IEncodedStorage
instanceKlass org/eclipse/core/resources/IStorage
instanceKlass org/eclipse/core/resources/IFolder
instanceKlass org/eclipse/core/internal/watson/IPathRequestor
instanceKlass org/eclipse/core/internal/resources/ResourceInfo
instanceKlass org/eclipse/core/internal/utils/IStringPoolParticipant
instanceKlass org/eclipse/core/runtime/ICoreRunnable
instanceKlass org/eclipse/core/internal/watson/IElementTreeData
instanceKlass org/eclipse/core/internal/jobs/WorkerPool
instanceKlass org/eclipse/core/internal/jobs/JobQueue
instanceKlass org/eclipse/core/internal/jobs/DeadlockDetector
instanceKlass org/eclipse/core/internal/jobs/LockManager
instanceKlass org/eclipse/core/runtime/jobs/JobChangeAdapter
instanceKlass  @bci org/eclipse/core/internal/jobs/JobManager <init> ()V 52 <appendix> member <vmtarget> ; # org/eclipse/core/internal/jobs/JobManager$$Lambda+0x000000002312fcf0
instanceKlass  @bci org/eclipse/core/internal/jobs/JobListeners <init> ()V 50 <appendix> argL0 ; # org/eclipse/core/internal/jobs/JobListeners$$Lambda+0x000000002312fac8
instanceKlass  @bci org/eclipse/core/internal/jobs/JobListeners <init> ()V 41 <appendix> argL0 ; # org/eclipse/core/internal/jobs/JobListeners$$Lambda+0x000000002312f8a0
instanceKlass  @bci org/eclipse/core/internal/jobs/JobListeners <init> ()V 32 <appendix> argL0 ; # org/eclipse/core/internal/jobs/JobListeners$$Lambda+0x000000002312f678
instanceKlass  @bci org/eclipse/core/internal/jobs/JobListeners <init> ()V 23 <appendix> argL0 ; # org/eclipse/core/internal/jobs/JobListeners$$Lambda+0x000000002312f450
instanceKlass  @bci org/eclipse/core/internal/jobs/JobListeners <init> ()V 14 <appendix> argL0 ; # org/eclipse/core/internal/jobs/JobListeners$$Lambda+0x000000002312f228
instanceKlass  @bci org/eclipse/core/internal/jobs/JobListeners <init> ()V 5 <appendix> argL0 ; # org/eclipse/core/internal/jobs/JobListeners$$Lambda+0x000000002312f000
instanceKlass  @cpi org/eclipse/core/internal/jobs/JobListeners 385 form vmentry <vmtarget> ; # java/lang/invoke/LambdaForm$DMH+0x000000002312e000
instanceKlass org/eclipse/core/internal/jobs/JobListeners$IListenerDoit
instanceKlass org/eclipse/core/runtime/jobs/IJobChangeEvent
instanceKlass org/eclipse/core/internal/jobs/JobListeners
instanceKlass org/eclipse/core/internal/jobs/ImplicitJobs
instanceKlass org/eclipse/core/internal/jobs/JobManager$1
instanceKlass org/eclipse/core/internal/jobs/InternalJobGroup
instanceKlass org/eclipse/core/runtime/ProgressMonitorWrapper
instanceKlass org/eclipse/core/runtime/IProgressMonitorWithBlocking
instanceKlass org/eclipse/core/runtime/jobs/ILock
instanceKlass org/eclipse/core/runtime/jobs/IJobChangeListener
instanceKlass org/eclipse/core/internal/jobs/JobManager
instanceKlass org/eclipse/core/runtime/jobs/IJobManager
instanceKlass org/eclipse/core/internal/jobs/JobOSGiUtils
instanceKlass org/eclipse/core/internal/jobs/JobActivator
instanceKlass org/eclipse/core/resources/IWorkspaceRoot
instanceKlass org/eclipse/core/resources/IContainer
instanceKlass org/eclipse/core/resources/IResource
instanceKlass org/eclipse/core/runtime/jobs/ISchedulingRule
instanceKlass org/eclipse/core/runtime/PlatformObject
instanceKlass org/eclipse/core/internal/resources/ICoreConstants
instanceKlass org/eclipse/osgi/internal/debug/EclipseDebugTrace
instanceKlass org/eclipse/core/internal/utils/Policy$1
instanceKlass org/eclipse/core/runtime/IProgressMonitor
instanceKlass org/eclipse/core/internal/utils/Policy
instanceKlass org/eclipse/core/resources/ResourcesPlugin$WorkspaceInitCustomizer
instanceKlass org/eclipse/core/resources/IWorkspace
instanceKlass org/eclipse/core/runtime/IAdaptable
instanceKlass org/eclipse/jdt/ls/core/internal/managers/ProjectsManager
instanceKlass org/eclipse/jdt/ls/core/internal/managers/IProjectsManager
instanceKlass org/eclipse/core/resources/ISaveParticipant
instanceKlass org/eclipse/core/internal/runtime/LogServiceFactory
instanceKlass org/eclipse/equinox/internal/app/AppCommands
instanceKlass  @bci org/eclipse/jdt/ls/core/internal/handlers/BundleUtils startBundle (Ljava/lang/String;)V 60 <adapter> ; # java/lang/invoke/LambdaForm$MH+0x0000000023128400
instanceKlass  @bci org/eclipse/jdt/ls/core/internal/handlers/BundleUtils startBundle (Ljava/lang/String;)V 60 <appendix> form vmentry <vmtarget> ; # java/lang/invoke/LambdaForm$MH+0x0000000023128000
instanceKlass  @bci org/eclipse/jdt/ls/core/internal/handlers/BundleUtils startBundle (Ljava/lang/String;)V 60 <appendix> form names 5 function resolvedHandle form vmentry <vmtarget> ; # java/lang/invoke/LambdaForm$DMH+0x0000000023126c00
instanceKlass org/eclipse/equinox/internal/app/EclipseAppContainer$RegisterService
instanceKlass org/eclipse/core/runtime/spi/RegistryContributor
instanceKlass org/eclipse/equinox/app/IApplicationContext
instanceKlass org/osgi/service/application/ApplicationHandle
instanceKlass org/osgi/service/application/ApplicationDescriptor
instanceKlass org/eclipse/osgi/service/runnable/ApplicationLauncher
instanceKlass org/eclipse/equinox/internal/app/IBranding
instanceKlass org/eclipse/osgi/service/runnable/ApplicationRunnable
instanceKlass org/eclipse/osgi/service/runnable/ParameterizedRunnable
instanceKlass org/eclipse/equinox/internal/app/EclipseAppContainer
instanceKlass org/osgi/service/application/ScheduledApplication
instanceKlass org/eclipse/equinox/internal/app/AppPersistence
instanceKlass org/eclipse/equinox/internal/app/Activator
instanceKlass org/eclipse/equinox/internal/app/CommandLineArgs
instanceKlass org/eclipse/core/internal/preferences/legacy/InitLegacyPreferences
instanceKlass org/eclipse/core/internal/preferences/legacy/ProductPreferencesService
instanceKlass org/eclipse/core/internal/preferences/exchange/IProductPreferencesService
instanceKlass org/eclipse/core/internal/runtime/KeyStoreUtil
instanceKlass org/eclipse/core/internal/runtime/AuthorizationHandler
instanceKlass org/eclipse/core/runtime/IBundleGroupProvider
instanceKlass java/util/Collections$ReverseComparator2
instanceKlass  @bci org/eclipse/core/internal/runtime/InternalPlatform <clinit> ()V 98 <appendix> argL0 ; # org/eclipse/core/internal/runtime/InternalPlatform$$Lambda+0x0000000023124218
instanceKlass org/eclipse/core/runtime/ILog
instanceKlass org/eclipse/core/internal/runtime/InternalPlatform
instanceKlass org/eclipse/core/runtime/Plugin
instanceKlass org/eclipse/equinox/internal/frameworkadmin/equinox/Log
# instanceKlass java/lang/invoke/LambdaForm$MH+0x0000000023123800
# instanceKlass java/lang/invoke/LambdaForm$MH+0x0000000023123400
# instanceKlass java/lang/invoke/LambdaForm$MH+0x0000000023123000
instanceKlass org/eclipse/equinox/internal/provisional/configuratormanipulator/ConfiguratorManipulator
instanceKlass java/lang/Process
instanceKlass org/eclipse/equinox/internal/provisional/frameworkadmin/Manipulator
instanceKlass org/eclipse/equinox/internal/frameworkadmin/equinox/EquinoxFwAdminImpl
instanceKlass org/eclipse/equinox/internal/provisional/frameworkadmin/FrameworkAdmin
instanceKlass org/osgi/util/promise/DeferredPromiseImpl$ResolveWith
instanceKlass  @bci org/osgi/util/promise/PromiseFactory$All run ()V 81 <appendix> member <vmtarget> ; # org/osgi/util/promise/PromiseFactory$All$$Lambda+0x0000000023120270
instanceKlass  @cpi org/eclipse/jdt/ls/core/internal/commands/ProjectCommand 1172 form vmentry <vmtarget> ; # java/lang/invoke/LambdaForm$DMH+0x0000000023122000
instanceKlass org/osgi/util/promise/PromiseImpl$Result
instanceKlass org/osgi/util/promise/PromiseFactory$All
instanceKlass org/osgi/util/promise/PromiseImpl$InlineCallback
instanceKlass org/eclipse/core/runtime/QualifiedName
instanceKlass org/eclipse/core/internal/content/ContentTypeHandler
instanceKlass org/apache/felix/scr/impl/inject/methods/ActivateMethod$1
instanceKlass org/apache/felix/scr/impl/inject/MethodResult
instanceKlass org/eclipse/core/internal/content/ContentTypeManager$ContentTypeRegistryChangeListener
instanceKlass org/apache/felix/scr/impl/manager/DependencyManager$OpenStatusImpl
instanceKlass org/apache/felix/scr/impl/manager/SingleComponentManager$1
instanceKlass org/apache/felix/scr/impl/inject/ReferenceMethod$1
instanceKlass org/apache/felix/scr/impl/inject/methods/BaseMethod$Resolved
instanceKlass org/apache/felix/scr/impl/inject/methods/BaseMethod$MethodInfo
instanceKlass org/apache/felix/scr/impl/inject/methods/BaseMethod$1
instanceKlass  @bci java/util/stream/Collectors joining (Ljava/lang/CharSequence;Ljava/lang/CharSequence;Ljava/lang/CharSequence;)Ljava/util/stream/Collector; 22 <appendix> argL0 ; # java/util/stream/Collectors$$Lambda+0x800000043
instanceKlass  @bci java/util/stream/Collectors joining (Ljava/lang/CharSequence;Ljava/lang/CharSequence;Ljava/lang/CharSequence;)Ljava/util/stream/Collector; 17 <appendix> argL0 ; # java/util/stream/Collectors$$Lambda+0x800000041
instanceKlass  @bci java/util/stream/Collectors joining (Ljava/lang/CharSequence;Ljava/lang/CharSequence;Ljava/lang/CharSequence;)Ljava/util/stream/Collector; 12 <appendix> argL0 ; # java/util/stream/Collectors$$Lambda+0x80000003e
instanceKlass  @bci java/util/stream/Collectors joining (Ljava/lang/CharSequence;Ljava/lang/CharSequence;Ljava/lang/CharSequence;)Ljava/util/stream/Collector; 7 <appendix> member <vmtarget> ; # java/util/stream/Collectors$$Lambda+0x800000046
instanceKlass  @bci java/lang/Class methodToString (Ljava/lang/String;[Ljava/lang/Class;)Ljava/lang/String; 42 <appendix> argL0 ; # java/lang/Class$$Lambda+0x00000000230faa20
instanceKlass org/eclipse/core/runtime/content/IContentTypeManager$ISelectionPolicy
instanceKlass org/eclipse/core/runtime/content/IContentTypeManager$IContentTypeChangeListener
instanceKlass org/eclipse/core/internal/preferences/BundleStateScopeServiceFactory
instanceKlass org/eclipse/core/internal/preferences/Activator$1
instanceKlass org/eclipse/core/internal/registry/ExtensionRegistry$ListenerInfo
instanceKlass org/eclipse/core/runtime/IContributor
instanceKlass org/eclipse/core/internal/preferences/PreferenceServiceRegistryHelper
instanceKlass  @bci com/microsoft/java/debug/plugin/internal/Compile compile (Lcom/microsoft/java/debug/plugin/internal/Compile$CompileParams;Lorg/eclipse/core/runtime/IProgressMonitor;)Ljava/lang/Object; 286 <appendix> form vmentry <vmtarget> ; # java/lang/invoke/LambdaForm$MH+0x000000002311e000
instanceKlass org/eclipse/core/runtime/ListenerList$ListenerListIterator
instanceKlass org/eclipse/core/internal/preferences/OSGiPreferencesServiceManager
instanceKlass org/osgi/service/prefs/PreferencesService
instanceKlass org/eclipse/core/runtime/preferences/AbstractScope
instanceKlass org/eclipse/core/runtime/Assert
instanceKlass org/eclipse/core/runtime/Path
instanceKlass org/eclipse/core/runtime/Path$Constants
instanceKlass org/eclipse/core/runtime/IPath
instanceKlass org/eclipse/core/internal/preferences/ImmutableMap
instanceKlass org/eclipse/core/internal/preferences/EclipsePreferences
instanceKlass org/eclipse/core/runtime/preferences/IScope
instanceKlass org/eclipse/core/runtime/preferences/IEclipsePreferences
instanceKlass org/eclipse/core/internal/preferences/PreferencesService
instanceKlass org/eclipse/core/runtime/preferences/IPreferencesService
instanceKlass org/eclipse/core/internal/preferences/exchange/ILegacyPreferences
instanceKlass org/eclipse/core/internal/preferences/PreferencesOSGiUtils
instanceKlass org/eclipse/core/internal/preferences/Activator
instanceKlass org/eclipse/core/runtime/preferences/IScopeContext
instanceKlass org/eclipse/core/internal/content/BasicDescription
instanceKlass org/eclipse/core/internal/content/ContentTypeBuilder
instanceKlass org/eclipse/core/internal/content/ContentTypeCatalog
instanceKlass org/apache/felix/scr/impl/inject/ValueUtils
instanceKlass org/eclipse/core/internal/content/ILazySource
instanceKlass org/eclipse/core/internal/adapter/AdapterManagerListener
instanceKlass org/eclipse/core/internal/runtime/IAdapterManagerProvider
instanceKlass org/eclipse/core/runtime/IRegistryEventListener
instanceKlass org/eclipse/core/internal/registry/osgi/RegistryCommandProvider
instanceKlass org/eclipse/osgi/framework/console/CommandProvider
instanceKlass org/eclipse/core/internal/registry/RegistryProviderFactory
instanceKlass org/eclipse/core/internal/registry/osgi/RegistryProviderOSGI
instanceKlass org/eclipse/core/internal/registry/osgi/EclipseBundleListener
instanceKlass org/eclipse/core/internal/registry/OffsetTable
instanceKlass java/util/stream/ReduceOps$8ReducingSink
instanceKlass java/util/stream/Sink$OfLong
instanceKlass java/util/function/LongConsumer
instanceKlass  @bci java/util/stream/LongPipeline sum ()J 2 <appendix> argL0 ; # java/util/stream/LongPipeline$$Lambda+0x00000000230f9940
instanceKlass  @cpi java/util/stream/LongPipeline 578 form vmentry <vmtarget> ; # java/lang/invoke/LambdaForm$DMH+0x0000000023112400
instanceKlass java/util/function/LongBinaryOperator
instanceKlass java/util/stream/LongStream
instanceKlass  @bci org/eclipse/core/internal/registry/osgi/EquinoxRegistryStrategy getContainerTimestamp ()J 59 <appendix> argL0 ; # org/eclipse/core/internal/registry/osgi/EquinoxRegistryStrategy$$Lambda+0x0000000023110d30
instanceKlass  @cpi org/eclipse/core/internal/registry/osgi/EquinoxRegistryStrategy 203 form vmentry <vmtarget> ; # java/lang/invoke/LambdaForm$DMH+0x0000000023112000
instanceKlass java/util/function/ToLongFunction
instanceKlass  @bci org/eclipse/core/internal/registry/osgi/EquinoxRegistryStrategy getContainerTimestamp ()J 49 <appendix> argL0 ; # org/eclipse/core/internal/registry/osgi/EquinoxRegistryStrategy$$Lambda+0x0000000023110ad8
instanceKlass  @bci org/eclipse/core/internal/registry/osgi/EquinoxRegistryStrategy getContainerTimestamp ()J 39 <appendix> argL0 ; # org/eclipse/core/internal/registry/osgi/EquinoxRegistryStrategy$$Lambda+0x0000000023110890
instanceKlass org/eclipse/core/internal/registry/HashtableOfStringAndInt
instanceKlass org/eclipse/core/internal/registry/KeyedHashSet
instanceKlass org/eclipse/core/runtime/IConfigurationElement
instanceKlass org/eclipse/core/internal/registry/Handle
instanceKlass org/eclipse/core/internal/registry/RegistryObjectManager
instanceKlass org/eclipse/core/internal/registry/IObjectManager
instanceKlass  @bci org/eclipse/core/internal/registry/RegistryProperties getContextProperty (Ljava/lang/String;)Ljava/lang/String; 18 <appendix> member <vmtarget> ; # org/eclipse/core/internal/registry/RegistryProperties$$Lambda+0x000000002310dec0
instanceKlass org/eclipse/core/internal/registry/RegistryTimestamp
instanceKlass org/eclipse/core/internal/registry/TableReader
instanceKlass org/eclipse/core/runtime/ListenerList
instanceKlass org/eclipse/core/internal/registry/ReadWriteMonitor
instanceKlass org/eclipse/core/runtime/IExtensionDelta
instanceKlass org/eclipse/core/runtime/IExtensionPoint
instanceKlass org/eclipse/core/runtime/ISafeRunnable
instanceKlass org/eclipse/core/internal/registry/RegistryObjectFactory
instanceKlass org/eclipse/core/runtime/IExtension
instanceKlass org/eclipse/core/internal/registry/RegistryObject
instanceKlass org/eclipse/core/internal/registry/KeyedElement
instanceKlass org/eclipse/core/internal/registry/ExtensionRegistry
instanceKlass org/eclipse/core/runtime/spi/IDynamicExtensionRegistry
instanceKlass org/eclipse/core/runtime/IExtensionRegistry
instanceKlass org/eclipse/core/runtime/RegistryFactory
instanceKlass org/eclipse/core/internal/registry/ReferenceMap$IEntry
instanceKlass org/eclipse/core/internal/registry/ReferenceMap
instanceKlass org/eclipse/core/internal/registry/osgi/OSGIUtils
instanceKlass org/eclipse/core/internal/registry/osgi/EquinoxUtils
instanceKlass org/eclipse/core/internal/registry/RegistryProperties
instanceKlass org/eclipse/core/runtime/spi/IRegistryProvider
instanceKlass org/eclipse/core/runtime/spi/RegistryStrategy
instanceKlass org/eclipse/core/internal/registry/osgi/Activator
instanceKlass org/eclipse/core/runtime/IRegistryChangeListener
instanceKlass org/eclipse/core/runtime/content/IContentType
instanceKlass org/eclipse/core/runtime/content/IContentTypeSettings
instanceKlass org/eclipse/core/internal/content/IContentTypeInfo
instanceKlass org/eclipse/core/runtime/content/IContentDescription
instanceKlass org/osgi/service/prefs/Preferences
instanceKlass org/apache/felix/scr/impl/inject/internal/ComponentConstructorImpl
instanceKlass org/apache/felix/scr/impl/inject/ReferenceMethods$1
instanceKlass org/apache/felix/scr/impl/inject/ReferenceMethod
instanceKlass org/apache/felix/scr/impl/inject/methods/BindMethods
instanceKlass org/apache/felix/scr/impl/inject/ReferenceMethods
instanceKlass org/apache/felix/scr/impl/inject/methods/BaseMethod$NotApplicable
instanceKlass org/apache/felix/scr/impl/inject/methods/BaseMethod$NotResolved
instanceKlass org/apache/felix/scr/impl/inject/methods/BaseMethod$State
instanceKlass org/apache/felix/scr/impl/inject/BaseParameter
instanceKlass org/apache/felix/scr/impl/inject/methods/BaseMethod
instanceKlass org/eclipse/core/internal/content/ContentTypeMatcher
instanceKlass org/eclipse/core/runtime/content/IContentTypeManager
instanceKlass org/eclipse/core/runtime/content/IContentTypeMatcher
instanceKlass org/apache/felix/scr/impl/helper/ComponentServiceObjectsHelper
instanceKlass org/apache/felix/scr/impl/manager/EdgeInfo
instanceKlass org/apache/felix/scr/impl/manager/ComponentContextImpl$ComponentInstanceImpl
instanceKlass org/osgi/service/component/ComponentInstance
instanceKlass org/apache/felix/scr/impl/manager/ComponentContextImpl
instanceKlass org/apache/felix/scr/impl/manager/RegistrationManager$RegStateWrapper
instanceKlass org/apache/felix/scr/impl/BundleComponentActivator$ListenerInfo
instanceKlass org/apache/felix/scr/impl/manager/ServiceTracker$AbstractTracked
instanceKlass org/apache/felix/scr/impl/manager/ExtendedServiceListener
instanceKlass org/apache/felix/scr/impl/manager/ServiceTracker
instanceKlass java/util/Collections$ReverseComparator
instanceKlass org/apache/felix/scr/impl/helper/Coercions
instanceKlass org/apache/felix/scr/impl/manager/DependencyManager$AbstractCustomizer
instanceKlass org/apache/felix/scr/impl/inject/RefPair
instanceKlass org/apache/felix/scr/impl/manager/DependencyManager$Customizer
instanceKlass org/apache/felix/scr/impl/manager/ServiceTrackerCustomizer
instanceKlass org/apache/felix/scr/impl/inject/OpenStatus
instanceKlass org/apache/felix/scr/impl/manager/DependencyManager
instanceKlass org/apache/felix/scr/impl/manager/ReferenceManager
instanceKlass org/osgi/util/promise/Deferred
instanceKlass org/apache/felix/scr/impl/manager/SingleComponentManager$SetImplementationObject
instanceKlass org/apache/felix/scr/impl/inject/ScrComponentContext
instanceKlass org/apache/felix/scr/component/ExtComponentContext
instanceKlass org/apache/felix/scr/impl/manager/RegistrationManager
instanceKlass org/apache/felix/scr/impl/helper/ConfigAdminTracker$1
instanceKlass org/apache/felix/scr/impl/helper/ConfigAdminTracker
instanceKlass org/apache/felix/scr/impl/ComponentRegistry$4
instanceKlass org/apache/felix/scr/impl/inject/ComponentConstructor
instanceKlass org/apache/felix/scr/impl/inject/LifecycleMethod
instanceKlass org/apache/felix/scr/impl/inject/internal/ComponentMethodsImpl
instanceKlass org/apache/felix/scr/impl/metadata/TargetedPID
instanceKlass java/util/concurrent/CompletionStage
instanceKlass org/osgi/util/promise/PromiseImpl
instanceKlass org/osgi/util/promise/Promise
instanceKlass org/osgi/util/promise/PromiseFactory
instanceKlass org/osgi/util/promise/Promises
instanceKlass org/apache/felix/scr/impl/inject/ComponentMethods
instanceKlass org/osgi/service/component/ComponentFactory
instanceKlass org/apache/felix/scr/impl/manager/AbstractComponentManager
instanceKlass org/apache/felix/scr/impl/manager/ComponentManager
instanceKlass org/apache/felix/scr/impl/manager/ConfigurableComponentHolder
instanceKlass org/apache/felix/scr/impl/manager/ComponentContainer
instanceKlass org/apache/felix/scr/impl/ComponentRegistryKey
instanceKlass org/apache/felix/scr/impl/metadata/PropertyMetadata
instanceKlass org/apache/felix/scr/impl/metadata/ReferenceMetadata
instanceKlass org/apache/felix/scr/impl/metadata/ServiceMetadata
instanceKlass org/apache/felix/scr/impl/metadata/ComponentMetadata
instanceKlass org/apache/felix/scr/impl/xml/XmlConstants
instanceKlass com/sun/org/apache/xerces/internal/impl/Constants$ArrayEnumeration
instanceKlass com/sun/org/apache/xerces/internal/impl/Constants
instanceKlass com/sun/org/apache/xerces/internal/parsers/AbstractSAXParser$LocatorProxy
instanceKlass org/xml/sax/ext/Locator2
instanceKlass org/xml/sax/Locator
instanceKlass com/sun/org/apache/xerces/internal/util/XMLSymbols
instanceKlass com/sun/org/apache/xerces/internal/util/XMLChar
instanceKlass com/sun/xml/internal/stream/Entity
instanceKlass com/sun/xml/internal/stream/util/BufferAllocator
instanceKlass com/sun/xml/internal/stream/util/ThreadLocalBufferAllocator
instanceKlass com/sun/org/apache/xerces/internal/impl/XMLEntityManager$EncodingInfo
instanceKlass jdk/xml/internal/XMLLimitAnalyzer
instanceKlass com/sun/org/apache/xerces/internal/xni/parser/XMLInputSource
instanceKlass com/sun/org/apache/xerces/internal/util/ErrorHandlerWrapper
instanceKlass com/sun/org/apache/xerces/internal/xni/parser/XMLErrorHandler
instanceKlass com/sun/org/apache/xerces/internal/impl/ExternalSubsetResolver
instanceKlass com/sun/org/apache/xerces/internal/util/EntityResolverWrapper
instanceKlass org/xml/sax/ext/EntityResolver2
instanceKlass org/xml/sax/InputSource
instanceKlass com/sun/org/apache/xerces/internal/parsers/AbstractSAXParser$AttributesProxy
instanceKlass org/xml/sax/ext/Attributes2
instanceKlass org/xml/sax/Attributes
instanceKlass org/xml/sax/AttributeList
instanceKlass com/sun/org/apache/xerces/internal/util/FeatureState
instanceKlass com/sun/org/apache/xerces/internal/util/PropertyState
instanceKlass com/sun/org/apache/xerces/internal/impl/msg/XMLMessageFormatter
instanceKlass com/sun/org/apache/xerces/internal/util/MessageFormatter
instanceKlass com/sun/org/apache/xerces/internal/impl/XMLVersionDetector
instanceKlass com/sun/org/apache/xerces/internal/impl/validation/ValidationManager
instanceKlass com/sun/org/apache/xerces/internal/impl/dv/dtd/NMTOKENDatatypeValidator
instanceKlass com/sun/org/apache/xerces/internal/impl/dv/dtd/NOTATIONDatatypeValidator
instanceKlass com/sun/org/apache/xerces/internal/impl/dv/dtd/ENTITYDatatypeValidator
instanceKlass com/sun/org/apache/xerces/internal/impl/dv/dtd/ListDatatypeValidator
instanceKlass com/sun/org/apache/xerces/internal/impl/dv/dtd/IDREFDatatypeValidator
instanceKlass com/sun/org/apache/xerces/internal/impl/dv/dtd/IDDatatypeValidator
instanceKlass com/sun/org/apache/xerces/internal/impl/dv/dtd/StringDatatypeValidator
instanceKlass com/sun/org/apache/xerces/internal/impl/dv/DatatypeValidator
instanceKlass com/sun/org/apache/xerces/internal/impl/dv/DTDDVFactory
instanceKlass com/sun/org/apache/xerces/internal/impl/dtd/DTDGrammarBucket
instanceKlass com/sun/org/apache/xerces/internal/impl/dtd/XMLAttributeDecl
instanceKlass com/sun/org/apache/xerces/internal/impl/dtd/XMLSimpleType
instanceKlass com/sun/org/apache/xerces/internal/impl/dtd/XMLElementDecl
instanceKlass com/sun/org/apache/xerces/internal/impl/validation/ValidationState
instanceKlass com/sun/org/apache/xerces/internal/impl/dv/ValidationContext
instanceKlass com/sun/org/apache/xerces/internal/impl/dtd/XMLDTDValidator
instanceKlass com/sun/org/apache/xerces/internal/impl/RevalidationHandler
instanceKlass com/sun/org/apache/xerces/internal/impl/dtd/XMLDTDValidatorFilter
instanceKlass com/sun/org/apache/xerces/internal/xni/parser/XMLDocumentFilter
instanceKlass com/sun/org/apache/xerces/internal/impl/dtd/XMLEntityDecl
instanceKlass com/sun/org/apache/xerces/internal/impl/dtd/XMLDTDProcessor
instanceKlass com/sun/org/apache/xerces/internal/xni/parser/XMLDTDContentModelFilter
instanceKlass com/sun/org/apache/xerces/internal/xni/parser/XMLDTDFilter
instanceKlass com/sun/org/apache/xerces/internal/xni/parser/XMLDTDScanner
instanceKlass com/sun/org/apache/xerces/internal/xni/parser/XMLDTDContentModelSource
instanceKlass com/sun/org/apache/xerces/internal/xni/parser/XMLDTDSource
instanceKlass com/sun/org/apache/xerces/internal/xni/grammars/XMLDTDDescription
instanceKlass com/sun/org/apache/xerces/internal/xni/grammars/XMLGrammarDescription
instanceKlass com/sun/org/apache/xerces/internal/impl/XMLDocumentScannerImpl$TrailingMiscDriver
instanceKlass com/sun/org/apache/xerces/internal/impl/XMLDocumentScannerImpl$PrologDriver
instanceKlass com/sun/org/apache/xerces/internal/impl/XMLDocumentScannerImpl$XMLDeclDriver
instanceKlass com/sun/org/apache/xerces/internal/util/NamespaceSupport
instanceKlass com/sun/org/apache/xerces/internal/xni/NamespaceContext
instanceKlass com/sun/org/apache/xerces/internal/util/XMLAttributesImpl$Attribute
instanceKlass com/sun/org/apache/xerces/internal/util/XMLAttributesImpl
instanceKlass com/sun/org/apache/xerces/internal/xni/XMLAttributes
instanceKlass com/sun/org/apache/xerces/internal/impl/XMLDocumentFragmentScannerImpl$FragmentContentDriver
instanceKlass com/sun/org/apache/xerces/internal/impl/XMLDocumentFragmentScannerImpl$Driver
instanceKlass com/sun/org/apache/xerces/internal/impl/XMLDocumentFragmentScannerImpl$ElementStack2
instanceKlass com/sun/org/apache/xerces/internal/xni/QName
instanceKlass com/sun/org/apache/xerces/internal/impl/XMLDocumentFragmentScannerImpl$ElementStack
instanceKlass com/sun/org/apache/xerces/internal/xni/XMLString
instanceKlass com/sun/org/apache/xerces/internal/impl/XMLScanner
instanceKlass com/sun/xml/internal/stream/XMLBufferListener
instanceKlass com/sun/org/apache/xerces/internal/impl/XMLEntityHandler
instanceKlass com/sun/org/apache/xerces/internal/xni/parser/XMLDocumentScanner
instanceKlass com/sun/org/apache/xerces/internal/xni/parser/XMLDocumentSource
instanceKlass com/sun/org/apache/xerces/internal/impl/XMLErrorReporter
instanceKlass com/sun/org/apache/xerces/internal/impl/XMLEntityScanner
instanceKlass com/sun/org/apache/xerces/internal/xni/XMLLocator
instanceKlass com/sun/xml/internal/stream/XMLEntityStorage
instanceKlass com/sun/org/apache/xerces/internal/util/AugmentationsImpl$AugmentationsItemsContainer
instanceKlass com/sun/org/apache/xerces/internal/util/AugmentationsImpl
instanceKlass com/sun/org/apache/xerces/internal/xni/Augmentations
instanceKlass com/sun/org/apache/xerces/internal/util/XMLResourceIdentifierImpl
instanceKlass com/sun/org/apache/xerces/internal/xni/XMLResourceIdentifier
instanceKlass com/sun/org/apache/xerces/internal/impl/XMLEntityManager
instanceKlass com/sun/org/apache/xerces/internal/xni/parser/XMLEntityResolver
instanceKlass com/sun/org/apache/xerces/internal/xni/parser/XMLComponent
instanceKlass com/sun/org/apache/xerces/internal/util/SymbolTable$Entry
instanceKlass com/sun/org/apache/xerces/internal/util/SymbolTable
instanceKlass jdk/xml/internal/JdkConstants
instanceKlass  @bci javax/xml/catalog/CatalogFeatures setProperties (Ljavax/xml/catalog/CatalogFeatures$Builder;)V 5 <appendix> member <vmtarget> ; # javax/xml/catalog/CatalogFeatures$$Lambda+0x00000000230ea820
instanceKlass javax/xml/catalog/CatalogMessages
instanceKlass javax/xml/catalog/Util
instanceKlass javax/xml/catalog/CatalogFeatures$Builder
instanceKlass javax/xml/catalog/CatalogFeatures
instanceKlass jdk/xml/internal/JdkXmlUtils
instanceKlass com/sun/org/apache/xerces/internal/util/ParserConfigurationSettings
instanceKlass com/sun/org/apache/xerces/internal/parsers/XML11Configurable
instanceKlass com/sun/org/apache/xerces/internal/xni/parser/XMLPullParserConfiguration
instanceKlass com/sun/org/apache/xerces/internal/xni/parser/XMLParserConfiguration
instanceKlass com/sun/org/apache/xerces/internal/xni/parser/XMLComponentManager
instanceKlass com/sun/org/apache/xerces/internal/parsers/XMLParser
instanceKlass com/sun/org/apache/xerces/internal/xni/XMLDTDContentModelHandler
instanceKlass com/sun/org/apache/xerces/internal/xni/XMLDTDHandler
instanceKlass com/sun/org/apache/xerces/internal/xni/XMLDocumentHandler
instanceKlass org/xml/sax/XMLReader
instanceKlass org/xml/sax/Parser
instanceKlass javax/xml/parsers/SAXParser
instanceKlass com/sun/org/apache/xerces/internal/xs/PSVIProvider
instanceKlass com/sun/org/apache/xerces/internal/jaxp/JAXPConstants
instanceKlass  @bci javax/xml/parsers/FactoryFinder newInstance (Ljava/lang/Class;Ljava/lang/String;Ljava/lang/ClassLoader;ZZ)Ljava/lang/Object; 80 <appendix> member <vmtarget> ; # javax/xml/parsers/FactoryFinder$$Lambda+0x00000000230e7600
instanceKlass  @bci javax/xml/parsers/FactoryFinder find (Ljava/lang/Class;Ljava/lang/String;)Ljava/lang/Object; 93 <appendix> member <vmtarget> ; # javax/xml/parsers/FactoryFinder$$Lambda+0x00000000230e7160
instanceKlass  @bci java/lang/SecurityManager lambda$getClassContext$0 (Ljava/util/stream/Stream;)[Ljava/lang/Class; 17 <appendix> argL0 ; # java/lang/SecurityManager$$Lambda+0x00000000230e6c78
instanceKlass java/util/stream/SliceOps
instanceKlass  @bci java/lang/SecurityManager lambda$getClassContext$0 (Ljava/util/stream/Stream;)[Ljava/lang/Class; 1 <appendix> argL0 ; # java/lang/SecurityManager$$Lambda+0x00000000230e62d0
instanceKlass  @bci java/lang/SecurityManager getClassContext ()[Ljava/lang/Class; 3 <appendix> argL0 ; # java/lang/SecurityManager$$Lambda+0x00000000230e5e00
instanceKlass java/lang/SecurityManager$StackWalkerHolder
instanceKlass jdk/xml/internal/JdkXmlFeatures
instanceKlass jdk/xml/internal/FeaturePropertyBase
instanceKlass  @bci java/util/Collections$UnmodifiableMap$UnmodifiableEntrySet entryConsumer (Ljava/util/function/Consumer;)Ljava/util/function/Consumer; 1 <appendix> member <vmtarget> ; # java/util/Collections$UnmodifiableMap$UnmodifiableEntrySet$$Lambda+0x00000000230e3698
instanceKlass  @bci java/util/stream/Collectors uniqKeysMapMerger ()Ljava/util/function/BinaryOperator; 0 <appendix> argL0 ; # java/util/stream/Collectors$$Lambda+0x00000000230e3448
instanceKlass  @bci java/util/stream/Collectors uniqKeysMapAccumulator (Ljava/util/function/Function;Ljava/util/function/Function;)Ljava/util/function/BiConsumer; 2 <appendix> member <vmtarget> ; # java/util/stream/Collectors$$Lambda+0x00000000230e3208
instanceKlass  @bci java/util/stream/Collectors toMap (Ljava/util/function/Function;Ljava/util/function/Function;)Ljava/util/stream/Collector; 4 <appendix> argL0 ; # java/util/stream/Collectors$$Lambda+0x00000000230e2fe0
instanceKlass  @bci jdk/xml/internal/XMLSecurityManager$StringMapper <init> (Ljava/util/Map;)V 30 <appendix> argL0 ; # jdk/xml/internal/XMLSecurityManager$StringMapper$$Lambda+0x00000000230e2d98
instanceKlass  @bci jdk/xml/internal/XMLSecurityManager$StringMapper <init> (Ljava/util/Map;)V 25 <appendix> argL0 ; # jdk/xml/internal/XMLSecurityManager$StringMapper$$Lambda+0x00000000230e2b50
instanceKlass java/util/HashMap$HashMapSpliterator
instanceKlass java/util/Collections$UnmodifiableMap$UnmodifiableEntrySet$UnmodifiableEntrySetSpliterator
instanceKlass jdk/xml/internal/XMLSecurityManager$ValueMapper
instanceKlass jdk/xml/internal/XMLSecurityManager
instanceKlass jdk/xml/internal/JdkXmlConfig
instanceKlass jdk/xml/internal/SecuritySupport
instanceKlass  @bci javax/xml/parsers/FactoryFinder find (Ljava/lang/Class;Ljava/lang/String;)Ljava/lang/Object; 6 <appendix> member <vmtarget> ; # javax/xml/parsers/FactoryFinder$$Lambda+0x00000000230e1738
instanceKlass javax/xml/parsers/FactoryFinder
instanceKlass javax/xml/parsers/SAXParserFactory
instanceKlass org/xml/sax/helpers/DefaultHandler
instanceKlass org/xml/sax/ErrorHandler
instanceKlass org/xml/sax/ContentHandler
instanceKlass org/xml/sax/DTDHandler
instanceKlass org/xml/sax/EntityResolver
instanceKlass org/apache/felix/scr/impl/BundleComponentActivator
instanceKlass org/apache/felix/scr/impl/manager/ComponentActivator
instanceKlass org/apache/felix/scr/impl/manager/ExtendedServiceListenerContext
instanceKlass org/eclipse/core/internal/runtime/IAdapterFactoryExt
instanceKlass org/eclipse/core/internal/runtime/AdapterFactoryBridge$LazyAdapterFactory
instanceKlass org/eclipse/core/internal/runtime/AdapterFactoryBridge
instanceKlass org/eclipse/core/runtime/IAdapterFactory
instanceKlass org/eclipse/core/internal/runtime/TracingOptions$1
instanceKlass org/eclipse/core/internal/runtime/TracingOptions
instanceKlass java/util/AbstractMap$KeyIterator
instanceKlass org/osgi/service/url/URLStreamHandlerService
instanceKlass  @bci org/eclipse/core/runtime/ServiceCaller current ()Ljava/util/Optional; 4 <appendix> argL0 ; # org/eclipse/core/runtime/ServiceCaller$$Lambda+0x00000000230d9878
instanceKlass  @bci org/eclipse/core/runtime/ServiceCaller trackCurrent ()Ljava/util/Optional; 19 <appendix> member <vmtarget> ; # org/eclipse/core/runtime/ServiceCaller$$Lambda+0x00000000230d9628
instanceKlass  @bci org/eclipse/core/runtime/ServiceCaller getCurrent ()Ljava/util/Optional; 12 <appendix> member <vmtarget> ; # org/eclipse/core/runtime/ServiceCaller$$Lambda+0x00000000230d93d8
instanceKlass org/eclipse/core/runtime/ServiceCaller$ReferenceAndService
instanceKlass java/util/concurrent/ConcurrentLinkedQueue$Node
instanceKlass org/eclipse/core/internal/runtime/AdapterManager
instanceKlass org/eclipse/core/runtime/IAdapterManager
instanceKlass org/eclipse/core/internal/runtime/PlatformURLConverter
instanceKlass org/eclipse/core/internal/runtime/RuntimeLog
instanceKlass org/eclipse/core/runtime/IStatus
instanceKlass org/eclipse/core/internal/runtime/PlatformLogWriter
instanceKlass org/eclipse/osgi/internal/log/ExtendedLogReaderServiceImpl
instanceKlass  @bci org/eclipse/core/runtime/ServiceCaller <init> (Ljava/lang/Class;Ljava/lang/Class;Ljava/lang/String;)V 39 <appendix> argL0 ; # org/eclipse/core/runtime/ServiceCaller$$Lambda+0x00000000230d8000
instanceKlass  @bci org/osgi/framework/FrameworkUtil getBundle (Ljava/lang/Class;)Lorg/osgi/framework/Bundle; 26 <appendix> member <vmtarget> ; # org/osgi/framework/FrameworkUtil$$Lambda+0x00000000230d4478
instanceKlass  @bci org/osgi/framework/FrameworkUtil getBundle (Ljava/lang/Class;)Lorg/osgi/framework/Bundle; 17 <appendix> argL0 ; # org/osgi/framework/FrameworkUtil$$Lambda+0x00000000230d4230
instanceKlass  @bci org/osgi/framework/FrameworkUtil getBundle (Ljava/lang/Class;)Lorg/osgi/framework/Bundle; 1 <appendix> member <vmtarget> ; # org/osgi/framework/FrameworkUtil$$Lambda+0x00000000230d4000
instanceKlass  @bci org/eclipse/core/runtime/ServiceCaller <init> (Ljava/lang/Class;Ljava/lang/Class;Ljava/lang/String;)V 31 <appendix> argL0 ; # org/eclipse/core/runtime/ServiceCaller$$Lambda+0x00000000230d2cb8
instanceKlass org/eclipse/core/runtime/ServiceCaller
instanceKlass org/eclipse/core/internal/runtime/Activator
instanceKlass org/apache/felix/scr/impl/config/ScrMetaTypeProviderServiceFactory
instanceKlass org/apache/felix/scr/impl/config/ScrManagedServiceServiceFactory
instanceKlass org/apache/felix/scr/impl/ComponentCommands$2
instanceKlass org/apache/felix/scr/impl/ComponentCommands$1
instanceKlass java/lang/reflect/InvocationHandler
instanceKlass org/apache/felix/scr/impl/ComponentCommands
instanceKlass org/apache/felix/scr/impl/Activator$ScrExtension
instanceKlass org/apache/felix/scr/impl/runtime/ServiceComponentRuntimeImpl
instanceKlass org/apache/felix/scr/impl/manager/RegionConfigurationSupport
instanceKlass org/apache/felix/scr/impl/manager/ComponentHolder
instanceKlass org/apache/felix/scr/impl/ComponentRegistry
instanceKlass org/apache/felix/scr/impl/ComponentActorExecutor$1
instanceKlass org/apache/felix/scr/impl/logger/ScrLogManager$1
instanceKlass org/apache/felix/scr/impl/logger/LogManager$LogDomain
instanceKlass org/apache/felix/scr/impl/logger/LogManager$Lock
instanceKlass org/apache/felix/scr/impl/logger/LogManager$LoggerFacade
instanceKlass org/apache/felix/scr/impl/logger/BundleLogger
instanceKlass org/apache/felix/scr/impl/logger/ComponentLogger
instanceKlass org/apache/felix/scr/impl/logger/ScrLogger
instanceKlass org/apache/felix/scr/impl/logger/InternalLogger
instanceKlass org/apache/felix/scr/impl/logger/ScrLoggerFactory
instanceKlass org/osgi/service/component/ComponentContext
instanceKlass org/osgi/service/component/ComponentServiceObjects
instanceKlass org/apache/felix/scr/impl/inject/internal/ClassUtils
instanceKlass org/apache/felix/scr/impl/config/ScrConfigurationImpl
instanceKlass org/osgi/service/component/runtime/ServiceComponentRuntime
instanceKlass org/apache/felix/scr/impl/manager/ScrConfiguration
instanceKlass org/apache/felix/scr/impl/logger/LogConfiguration
instanceKlass org/apache/felix/scr/impl/AbstractExtender
instanceKlass org/eclipse/osgi/internal/loader/buddy/PolicyHandler
instanceKlass org/apache/aries/spifly/WeavingData
instanceKlass org/apache/aries/spifly/ConsumerRestriction
instanceKlass org/apache/aries/spifly/MethodRestriction
instanceKlass org/apache/aries/spifly/ArgRestrictions
instanceKlass org/apache/aries/spifly/BundleDescriptor
instanceKlass  @bci org/apache/aries/spifly/BaseActivator addConsumerWeavingData (Lorg/osgi/framework/Bundle;Ljava/lang/String;)V 177 <appendix> member <vmtarget> ; # org/apache/aries/spifly/BaseActivator$$Lambda+0x00000000230ca880
instanceKlass  @bci org/apache/aries/spifly/BaseActivator addConsumerWeavingData (Lorg/osgi/framework/Bundle;Ljava/lang/String;)V 161 <appendix> member <vmtarget> ; # org/apache/aries/spifly/BaseActivator$$Lambda+0x00000000230ca620
instanceKlass  @bci org/apache/aries/spifly/BaseActivator addConsumerWeavingData (Lorg/osgi/framework/Bundle;Ljava/lang/String;)V 149 <appendix> argL0 ; # org/apache/aries/spifly/BaseActivator$$Lambda+0x00000000230ca3f8
instanceKlass  @bci org/apache/aries/spifly/BaseActivator addConsumerWeavingData (Lorg/osgi/framework/Bundle;Ljava/lang/String;)V 141 <appendix> argL0 ; # org/apache/aries/spifly/BaseActivator$$Lambda+0x00000000230ca1b0
instanceKlass org/apache/aries/spifly/ConsumerBundleTrackerCustomizer
instanceKlass java/time/LocalTime$1
instanceKlass sun/util/locale/provider/LocaleResources
instanceKlass java/text/DecimalFormatSymbols
instanceKlass sun/util/resources/Bundles$CacheKeyReference
instanceKlass  @bci sun/util/cldr/CLDRLocaleProviderAdapter applyAliases (Ljava/util/Locale;)Ljava/util/Locale; 4 <appendix> argL0 ; # sun/util/cldr/CLDRLocaleProviderAdapter$$Lambda+0x80000005a
instanceKlass sun/util/resources/LocaleData$LocaleDataResourceBundleProvider
instanceKlass java/util/spi/ResourceBundleProvider
instanceKlass sun/util/resources/Bundles$CacheKey
instanceKlass sun/util/resources/Bundles
instanceKlass sun/util/resources/LocaleData$LocaleDataStrategy
instanceKlass sun/util/resources/Bundles$Strategy
instanceKlass sun/util/resources/LocaleData
instanceKlass java/util/Locale$Builder
instanceKlass sun/util/locale/provider/CalendarDataUtility
instanceKlass sun/util/locale/provider/AvailableLanguageTags
instanceKlass sun/util/resources/cldr/provider/CLDRLocaleDataMetaInfo
instanceKlass jdk/internal/module/ModulePatcher$PatchedModuleReader
instanceKlass sun/util/locale/InternalLocaleBuilder$CaseInsensitiveChar
instanceKlass sun/util/locale/InternalLocaleBuilder
instanceKlass sun/util/locale/StringTokenIterator
instanceKlass java/text/ParsePosition
instanceKlass sun/util/cldr/CLDRBaseLocaleDataMetaInfo
instanceKlass sun/util/locale/provider/LocaleDataMetaInfo
instanceKlass sun/util/locale/provider/ResourceBundleBasedAdapter
instanceKlass sun/util/locale/provider/LocaleProviderAdapter
instanceKlass java/util/spi/LocaleServiceProvider
instanceKlass java/text/DateFormatSymbols
instanceKlass java/time/ZonedDateTime$1
instanceKlass java/util/Calendar
instanceKlass java/util/Formatter$DateTime
instanceKlass java/util/Formatter$FormatSpecifierParser
instanceKlass java/util/ResourceBundle$ResourceBundleProviderHelper
instanceKlass  @bci java/util/ResourceBundle$Control getCandidateLocales (Ljava/lang/String;Ljava/util/Locale;)Ljava/util/List; 23 <appendix> argL0 ; # java/util/ResourceBundle$Control$$Lambda+0x80000001d
instanceKlass java/util/ResourceBundle$CacheKeyReference
instanceKlass java/util/ResourceBundle$CacheKey
instanceKlass  @bci java/util/ResourceBundle$Control <clinit> ()V 39 <appendix> argL0 ; # java/util/ResourceBundle$Control$$Lambda+0x80000001e
instanceKlass java/util/ResourceBundle$Control
instanceKlass java/util/logging/Level$RbAccess
instanceKlass  @bci java/util/logging/LogRecord inferCaller ()V 18 <appendix> member <vmtarget> ; # java/util/logging/LogRecord$$Lambda+0x000000002307dc50
instanceKlass java/lang/StackStreamFactory$FrameBuffer
instanceKlass java/lang/StackStreamFactory
instanceKlass  @bci java/util/logging/LogRecord$CallerFinder get ()Ljava/util/Optional; 4 <appendix> member <vmtarget> ; # java/util/logging/LogRecord$CallerFinder$$Lambda+0x000000002307c408
instanceKlass java/util/logging/LogRecord$CallerFinder
instanceKlass  @bci java/time/format/DateTimeFormatter <clinit> ()V 1075 <appendix> argL0 ; # java/time/format/DateTimeFormatter$$Lambda+0x80000001b
instanceKlass  @bci java/time/format/DateTimeFormatter <clinit> ()V 1067 <appendix> argL0 ; # java/time/format/DateTimeFormatter$$Lambda+0x80000001a
instanceKlass java/time/Period
instanceKlass java/time/chrono/ChronoPeriod
instanceKlass java/time/format/DateTimeFormatterBuilder$TextPrinterParser
instanceKlass java/time/format/DateTimeTextProvider$1
instanceKlass java/time/format/DateTimeTextProvider
instanceKlass java/time/format/DateTimeTextProvider$LocaleStore
instanceKlass java/time/format/DateTimeFormatterBuilder$InstantPrinterParser
instanceKlass java/time/format/DateTimeFormatterBuilder$StringLiteralPrinterParser
instanceKlass java/time/format/DateTimeFormatterBuilder$ZoneIdPrinterParser
instanceKlass java/time/format/DateTimeFormatterBuilder$OffsetIdPrinterParser
instanceKlass java/time/format/DecimalStyle
instanceKlass java/time/format/DateTimeFormatterBuilder$CharLiteralPrinterParser
instanceKlass java/time/format/DateTimeFormatter
instanceKlass java/time/format/DateTimeFormatterBuilder$CompositePrinterParser
instanceKlass java/time/format/DateTimeFormatterBuilder$NumberPrinterParser
instanceKlass java/time/format/DateTimeFormatterBuilder$DateTimePrinterParser
instanceKlass java/time/temporal/JulianFields
instanceKlass java/time/temporal/IsoFields
instanceKlass  @bci java/time/format/DateTimeFormatterBuilder <clinit> ()V 0 <appendix> argL0 ; # java/time/format/DateTimeFormatterBuilder$$Lambda+0x80000001c
instanceKlass java/time/temporal/TemporalQuery
instanceKlass java/time/format/DateTimeFormatterBuilder
instanceKlass java/time/Year
instanceKlass java/time/chrono/AbstractChronology
instanceKlass java/time/chrono/Chronology
instanceKlass java/time/LocalDate$1
instanceKlass  @bci java/time/temporal/TemporalAdjusters nextOrSame (Ljava/time/DayOfWeek;)Ljava/time/temporal/TemporalAdjuster; 6 <appendix> member <vmtarget> ; # java/time/temporal/TemporalAdjusters$$Lambda+0x000000002307acb0
instanceKlass  @cpi org/eclipse/jdt/ls/core/internal/handlers/JsonRpcHelpers 256 form vmentry <vmtarget> ; # java/lang/invoke/LambdaForm$DMH+0x00000000230cd000
instanceKlass java/time/temporal/TemporalAdjusters
instanceKlass java/time/zone/Ser
instanceKlass java/io/Externalizable
instanceKlass java/time/zone/ZoneRulesProvider
instanceKlass sun/util/calendar/ZoneInfoFile$ZoneOffsetTransitionRule
instanceKlass sun/util/calendar/ZoneInfoFile
instanceKlass java/util/TimeZone
instanceKlass java/util/logging/LogManager$CloseOnReset
instanceKlass java/util/logging/ErrorManager
instanceKlass jdk/internal/logger/SimpleConsoleLogger$Formatting
instanceKlass  @bci java/util/logging/SimpleFormatter <init> ()V 5 <appendix> argL0 ; # java/util/logging/SimpleFormatter$$Lambda+0x0000000023078990
instanceKlass java/util/logging/Formatter
instanceKlass java/time/Clock
instanceKlass java/time/InstantSource
instanceKlass java/util/logging/LogRecord
instanceKlass org/apache/aries/spifly/ProviderServiceFactory
instanceKlass ch/qos/logback/classic/spi/LogbackServiceProvider
instanceKlass org/slf4j/spi/SLF4JServiceProvider
instanceKlass  @bci java/util/zip/ZipFile$Source initCEN (ILjava/util/zip/ZipCoder;)V 507 <appendix> argL0 ; # java/util/zip/ZipFile$Source$$Lambda+0x00000000230778b8
instanceKlass org/eclipse/osgi/internal/framework/EquinoxBundle$ResolvedModuleClassLoader
instanceKlass org/eclipse/osgi/internal/framework/EquinoxBundle$1
instanceKlass org/apache/aries/spifly/ProviderBundleTrackerCustomizer$ServiceDetails
instanceKlass org/eclipse/osgi/storage/bundlefile/ZipBundleFile$1
instanceKlass  @bci org/eclipse/osgi/storage/bundlefile/ZipBundleFile getPaths ()Ljava/lang/Iterable; 1 <appendix> member <vmtarget> ; # org/eclipse/osgi/storage/bundlefile/ZipBundleFile$$Lambda+0x00000000230c6ff0
instanceKlass  @bci org/apache/aries/spifly/BaseActivator registerProviderBundle (Ljava/lang/String;Lorg/osgi/framework/Bundle;Ljava/util/Map;)V 33 <appendix> member <vmtarget> ; # org/apache/aries/spifly/BaseActivator$$Lambda+0x00000000230c98a0
instanceKlass org/apache/aries/spifly/Pair
instanceKlass  @bci org/apache/aries/spifly/BaseActivator registerProviderBundle (Ljava/lang/String;Lorg/osgi/framework/Bundle;Ljava/util/Map;)V 5 <appendix> argL0 ; # org/apache/aries/spifly/BaseActivator$$Lambda+0x00000000230c9430
instanceKlass  @bci org/eclipse/osgi/internal/framework/FilterImpl$Equal compare_Version (Lorg/osgi/framework/Version;)Z 3 <appendix> argL0 ; # org/eclipse/osgi/internal/framework/FilterImpl$Equal$$Lambda+0x00000000230c6da8
instanceKlass  @bci org/osgi/framework/FrameworkUtil <clinit> ()V 27 <appendix> member <vmtarget> ; # org/osgi/framework/FrameworkUtil$$Lambda+0x00000000230c6b68
instanceKlass org/osgi/framework/connect/FrameworkUtilHelper
instanceKlass  @bci org/osgi/framework/FrameworkUtil <clinit> ()V 8 <appendix> argL0 ; # org/osgi/framework/FrameworkUtil$$Lambda+0x00000000230c6940
instanceKlass org/osgi/framework/FrameworkUtil
instanceKlass  @bci org/eclipse/jdt/internal/compiler/lookup/ReferenceBinding collateFunctionalInterfaceContracts (Lorg/eclipse/jdt/internal/compiler/lookup/Scope;ZLjava/util/Set;)Ljava/util/stream/Stream; 47 <adapter> ; # java/lang/invoke/LambdaForm$MH+0x00000000230cc800
instanceKlass  @bci org/eclipse/jdt/internal/compiler/lookup/ReferenceBinding collateFunctionalInterfaceContracts (Lorg/eclipse/jdt/internal/compiler/lookup/Scope;ZLjava/util/Set;)Ljava/util/stream/Stream; 47 <appendix> form vmentry <vmtarget> ; # java/lang/invoke/LambdaForm$DMH+0x00000000230cc400
instanceKlass  @bci aQute/bnd/header/Attrs mergeWith (LaQute/bnd/header/Attrs;Z)V 4 <appendix> member <vmtarget> ; # aQute/bnd/header/Attrs$$Lambda+0x00000000230c91f0
instanceKlass  @cpi aQute/bnd/header/Attrs 639 form vmentry <vmtarget> ; # java/lang/invoke/LambdaForm$DMH+0x00000000230cc000
instanceKlass  @bci org/apache/aries/spifly/ProviderBundleTrackerCustomizer getFromAutoProviderProperty (Lorg/osgi/framework/Bundle;Ljava/util/Map;)Ljava/util/Map$Entry; 58 <appendix> argL0 ; # org/apache/aries/spifly/ProviderBundleTrackerCustomizer$$Lambda+0x00000000230c8fc8
instanceKlass  @bci org/apache/aries/spifly/ProviderBundleTrackerCustomizer getFromAutoProviderProperty (Lorg/osgi/framework/Bundle;Ljava/util/Map;)Ljava/util/Map$Entry; 50 <appendix> member <vmtarget> ; # org/apache/aries/spifly/ProviderBundleTrackerCustomizer$$Lambda+0x00000000230c8d78
instanceKlass java/util/AbstractMap$SimpleImmutableEntry
instanceKlass  @bci aQute/bnd/stream/EntryPipeline values ()Ljava/util/stream/Stream; 4 <appendix> argL0 ; # aQute/bnd/stream/EntryPipeline$$Lambda+0x00000000230c8b30
instanceKlass  @bci aQute/bnd/stream/EntryPipeline filterKey (Ljava/util/function/Predicate;)LaQute/bnd/stream/MapStream; 14 <appendix> member <vmtarget> ; # aQute/bnd/stream/EntryPipeline$$Lambda+0x00000000230c88d0
instanceKlass  @bci org/apache/aries/spifly/ProviderBundleTrackerCustomizer getFromAutoProviderProperty (Lorg/osgi/framework/Bundle;Ljava/util/Map;)Ljava/util/Map$Entry; 27 <appendix> member <vmtarget> ; # org/apache/aries/spifly/ProviderBundleTrackerCustomizer$$Lambda+0x00000000230c8670
instanceKlass aQute/bnd/stream/EntryPipeline
instanceKlass  @bci org/apache/aries/spifly/ProviderBundleTrackerCustomizer getFromAutoProviderProperty (Lorg/osgi/framework/Bundle;Ljava/util/Map;)Ljava/util/Map$Entry; 15 <appendix> argL0 ; # org/apache/aries/spifly/ProviderBundleTrackerCustomizer$$Lambda+0x00000000230c8000
instanceKlass  @bci org/apache/aries/spifly/ProviderBundleTrackerCustomizer getFromAutoProviderProperty (Lorg/osgi/framework/Bundle;Ljava/util/Map;)Ljava/util/Map$Entry; 7 <appendix> argL0 ; # org/apache/aries/spifly/ProviderBundleTrackerCustomizer$$Lambda+0x00000000230c0c10
instanceKlass aQute/bnd/stream/MapStream
instanceKlass org/apache/aries/spifly/SpiFlyConstants
instanceKlass org/apache/aries/spifly/ConsumerHeaderProcessor
instanceKlass  @bci aQute/bnd/header/OSGiHeader parseHeader (Ljava/lang/String;LaQute/service/reporter/Reporter;LaQute/bnd/header/Parameters;)LaQute/bnd/header/Parameters; 437 <appendix> member <vmtarget> ; # aQute/bnd/header/OSGiHeader$$Lambda+0x00000000230c3c90
instanceKlass  @bci aQute/bnd/header/Attrs <clinit> ()V 72 <appendix> argL0 ; # aQute/bnd/header/Attrs$$Lambda+0x00000000230c3a68
instanceKlass  @bci aQute/bnd/header/Attrs <clinit> ()V 64 <appendix> argL0 ; # aQute/bnd/header/Attrs$$Lambda+0x00000000230c3840
instanceKlass  @bci aQute/bnd/header/Attrs <clinit> ()V 56 <appendix> argL0 ; # aQute/bnd/header/Attrs$$Lambda+0x00000000230c3618
instanceKlass  @bci aQute/bnd/header/Attrs <clinit> ()V 48 <appendix> argL0 ; # aQute/bnd/header/Attrs$$Lambda+0x00000000230c33f0
instanceKlass  @bci aQute/bnd/header/Attrs <clinit> ()V 40 <appendix> argL0 ; # aQute/bnd/header/Attrs$$Lambda+0x00000000230c31c8
instanceKlass  @bci aQute/bnd/header/Attrs <clinit> ()V 32 <appendix> argL0 ; # aQute/bnd/header/Attrs$$Lambda+0x00000000230c2fa0
instanceKlass  @bci aQute/bnd/header/Attrs <clinit> ()V 24 <appendix> argL0 ; # aQute/bnd/header/Attrs$$Lambda+0x00000000230c2d78
instanceKlass  @bci aQute/bnd/header/Attrs <clinit> ()V 16 <appendix> argL0 ; # aQute/bnd/header/Attrs$$Lambda+0x00000000230c2b50
instanceKlass aQute/bnd/header/Attrs$DataType
instanceKlass aQute/bnd/header/Attrs
instanceKlass aQute/libg/qtokens/QuotedTokenizer
instanceKlass  @bci java/util/regex/Pattern union (Ljava/util/regex/Pattern$CharPredicate;Ljava/util/regex/Pattern$CharPredicate;Z)Ljava/util/regex/Pattern$CharPredicate; 6 <appendix> member <vmtarget> ; # java/util/regex/Pattern$$Lambda+0x800000030
instanceKlass  @bci java/util/regex/CharPredicates ASCII_WORD ()Ljava/util/regex/Pattern$BmpCharPredicate; 0 <appendix> argL0 ; # java/util/regex/CharPredicates$$Lambda+0x0000000023077070
instanceKlass aQute/bnd/header/OSGiHeader
instanceKlass org/eclipse/osgi/framework/util/CaseInsensitiveDictionaryMap$CaseInsentiveEntry
instanceKlass org/eclipse/osgi/framework/util/CaseInsensitiveDictionaryMap$EntryIterator
instanceKlass org/eclipse/osgi/framework/util/CaseInsensitiveDictionaryMap$KeyIterator
instanceKlass java/util/ResourceBundle$1
instanceKlass jdk/internal/access/JavaUtilResourceBundleAccess
instanceKlass java/util/ResourceBundle
instanceKlass  @bci org/eclipse/osgi/storage/Storage lambda$7 (Ljava/util/List;Ljava/lang/String;)Ljava/util/stream/Stream; 7 <appendix> member <vmtarget> ; # org/eclipse/osgi/storage/Storage$$Lambda+0x00000000230c44b0
instanceKlass org/eclipse/osgi/internal/container/InternalUtils$1
instanceKlass  @bci org/eclipse/osgi/storage/Storage findEntries (Ljava/util/List;Ljava/lang/String;Ljava/lang/String;I)Ljava/util/Enumeration; 101 <appendix> argL0 ; # org/eclipse/osgi/storage/Storage$$Lambda+0x00000000230c4000
instanceKlass  @bci org/eclipse/osgi/storage/Storage findEntries (Ljava/util/List;Ljava/lang/String;Ljava/lang/String;I)Ljava/util/Enumeration; 91 <appendix> member <vmtarget> ; # org/eclipse/osgi/storage/Storage$$Lambda+0x00000000230bfb80
instanceKlass org/eclipse/osgi/storage/ManifestLocalization$BundleResourceBundle
instanceKlass org/eclipse/osgi/storage/ManifestLocalization
instanceKlass org/apache/aries/spifly/ProviderBundleTrackerCustomizer
instanceKlass org/osgi/util/tracker/BundleTracker
instanceKlass  @bci org/apache/aries/spifly/BaseActivator start (Lorg/osgi/framework/BundleContext;Ljava/lang/String;)V 46 <appendix> argL0 ; # org/apache/aries/spifly/BaseActivator$$Lambda+0x00000000230c1678
instanceKlass  @bci org/apache/aries/spifly/BaseActivator start (Lorg/osgi/framework/BundleContext;Ljava/lang/String;)V 20 <appendix> argL0 ; # org/apache/aries/spifly/BaseActivator$$Lambda+0x00000000230c1430
instanceKlass aQute/bnd/header/Parameters
instanceKlass java/util/AbstractList$Itr
instanceKlass  @bci org/eclipse/osgi/internal/weaving/WovenClassImpl notifyWovenClassListeners ()V 1 <appendix> member <vmtarget> ; # org/eclipse/osgi/internal/weaving/WovenClassImpl$$Lambda+0x00000000230bf1b8
instanceKlass  @bci org/eclipse/osgi/internal/serviceregistry/ServiceRegistrationImpl$FrameworkHookRegistration getSafeService (Lorg/eclipse/osgi/internal/framework/BundleContextImpl;Lorg/eclipse/osgi/internal/serviceregistry/ServiceConsumer;)Ljava/lang/Object; 17 <appendix> member <vmtarget> ; # org/eclipse/osgi/internal/serviceregistry/ServiceRegistrationImpl$FrameworkHookRegistration$$Lambda+0x00000000230bef58
instanceKlass org/apache/aries/spifly/Util
instanceKlass org/objectweb/asm/Opcodes
instanceKlass org/objectweb/asm/ClassVisitor
instanceKlass org/apache/aries/spifly/dynamic/ClientWeavingHook
instanceKlass java/util/logging/Logger$SystemLoggerHelper
instanceKlass jdk/internal/logger/BootstrapLogger$BootstrapExecutors
instanceKlass jdk/internal/logger/LoggerFinderLoader
instanceKlass java/util/stream/ReferencePipeline$7$1FlatMap
instanceKlass  @bci java/util/logging/Level$KnownLevel findByName (Ljava/lang/String;Ljava/util/function/Function;)Ljava/util/Optional; 29 <appendix> argL0 ; # java/util/logging/Level$KnownLevel$$Lambda+0x800000022
instanceKlass  @bci java/util/logging/Level findLevel (Ljava/lang/String;)Ljava/util/logging/Level; 13 <appendix> argL0 ; # java/util/logging/Level$$Lambda+0x80000001f
instanceKlass java/util/logging/LogManager$VisitedLoggers
instanceKlass java/nio/file/Paths
instanceKlass java/util/logging/LogManager$LoggingProviderAccess
instanceKlass java/util/logging/LogManager$LogNode
instanceKlass java/util/logging/LogManager$LoggerContext
instanceKlass java/util/logging/LogManager
instanceKlass java/util/logging/Logger$ConfigurationData
instanceKlass java/util/logging/Logger$LoggerBundle
instanceKlass  @bci java/util/logging/Level$KnownLevel add (Ljava/util/logging/Level;)V 49 <appendix> argL0 ; # java/util/logging/Level$KnownLevel$$Lambda+0x800000021
instanceKlass  @bci java/util/logging/Level$KnownLevel add (Ljava/util/logging/Level;)V 19 <appendix> argL0 ; # java/util/logging/Level$KnownLevel$$Lambda+0x800000020
instanceKlass java/util/logging/Level
instanceKlass java/util/logging/Handler
instanceKlass java/util/logging/Logger
instanceKlass org/osgi/util/tracker/BundleTrackerCustomizer
instanceKlass org/eclipse/osgi/internal/loader/ModuleClassLoader$DefineClassResult
instanceKlass org/apache/aries/spifly/BaseActivator
instanceKlass org/eclipse/osgi/internal/weaving/WeavingHookConfigurator$WovenClassContext
instanceKlass org/eclipse/osgi/internal/weaving/WovenClassImpl
instanceKlass org/osgi/framework/hooks/weaving/WovenClass
instanceKlass org/eclipse/osgi/internal/loader/classpath/ClasspathManager$DefineContext
instanceKlass org/eclipse/osgi/internal/loader/BundleLoader$3
instanceKlass org/eclipse/osgi/container/ModuleContainer$ContainerStartLevel$2
# instanceKlass java/lang/invoke/LambdaForm$MH+0x00000000230bc400
# instanceKlass java/lang/invoke/LambdaForm$MH+0x00000000230bc000
instanceKlass org/eclipse/osgi/internal/framework/EquinoxContainerAdaptor$1$1
instanceKlass org/osgi/dto/DTO
instanceKlass org/eclipse/osgi/framework/eventmgr/EventManager$EventThread$Queued
instanceKlass  @bci org/eclipse/osgi/framework/eventmgr/EventManager getEventThread ()Lorg/eclipse/osgi/framework/eventmgr/EventManager$EventThread; 24 <appendix> member <vmtarget> ; # org/eclipse/osgi/framework/eventmgr/EventManager$$Lambda+0x00000000230b9368
instanceKlass  @bci org/eclipse/osgi/internal/framework/EquinoxEventPublisher notifyEventHooksPrivileged (Lorg/osgi/framework/BundleEvent;Ljava/util/Collection;)V 98 <appendix> member <vmtarget> ; # org/eclipse/osgi/internal/framework/EquinoxEventPublisher$$Lambda+0x00000000230b8dc0
instanceKlass  @bci org/eclipse/osgi/internal/framework/BundleContextImpl notifyFindHooksPriviledged (Lorg/eclipse/osgi/internal/framework/BundleContextImpl;Ljava/util/Collection;)V 73 <appendix> member <vmtarget> ; # org/eclipse/osgi/internal/framework/BundleContextImpl$$Lambda+0x00000000230b8530
instanceKlass org/eclipse/osgi/framework/util/FilePath
instanceKlass org/eclipse/core/runtime/internal/adaptor/ConsoleManager
instanceKlass org/eclipse/core/runtime/internal/adaptor/DefaultStartupMonitor
instanceKlass org/eclipse/osgi/service/runnable/StartupMonitor
instanceKlass java/lang/Thread$Builder$OfVirtual
instanceKlass java/lang/Thread$Builder$OfPlatform
instanceKlass java/lang/Thread$Builder
instanceKlass org/eclipse/osgi/internal/serviceregistry/ServiceFactoryUse$1
instanceKlass java/util/LinkedList$ListItr
instanceKlass java/util/LinkedList$Node
instanceKlass org/eclipse/osgi/service/resolver/BundleDescription
instanceKlass org/eclipse/osgi/service/resolver/GenericDescription
instanceKlass org/eclipse/osgi/service/resolver/BundleSpecification
instanceKlass org/eclipse/osgi/service/resolver/GenericSpecification
instanceKlass org/eclipse/osgi/service/resolver/HostSpecification
instanceKlass org/eclipse/osgi/service/resolver/NativeCodeSpecification
instanceKlass org/eclipse/osgi/service/resolver/ExportPackageDescription
instanceKlass org/eclipse/osgi/service/resolver/ImportPackageSpecification
instanceKlass org/eclipse/osgi/service/resolver/VersionConstraint
instanceKlass org/eclipse/osgi/service/resolver/NativeCodeDescription
instanceKlass org/eclipse/osgi/service/resolver/BaseDescription
instanceKlass org/eclipse/osgi/internal/resolver/StateImpl
instanceKlass org/eclipse/osgi/internal/resolver/StateObjectFactoryImpl
instanceKlass org/eclipse/osgi/service/resolver/Resolver
instanceKlass org/eclipse/osgi/service/resolver/State
instanceKlass org/eclipse/osgi/service/resolver/StateObjectFactory
instanceKlass org/eclipse/osgi/compatibility/state/PlatformAdminImpl
instanceKlass org/eclipse/osgi/service/resolver/PlatformAdmin
instanceKlass org/eclipse/osgi/compatibility/state/Activator
instanceKlass org/eclipse/osgi/internal/serviceregistry/ServiceConsumer$2
instanceKlass org/eclipse/osgi/internal/serviceregistry/ServiceConsumer$1
instanceKlass org/eclipse/osgi/internal/serviceregistry/ServiceConsumer
instanceKlass org/eclipse/osgi/service/security/TrustEngine
instanceKlass org/eclipse/osgi/internal/signedcontent/SignedContentConstants
instanceKlass org/eclipse/osgi/internal/signedcontent/SignedBundleHook$1
instanceKlass org/eclipse/osgi/internal/framework/XMLParsingServiceFactory
instanceKlass org/eclipse/osgi/storage/BundleLocalizationImpl
instanceKlass org/eclipse/osgi/service/localization/BundleLocalization
instanceKlass org/eclipse/osgi/storage/url/BundleURLConverter
instanceKlass org/eclipse/osgi/service/urlconversion/URLConverter
instanceKlass org/apache/felix/resolver/Logger
instanceKlass org/apache/felix/resolver/ResolutionError
instanceKlass org/apache/felix/resolver/ResolverImpl
instanceKlass org/osgi/service/resolver/Resolver
instanceKlass org/eclipse/osgi/internal/framework/legacy/StartLevelImpl
instanceKlass org/eclipse/osgi/internal/framework/legacy/PackageAdminImpl
instanceKlass org/osgi/service/condition/ConditionImpl
instanceKlass org/osgi/service/condition/Condition
instanceKlass  @bci org/eclipse/equinox/plurl/impl/PlurlImpl add (Ljava/net/ContentHandlerFactory;)V 13 <appendix> argL0 ; # org/eclipse/equinox/plurl/impl/PlurlImpl$$Lambda+0x00000000230b2918
instanceKlass  @bci org/eclipse/equinox/plurl/impl/PlurlImpl$5 getContent ()Ljava/util/function/Consumer; 155 <appendix> member <vmtarget> ; # org/eclipse/equinox/plurl/impl/PlurlImpl$5$$Lambda+0x00000000230b2470
instanceKlass  @bci org/eclipse/equinox/plurl/impl/PlurlImpl add (Ljava/net/URLStreamHandlerFactory;)V 13 <appendix> argL0 ; # org/eclipse/equinox/plurl/impl/PlurlImpl$$Lambda+0x00000000230b2218
instanceKlass org/eclipse/equinox/plurl/impl/PlurlImpl$PlurlFactoryHolder
instanceKlass  @bci org/eclipse/equinox/plurl/impl/PlurlImpl$5 getContent ()Ljava/util/function/Consumer; 141 <appendix> member <vmtarget> ; # org/eclipse/equinox/plurl/impl/PlurlImpl$5$$Lambda+0x00000000230b1d70
instanceKlass org/eclipse/osgi/internal/url/ContentHandlerFactoryImpl
instanceKlass org/eclipse/osgi/internal/url/URLStreamHandlerFactoryImpl
instanceKlass org/eclipse/equinox/plurl/impl/PlurlImpl$PlurlContentHandlerFactory
instanceKlass org/eclipse/equinox/plurl/impl/PlurlImpl$LegacyFactory
# instanceKlass java/lang/invoke/LambdaForm$MH+0x00000000230b4400
# instanceKlass java/lang/invoke/LambdaForm$MH+0x00000000230b4000
instanceKlass org/eclipse/equinox/plurl/impl/StackWalkerCallStack
instanceKlass org/eclipse/equinox/plurl/impl/URLToHandler
instanceKlass java/net/UrlDeserializedState
instanceKlass java/net/InetAddress
instanceKlass org/eclipse/equinox/plurl/impl/CallStack
instanceKlass java/net/ContentHandler
instanceKlass org/eclipse/equinox/plurl/PlurlStreamHandler$PlurlSetter
instanceKlass org/eclipse/equinox/plurl/impl/PlurlImpl
instanceKlass org/eclipse/osgi/internal/log/ConfigAdminListener
instanceKlass  @bci org/eclipse/jdt/ls/core/internal/handlers/DocumentSymbolHandler getHierarchicalOutline (Lorg/eclipse/jdt/core/ITypeRoot;Lorg/eclipse/core/runtime/IProgressMonitor;Z)Ljava/util/List; 149 <adapter> ; # java/lang/invoke/LambdaForm$MH+0x00000000230a9400
# instanceKlass java/lang/invoke/LambdaForm$DMH+0x00000000230a9000
instanceKlass  @bci org/eclipse/jdt/ls/core/internal/handlers/DocumentSymbolHandler getHierarchicalOutline (Lorg/eclipse/jdt/core/ITypeRoot;Lorg/eclipse/core/runtime/IProgressMonitor;Z)Ljava/util/List; 149 <appendix> form vmentry <vmtarget> ; # java/lang/invoke/LambdaForm$DMH+0x00000000230a8c00
instanceKlass  @bci org/eclipse/osgi/internal/serviceregistry/ServiceRegistry notifyFindHooksPrivileged (Lorg/eclipse/osgi/internal/framework/BundleContextImpl;Ljava/lang/String;Ljava/lang/String;ZLjava/util/Collection;)V 101 <appendix> member <vmtarget> ; # org/eclipse/osgi/internal/serviceregistry/ServiceRegistry$$Lambda+0x00000000230ab8b8
instanceKlass  @cpi org/eclipse/osgi/internal/serviceregistry/ServiceRegistry 1105 form vmentry <vmtarget> ; # java/lang/invoke/LambdaForm$DMH+0x00000000230a8800
instanceKlass org/eclipse/osgi/internal/serviceregistry/ShrinkableCollection
instanceKlass org/eclipse/osgi/internal/framework/FilterImpl$Parser
instanceKlass org/eclipse/osgi/internal/framework/FilterImpl
instanceKlass org/osgi/util/tracker/AbstractTracked
instanceKlass org/osgi/util/tracker/ServiceTracker
instanceKlass org/eclipse/osgi/internal/log/EventAdminAdapter
instanceKlass org/eclipse/osgi/internal/serviceregistry/ServiceRegistry$2
instanceKlass org/eclipse/osgi/framework/eventmgr/CopyOnWriteIdentityMap$Snapshot$SnapshotIterator
instanceKlass org/eclipse/osgi/framework/eventmgr/ListenerQueue
instanceKlass  @bci org/eclipse/osgi/internal/serviceregistry/ServiceRegistry notifyEventListenerHooksPrivileged (Lorg/osgi/framework/ServiceEvent;Ljava/util/Map;)V 77 <appendix> member <vmtarget> ; # org/eclipse/osgi/internal/serviceregistry/ServiceRegistry$$Lambda+0x00000000230ae0a0
instanceKlass  @bci org/eclipse/osgi/internal/serviceregistry/ServiceRegistry notifyEventHooksPrivileged (Lorg/osgi/framework/ServiceEvent;Ljava/util/Collection;)V 77 <appendix> member <vmtarget> ; # org/eclipse/osgi/internal/serviceregistry/ServiceRegistry$$Lambda+0x00000000230adaa8
instanceKlass org/eclipse/osgi/framework/eventmgr/CopyOnWriteIdentityMap$Snapshot
instanceKlass org/osgi/framework/PrototypeServiceFactory
instanceKlass org/eclipse/osgi/framework/util/CaseInsensitiveDictionaryMap$CaseInsensitiveKey
instanceKlass org/eclipse/osgi/internal/serviceregistry/ServiceReferenceImpl
instanceKlass org/eclipse/osgi/internal/serviceregistry/ServiceUse
instanceKlass  @bci org/eclipse/core/internal/resources/Workspace countResources (Lorg/eclipse/core/runtime/IPath;IZ)I 61 <appendix> form vmentry <vmtarget> ; # java/lang/invoke/LambdaForm$DMH+0x00000000230a8400
instanceKlass  @bci org/eclipse/osgi/internal/serviceregistry/ServiceRegistry notifyListenerHooksPrivileged (Ljava/util/Collection;Z)V 106 <appendix> member <vmtarget> ; # org/eclipse/osgi/internal/serviceregistry/ServiceRegistry$$Lambda+0x00000000230a3250
instanceKlass  @cpi org/eclipse/osgi/internal/serviceregistry/ServiceRegistry 1128 form vmentry <vmtarget> ; # java/lang/invoke/LambdaForm$DMH+0x00000000230a8000
instanceKlass org/eclipse/osgi/internal/serviceregistry/HookContext
instanceKlass org/osgi/framework/UnfilteredServiceListener
instanceKlass org/eclipse/osgi/internal/serviceregistry/FilteredServiceListener
instanceKlass org/osgi/framework/hooks/service/ListenerHook$ListenerInfo
instanceKlass org/eclipse/osgi/framework/eventmgr/CopyOnWriteIdentityMap$Entry
instanceKlass org/eclipse/osgi/framework/eventmgr/CopyOnWriteIdentityMap
instanceKlass org/eclipse/osgi/internal/log/OrderedExecutor
instanceKlass org/eclipse/osgi/internal/framework/BundleContextImpl$2
instanceKlass org/osgi/service/startlevel/StartLevel
instanceKlass org/osgi/service/packageadmin/PackageAdmin
instanceKlass org/eclipse/equinox/plurl/PlurlContentHandlerFactory
instanceKlass java/net/ContentHandlerFactory
instanceKlass org/eclipse/equinox/plurl/PlurlStreamHandlerFactory
instanceKlass org/eclipse/equinox/plurl/PlurlFactory
instanceKlass org/eclipse/equinox/plurl/Plurl
instanceKlass org/eclipse/osgi/internal/framework/SystemBundleActivator
instanceKlass org/eclipse/osgi/internal/loader/classpath/TitleVersionVendor
instanceKlass org/eclipse/osgi/internal/loader/classpath/ManifestPackageAttributes
instanceKlass org/eclipse/osgi/internal/loader/classpath/ClasspathEntry$PDEData
instanceKlass org/eclipse/osgi/internal/loader/classpath/ClasspathEntry
instanceKlass org/eclipse/osgi/internal/loader/classpath/FragmentClasspath
instanceKlass org/eclipse/osgi/internal/loader/classpath/ClasspathManager
instanceKlass org/eclipse/osgi/internal/loader/ModuleClassLoader$ClassNameLock$1
instanceKlass org/eclipse/osgi/internal/loader/ModuleClassLoader$ClassNameLock
instanceKlass org/eclipse/osgi/internal/container/KeyBasedLockStore
instanceKlass org/eclipse/osgi/internal/loader/BundleLoaderSources
instanceKlass org/eclipse/osgi/internal/loader/BundleLoader$1
instanceKlass org/eclipse/osgi/internal/loader/sources/PackageSource
instanceKlass java/util/concurrent/ForkJoinPool$DefaultForkJoinWorkerThreadFactory
instanceKlass java/util/concurrent/ForkJoinPool$1
instanceKlass jdk/internal/access/JavaUtilConcurrentFJPAccess
instanceKlass java/util/concurrent/ForkJoinTask
instanceKlass java/util/concurrent/ForkJoinPool$WorkQueue
instanceKlass java/util/concurrent/CountDownLatch
instanceKlass java/util/concurrent/ForkJoinPool$ForkJoinWorkerThreadFactory
instanceKlass java/lang/ApplicationShutdownHooks$1
instanceKlass java/lang/ApplicationShutdownHooks
instanceKlass java/util/concurrent/locks/AbstractQueuedSynchronizer$Node
instanceKlass org/eclipse/osgi/internal/framework/StorageSaver$StorageSaverTask
instanceKlass org/eclipse/osgi/internal/framework/StorageSaver
instanceKlass java/util/concurrent/Executors$RunnableAdapter
instanceKlass java/util/concurrent/FutureTask$WaitNode
instanceKlass java/util/concurrent/FutureTask
instanceKlass jdk/internal/vm/ThreadContainers
instanceKlass jdk/internal/vm/StackableScope
instanceKlass java/util/concurrent/RunnableScheduledFuture
instanceKlass java/util/concurrent/ScheduledFuture
instanceKlass java/util/concurrent/Delayed
instanceKlass java/util/concurrent/RunnableFuture
instanceKlass java/util/concurrent/Future
instanceKlass java/util/concurrent/ThreadPoolExecutor$AbortPolicy
instanceKlass java/util/concurrent/AbstractExecutorService
instanceKlass java/util/concurrent/ScheduledExecutorService
instanceKlass java/util/concurrent/ExecutorService
instanceKlass java/util/concurrent/Executors
instanceKlass java/lang/SecurityManager
instanceKlass org/eclipse/osgi/internal/framework/ContextFinder$1
instanceKlass org/osgi/framework/ServiceObjects
instanceKlass org/eclipse/osgi/internal/framework/BundleContextImpl
instanceKlass org/osgi/framework/hooks/weaving/WovenClassListener
instanceKlass org/osgi/framework/hooks/weaving/WeavingHook
instanceKlass org/osgi/framework/hooks/service/FindHook
instanceKlass org/osgi/framework/hooks/service/EventListenerHook
instanceKlass org/osgi/framework/hooks/service/EventHook
instanceKlass org/osgi/framework/hooks/bundle/FindHook
instanceKlass org/osgi/framework/hooks/bundle/EventHook
instanceKlass org/osgi/framework/hooks/bundle/CollisionHook
instanceKlass org/eclipse/osgi/internal/serviceregistry/ServiceRegistry$FrameworkHookHolder
instanceKlass org/osgi/framework/hooks/service/ListenerHook
instanceKlass org/eclipse/osgi/internal/serviceregistry/ServiceRegistrationImpl
instanceKlass org/osgi/framework/ServiceRegistration
instanceKlass org/eclipse/osgi/internal/serviceregistry/ServiceRegistry
instanceKlass org/eclipse/osgi/framework/eventmgr/EventManager
instanceKlass org/eclipse/osgi/internal/framework/EquinoxEventPublisher
# instanceKlass java/lang/invoke/LambdaForm$MH+0x00000000230a1c00
# instanceKlass java/lang/invoke/LambdaForm$MH+0x00000000230a1800
# instanceKlass java/lang/invoke/LambdaForm$MH+0x00000000230a1400
instanceKlass org/eclipse/osgi/storage/bundlefile/BundleEntry
instanceKlass org/eclipse/osgi/container/ModuleDatabase$2
instanceKlass java/util/ArrayList$SubList$1
# instanceKlass java/lang/invoke/LambdaForm$MH+0x00000000230a1000
# instanceKlass java/lang/invoke/LambdaForm$MH+0x00000000230a0c00
# instanceKlass java/lang/invoke/LambdaForm$MH+0x00000000230a0800
instanceKlass  @bci org/eclipse/jdt/internal/core/JrtPackageFragmentRoot$JrtModuleKey hashCode ()I 1 <appendix> argL1 form vmentry <vmtarget> ; # java/lang/invoke/LambdaForm$MH+0x00000000230a0400
instanceKlass java/lang/module/ModuleDescriptor$Builder
# instanceKlass java/lang/invoke/LambdaForm$MH+0x00000000230a0000
instanceKlass java/lang/reflect/AnnotatedType
instanceKlass java/lang/reflect/TypeVariable
instanceKlass org/eclipse/osgi/container/ModuleWiring$LoaderInitializer
instanceKlass org/eclipse/osgi/container/ModuleWiring
instanceKlass org/eclipse/osgi/container/ModuleWire
instanceKlass org/osgi/framework/wiring/BundleWire
instanceKlass java/util/Collections$UnmodifiableMap$UnmodifiableEntrySet$UnmodifiableEntry
instanceKlass java/util/Collections$UnmodifiableMap$UnmodifiableEntrySet$1
instanceKlass org/eclipse/osgi/internal/container/Capabilities$NamespaceSet
instanceKlass org/eclipse/osgi/container/ModuleRequirement
instanceKlass org/osgi/framework/wiring/BundleRequirement
instanceKlass org/eclipse/osgi/container/ModuleRevision$2
instanceKlass org/eclipse/osgi/internal/container/NamespaceList$Builder$8
instanceKlass org/eclipse/osgi/container/ModuleCapability
instanceKlass org/osgi/framework/wiring/BundleCapability
instanceKlass org/osgi/resource/Capability
instanceKlass org/eclipse/osgi/internal/container/NamespaceList$3
instanceKlass org/eclipse/osgi/internal/container/NamespaceList$2
instanceKlass org/eclipse/osgi/internal/container/NamespaceList$1
instanceKlass org/eclipse/osgi/internal/container/NamespaceList
instanceKlass org/eclipse/osgi/container/ModuleRevision$1
instanceKlass org/osgi/framework/wiring/BundleWiring
instanceKlass org/osgi/resource/Wiring
instanceKlass org/eclipse/osgi/container/ModuleRevision
instanceKlass org/eclipse/osgi/container/ModuleRevisions
instanceKlass org/osgi/framework/wiring/BundleRevisions
instanceKlass org/lombokweb/asm/Opcodes
instanceKlass org/lombokweb/asm/Handler
instanceKlass lombok/patcher/MethodLogistics
instanceKlass org/lombokweb/asm/Label
instanceKlass org/lombokweb/asm/Type
instanceKlass org/lombokweb/asm/Frame
instanceKlass org/lombokweb/asm/Context
instanceKlass org/lombokweb/asm/Attribute
instanceKlass lombok/patcher/scripts/ExitFromMethodEarlyScript$1
instanceKlass org/lombokweb/asm/ByteVector
instanceKlass org/lombokweb/asm/Symbol
instanceKlass org/lombokweb/asm/SymbolTable
instanceKlass org/lombokweb/asm/ModuleVisitor
instanceKlass org/lombokweb/asm/RecordComponentVisitor
instanceKlass org/lombokweb/asm/AnnotationVisitor
instanceKlass org/lombokweb/asm/MethodVisitor
instanceKlass org/lombokweb/asm/FieldVisitor
instanceKlass org/lombokweb/asm/ClassReader
instanceKlass org/eclipse/osgi/internal/framework/EquinoxBundle
instanceKlass org/eclipse/osgi/internal/container/NamespaceList$Builder$2
instanceKlass org/eclipse/osgi/container/ModuleRevisionBuilder$GenericInfo$1
instanceKlass org/eclipse/osgi/container/ModuleRevisionBuilder$GenericInfo
instanceKlass org/eclipse/osgi/container/ModuleRevisionBuilder
instanceKlass org/osgi/resource/Wire
instanceKlass org/eclipse/osgi/container/ModuleDatabase$Persistence
instanceKlass org/eclipse/osgi/container/ModuleContainer$ContainerStartLevel
instanceKlass org/eclipse/osgi/container/ModuleContainer$ContainerWiring
instanceKlass org/eclipse/osgi/container/ModuleResolver
instanceKlass org/eclipse/osgi/container/ModuleContainer$ResolutionLock
instanceKlass org/eclipse/osgi/internal/container/LockSet
instanceKlass org/osgi/framework/startlevel/FrameworkStartLevel
instanceKlass org/osgi/framework/wiring/FrameworkWiring
instanceKlass org/osgi/resource/Requirement
instanceKlass org/eclipse/osgi/report/resolution/ResolutionReport
instanceKlass org/eclipse/osgi/container/ModuleContainer
instanceKlass org/eclipse/osgi/internal/container/Capabilities
instanceKlass org/eclipse/osgi/container/Module
instanceKlass org/osgi/framework/startlevel/BundleStartLevel
instanceKlass org/eclipse/osgi/container/ModuleDatabase
instanceKlass java/util/concurrent/LinkedBlockingQueue$Node
instanceKlass java/util/concurrent/RejectedExecutionHandler
instanceKlass org/eclipse/osgi/internal/framework/EquinoxContainerAdaptor$1
instanceKlass java/util/concurrent/LinkedTransferQueue$DualNode
instanceKlass java/util/concurrent/ForkJoinPool$ManagedBlocker
instanceKlass java/util/concurrent/TransferQueue
instanceKlass java/util/concurrent/atomic/AtomicReference
instanceKlass org/eclipse/osgi/internal/container/AtomicLazyInitializer
instanceKlass org/eclipse/osgi/internal/framework/OSGiFrameworkHooks$BundleCollisionHook
instanceKlass org/osgi/framework/ServiceReference
instanceKlass org/osgi/framework/hooks/resolver/ResolverHook
instanceKlass org/eclipse/osgi/internal/framework/OSGiFrameworkHooks$CoreResolverHookFactory
instanceKlass org/osgi/framework/hooks/resolver/ResolverHookFactory
instanceKlass org/eclipse/osgi/container/ModuleCollisionHook
instanceKlass org/eclipse/osgi/internal/framework/OSGiFrameworkHooks
instanceKlass org/eclipse/osgi/container/ModuleContainerAdaptor$1
instanceKlass java/util/concurrent/Callable
instanceKlass org/eclipse/osgi/container/ModuleLoader
instanceKlass java/util/concurrent/BlockingQueue
instanceKlass java/util/concurrent/Executor
instanceKlass org/eclipse/osgi/internal/permadmin/SecurityRow
instanceKlass org/eclipse/osgi/internal/permadmin/PermissionAdminTable
instanceKlass org/osgi/service/permissionadmin/PermissionInfo
instanceKlass org/osgi/service/condpermadmin/ConditionalPermissionInfo
instanceKlass org/osgi/service/condpermadmin/ConditionalPermissionUpdate
instanceKlass org/eclipse/osgi/internal/permadmin/SecurityAdmin
instanceKlass org/osgi/service/condpermadmin/ConditionalPermissionAdmin
instanceKlass org/osgi/service/permissionadmin/PermissionAdmin
instanceKlass org/eclipse/osgi/storage/PermissionData
instanceKlass  @bci org/eclipse/osgi/storage/Storage connectPersistentBundles (Ljava/util/List;)V 2 <appendix> member <vmtarget> ; # org/eclipse/osgi/storage/Storage$$Lambda+0x0000000023089950
instanceKlass  @cpi com/microsoft/java/debug/core/protocol/AbstractProtocolServer 480 form vmentry <vmtarget> ; # java/lang/invoke/LambdaForm$DMH+0x0000000023088800
instanceKlass org/eclipse/osgi/storage/BundleInfo$Generation
instanceKlass org/eclipse/osgi/storage/BundleInfo
instanceKlass org/eclipse/osgi/framework/util/ObjectPool
instanceKlass jdk/internal/util/ByteArray
instanceKlass org/eclipse/osgi/storagemanager/StorageManager$Entry
instanceKlass org/eclipse/osgi/framework/internal/reliablefile/ReliableFile$CacheInfo
instanceKlass java/util/ComparableTimSort
instanceKlass java/lang/Shutdown$Lock
instanceKlass java/lang/Shutdown
instanceKlass java/io/DeleteOnExitHook$1
instanceKlass java/io/DeleteOnExitHook
instanceKlass  @bci org/eclipse/osgi/framework/internal/reliablefile/ReliableFile createTempFile (Ljava/lang/String;Ljava/lang/String;Ljava/io/File;)Ljava/io/File; 61 <appendix> argL0 ; # org/eclipse/osgi/framework/internal/reliablefile/ReliableFile$$Lambda+0x000000002308aa20
instanceKlass org/eclipse/osgi/framework/internal/reliablefile/ReliableFile
instanceKlass sun/nio/ch/FileKey
instanceKlass sun/nio/ch/FileLockTable
instanceKlass java/nio/channels/FileLock
instanceKlass org/eclipse/osgi/internal/location/Locker_JavaNio
instanceKlass org/eclipse/osgi/storagemanager/StorageManager
instanceKlass org/eclipse/osgi/storage/FrameworkExtensionInstaller
instanceKlass java/util/concurrent/locks/AbstractQueuedSynchronizer$ConditionObject
instanceKlass java/util/concurrent/locks/Condition
instanceKlass org/eclipse/osgi/storage/bundlefile/MRUBundleFileList
instanceKlass org/eclipse/osgi/framework/eventmgr/EventDispatcher
instanceKlass org/osgi/framework/Filter
instanceKlass org/eclipse/osgi/storage/bundlefile/BundleFile
instanceKlass org/eclipse/osgi/storage/ContentProvider
instanceKlass org/eclipse/osgi/container/ModuleContainerAdaptor
instanceKlass org/eclipse/osgi/storage/Storage
instanceKlass  @bci org/eclipse/osgi/internal/cds/CDSHookConfigurator addHooks (Lorg/eclipse/osgi/internal/hookregistry/HookRegistry;)V 77 <appendix> argL0 ; # org/eclipse/osgi/internal/cds/CDSHookConfigurator$$Lambda+0x000000002308d520
instanceKlass org/eclipse/osgi/signedcontent/SignedContent
# instanceKlass java/lang/invoke/LambdaForm$DMH+0x0000000023088400
instanceKlass java/lang/invoke/MethodHandle$1
instanceKlass org/eclipse/osgi/internal/hookregistry/StorageHookFactory$StorageHook
instanceKlass org/eclipse/osgi/internal/hookregistry/StorageHookFactory
instanceKlass org/osgi/framework/BundleActivator
instanceKlass org/eclipse/osgi/internal/cds/CDSHookConfigurator
instanceKlass org/eclipse/osgi/internal/signedcontent/SignedBundleHook
instanceKlass org/eclipse/osgi/signedcontent/SignedContentFactory
instanceKlass org/eclipse/osgi/internal/hookregistry/ActivatorHookFactory
instanceKlass org/osgi/framework/wiring/BundleRevision
instanceKlass org/osgi/resource/Resource
instanceKlass org/eclipse/osgi/internal/connect/ConnectHookConfigurator
instanceKlass org/eclipse/osgi/internal/hookregistry/HookConfigurator
instanceKlass java/net/URLClassLoader$1
instanceKlass org/eclipse/osgi/internal/framework/EquinoxContainer$ConnectModules
instanceKlass  @bci org/eclipse/osgi/internal/log/ExtendedLogServiceImpl applyLogLevels (Lorg/eclipse/osgi/internal/log/ExtendedLogServiceFactory$EquinoxLoggerContext;)V 20 <appendix> member <vmtarget> ; # org/eclipse/osgi/internal/log/ExtendedLogServiceImpl$$Lambda+0x0000000023087aa8
instanceKlass  @bci org/eclipse/osgi/internal/log/ExtendedLogServiceImpl applyLogLevels (Lorg/eclipse/osgi/internal/log/ExtendedLogServiceFactory$EquinoxLoggerContext;)V 5 <appendix> member <vmtarget> ; # org/eclipse/osgi/internal/log/ExtendedLogServiceImpl$$Lambda+0x0000000023087868
instanceKlass  @cpi org/apache/commons/lang3/stream/LangCollectors 181 form vmentry <vmtarget> ; # java/lang/invoke/LambdaForm$DMH+0x0000000023088000
instanceKlass org/eclipse/osgi/internal/log/ExtendedLogServiceFactory$EquinoxLoggerContext
instanceKlass org/eclipse/osgi/internal/log/EquinoxLogFactory$1
instanceKlass org/eclipse/osgi/framework/log/FrameworkLog
instanceKlass org/eclipse/osgi/internal/log/EquinoxLogFactory
instanceKlass org/osgi/service/log/FormatterLogger
instanceKlass org/eclipse/osgi/internal/log/LoggerImpl
instanceKlass org/eclipse/osgi/internal/log/ExtendedLogServiceImpl
instanceKlass org/eclipse/osgi/internal/log/ExtendedLogServiceFactory$EquinoxLoggerAdmin
instanceKlass org/osgi/service/log/admin/LoggerContext
instanceKlass org/eclipse/osgi/internal/log/LoggerContextTargetMap
instanceKlass org/eclipse/osgi/internal/log/LogServiceManager$MockSystemBundle
instanceKlass org/osgi/service/log/admin/LoggerAdmin
instanceKlass org/eclipse/osgi/internal/log/ExtendedLogServiceFactory
instanceKlass org/eclipse/osgi/framework/util/ArrayMap
instanceKlass java/util/concurrent/locks/ReentrantReadWriteLock$WriteLock
instanceKlass java/util/concurrent/locks/ReentrantReadWriteLock$ReadLock
instanceKlass java/util/concurrent/locks/ReentrantReadWriteLock
instanceKlass java/util/concurrent/locks/ReadWriteLock
instanceKlass org/eclipse/osgi/internal/log/ExtendedLogReaderServiceFactory$1
instanceKlass org/osgi/service/log/LogEntry
instanceKlass org/eclipse/osgi/internal/log/ExtendedLogReaderServiceFactory
instanceKlass org/osgi/framework/ServiceFactory
instanceKlass org/eclipse/equinox/log/ExtendedLogReaderService
instanceKlass org/osgi/service/log/LogReaderService
instanceKlass org/eclipse/equinox/log/ExtendedLogService
instanceKlass org/eclipse/equinox/log/Logger
instanceKlass org/osgi/service/log/Logger
instanceKlass org/osgi/service/log/LogService
instanceKlass org/osgi/service/log/LoggerFactory
instanceKlass org/eclipse/osgi/internal/log/LogServiceManager
instanceKlass org/osgi/framework/AllServiceListener
instanceKlass org/osgi/framework/ServiceListener
instanceKlass org/eclipse/osgi/internal/log/EquinoxLogWriter
instanceKlass org/eclipse/equinox/log/LogFilter
instanceKlass org/eclipse/equinox/log/SynchronousLogListener
instanceKlass org/osgi/service/log/LogListener
instanceKlass org/eclipse/osgi/internal/log/EquinoxLogServices
instanceKlass org/eclipse/osgi/util/ManifestElement
instanceKlass org/eclipse/osgi/internal/debug/Debug
instanceKlass org/eclipse/osgi/service/debug/DebugOptionsListener
instanceKlass org/eclipse/osgi/service/debug/DebugTrace
instanceKlass org/eclipse/osgi/internal/debug/FrameworkDebugOptions
instanceKlass org/osgi/util/tracker/ServiceTrackerCustomizer
instanceKlass java/nio/file/FileVisitor
instanceKlass org/eclipse/osgi/storage/StorageUtil
instanceKlass org/eclipse/osgi/internal/location/BasicLocation
instanceKlass org/eclipse/osgi/internal/location/EquinoxLocations
instanceKlass jdk/internal/invoke/MhUtil
instanceKlass java/util/concurrent/atomic/AtomicBoolean
instanceKlass jdk/internal/util/ByteArrayLittleEndian
instanceKlass java/util/UUID
instanceKlass java/util/Random
instanceKlass java/util/random/RandomGenerator
instanceKlass org/eclipse/osgi/internal/container/InternalUtils
instanceKlass org/osgi/framework/Version
instanceKlass org/eclipse/osgi/internal/location/Locker
instanceKlass org/eclipse/osgi/internal/location/LocationHelper
instanceKlass org/eclipse/osgi/internal/framework/EquinoxConfiguration$ConfigValues
instanceKlass org/eclipse/osgi/internal/util/Tokenizer
instanceKlass sun/util/logging/PlatformLogger
instanceKlass sun/util/logging/PlatformLogger$ConfigurableBridge$LoggerConfiguration
instanceKlass jdk/internal/logger/BootstrapLogger$RedirectedLoggers
instanceKlass jdk/internal/logger/LazyLoggers$LazyLoggerAccessor
instanceKlass jdk/internal/logger/LazyLoggers$LoggerAccessor
instanceKlass jdk/internal/logger/AbstractLoggerWrapper
instanceKlass java/util/ServiceLoader$ProviderImpl
instanceKlass java/util/ServiceLoader$Provider
instanceKlass sun/util/logging/internal/LoggingProviderImpl$LogManagerAccess
instanceKlass java/util/concurrent/CopyOnWriteArrayList$COWIterator
instanceKlass jdk/internal/logger/BootstrapLogger$DetectBackend
instanceKlass jdk/internal/logger/BootstrapLogger
instanceKlass sun/util/logging/PlatformLogger$ConfigurableBridge
instanceKlass sun/util/logging/PlatformLogger$Bridge
instanceKlass java/lang/System$LoggerFinder
instanceKlass jdk/internal/logger/LazyLoggers$LazyLoggerFactories
instanceKlass jdk/internal/logger/LazyLoggers$1
instanceKlass jdk/internal/logger/LazyLoggers
instanceKlass jdk/internal/event/EventHelper$ThreadTrackHolder
instanceKlass org/eclipse/osgi/internal/framework/AliasMapper
instanceKlass org/eclipse/osgi/framework/util/KeyedElement
instanceKlass org/eclipse/osgi/internal/hookregistry/ClassLoaderHook
instanceKlass org/eclipse/osgi/internal/hookregistry/HookRegistry
instanceKlass org/eclipse/osgi/service/datalocation/Location
instanceKlass org/eclipse/osgi/service/debug/DebugOptions
instanceKlass org/eclipse/osgi/internal/framework/EquinoxConfiguration
instanceKlass org/eclipse/osgi/service/environment/EnvironmentInfo
instanceKlass org/eclipse/osgi/framework/util/SecureAction$1
instanceKlass java/security/PrivilegedExceptionAction
instanceKlass org/eclipse/osgi/framework/util/SecureAction
instanceKlass org/eclipse/osgi/internal/framework/EquinoxContainer
instanceKlass org/eclipse/osgi/launch/Equinox
# instanceKlass java/lang/invoke/LambdaForm$MH+0x000000002305a800
# instanceKlass java/lang/invoke/LambdaForm$MH+0x000000002305a400
# instanceKlass java/lang/invoke/LambdaForm$MH+0x000000002305a000
instanceKlass org/eclipse/core/runtime/adaptor/EclipseStarter$StartupEventListener
instanceKlass org/osgi/framework/FrameworkListener
instanceKlass org/osgi/framework/SynchronousBundleListener
instanceKlass java/util/concurrent/Semaphore
instanceKlass org/eclipse/core/runtime/adaptor/EclipseStarter$InitialBundle
instanceKlass org/osgi/framework/BundleContext
instanceKlass org/osgi/framework/BundleReference
instanceKlass java/util/EventObject
instanceKlass org/osgi/framework/BundleListener
instanceKlass java/util/EventListener
instanceKlass org/osgi/framework/launch/Framework
instanceKlass org/osgi/framework/Bundle
instanceKlass org/eclipse/equinox/plurl/PlurlStreamHandler
instanceKlass org/eclipse/core/runtime/adaptor/EclipseStarter
instanceKlass sun/security/util/MemoryCache$QueueCacheEntry
instanceKlass  @bci org/eclipse/equinox/launcher/Main basicRun ([Ljava/lang/String;)V 162 <appendix> argL0 ; # org/eclipse/equinox/launcher/Main$$Lambda+0x000000002305cbb0
instanceKlass java/nio/file/FileStore
instanceKlass sun/nio/fs/WindowsSecurity
instanceKlass sun/nio/fs/AbstractAclFileAttributeView
instanceKlass java/nio/file/attribute/AclFileAttributeView
instanceKlass java/nio/file/attribute/FileOwnerAttributeView
instanceKlass sun/nio/fs/WindowsFileSystemProvider$1
instanceKlass org/eclipse/equinox/launcher/JNIBridge
instanceKlass  @bci java/util/stream/MatchOps makeRef (Ljava/util/function/Predicate;Ljava/util/stream/MatchOps$MatchKind;)Ljava/util/stream/TerminalOp; 20 <appendix> member <vmtarget> ; # java/util/stream/MatchOps$$Lambda+0x800000004
instanceKlass java/util/stream/MatchOps$BooleanTerminalSink
instanceKlass java/util/stream/MatchOps$MatchOp
instanceKlass java/util/stream/MatchOps
instanceKlass  @bci org/eclipse/equinox/launcher/Main extractFromJAR (Ljava/lang/String;Ljava/lang/String;)Ljava/lang/String; 146 <appendix> member <vmtarget> ; # org/eclipse/equinox/launcher/Main$$Lambda+0x000000002305c6f8
instanceKlass java/util/AbstractList$RandomAccessSpliterator
instanceKlass  @bci org/eclipse/equinox/launcher/Main getLibraryFromFragment (Ljava/lang/String;Ljava/lang/String;)Ljava/lang/String; 96 <appendix> argL0 ; # org/eclipse/equinox/launcher/Main$$Lambda+0x000000002305c4a0
instanceKlass  @bci org/eclipse/equinox/launcher/Main getLibraryFromFragment (Ljava/lang/String;Ljava/lang/String;)Ljava/lang/String; 86 <appendix> argL0 ; # org/eclipse/equinox/launcher/Main$$Lambda+0x000000002305c258
instanceKlass  @bci java/util/zip/ZipFile stream ()Ljava/util/stream/Stream; 25 <appendix> member <vmtarget> ; # java/util/zip/ZipFile$$Lambda+0x0000000023060f60
instanceKlass java/util/Spliterators$AbstractSpliterator
instanceKlass  @bci java/util/stream/StreamSpliterators$WrappingSpliterator initPartialTraversalState ()V 37 <appendix> member <vmtarget> ; # java/util/stream/StreamSpliterators$WrappingSpliterator$$Lambda+0x0000000023060d30
instanceKlass java/util/function/BooleanSupplier
instanceKlass java/util/stream/Sink$ChainedInt
instanceKlass java/util/stream/Sink$OfInt
instanceKlass java/util/function/IntConsumer
instanceKlass  @bci java/util/stream/StreamSpliterators$WrappingSpliterator initPartialTraversalState ()V 24 <appendix> member <vmtarget> ; # java/util/stream/StreamSpliterators$WrappingSpliterator$$Lambda+0x0000000023060448
instanceKlass java/util/stream/StreamSpliterators
instanceKlass  @bci org/eclipse/equinox/launcher/Main getLibraryPath (Ljava/lang/String;Ljava/util/List;)Ljava/lang/String; 190 <appendix> argL0 ; # org/eclipse/equinox/launcher/Main$$Lambda+0x000000002305c000
instanceKlass  @bci org/eclipse/equinox/launcher/Main getLibraryPath (Ljava/lang/String;Ljava/util/List;)Ljava/lang/String; 180 <appendix> member <vmtarget> ; # org/eclipse/equinox/launcher/Main$$Lambda+0x0000000023055d28
instanceKlass java/util/stream/Stream$Builder
instanceKlass java/util/stream/Streams$AbstractStreamBuilderImpl
instanceKlass java/util/stream/Streams$2
instanceKlass java/util/stream/Streams
instanceKlass java/util/stream/StreamSpliterators$AbstractWrappingSpliterator
instanceKlass  @bci java/util/stream/AbstractPipeline spliterator ()Ljava/util/Spliterator; 103 <appendix> member <vmtarget> ; # java/util/stream/AbstractPipeline$$Lambda+0x000000002303f718
instanceKlass java/util/stream/Streams$ConcatSpliterator
instanceKlass  @bci org/eclipse/equinox/launcher/Main getLibraryPath (Ljava/lang/String;Ljava/util/List;)Ljava/lang/String; 143 <appendix> argL0 ; # org/eclipse/equinox/launcher/Main$$Lambda+0x0000000023055ae0
instanceKlass  @bci org/eclipse/equinox/launcher/Main getLibraryPath (Ljava/lang/String;Ljava/util/List;)Ljava/lang/String; 133 <appendix> member <vmtarget> ; # org/eclipse/equinox/launcher/Main$$Lambda+0x00000000230558b0
instanceKlass  @cpi org/eclipse/equinox/launcher/Main 2078 form vmentry <vmtarget> ; # java/lang/invoke/LambdaForm$DMH+0x0000000023058400
instanceKlass  @bci org/eclipse/equinox/launcher/Main getLibraryPath (Ljava/lang/String;Ljava/util/List;)Ljava/lang/String; 117 <appendix> member <vmtarget> ; # org/eclipse/equinox/launcher/Main$$Lambda+0x0000000023055660
instanceKlass java/util/function/IntUnaryOperator
instanceKlass java/util/stream/Streams$RangeIntSpliterator
instanceKlass java/util/Spliterator$OfInt
instanceKlass java/util/Spliterator$OfPrimitive
instanceKlass java/util/stream/IntStream
instanceKlass java/util/Spliterators$EmptySpliterator
instanceKlass  @bci com/microsoft/java/debug/core/adapter/handler/LaunchUtils createTempFile (Ljava/lang/String;Ljava/lang/String;)Ljava/nio/file/Path; 23 <appendix> form vmentry <vmtarget> ; # java/lang/invoke/LambdaForm$MH+0x0000000023058000
instanceKlass java/util/Formatter$Flags
instanceKlass java/util/Formattable
instanceKlass java/util/Formatter$FormatSpecifier
instanceKlass java/util/Formatter$Conversion
instanceKlass java/util/Formatter$FormatString
instanceKlass java/util/Formatter
instanceKlass sun/security/util/SecurityProperties
instanceKlass jdk/internal/util/Exceptions
instanceKlass jdk/internal/util/Exceptions$SensitiveInfo
instanceKlass java/io/RandomAccessFile$1
instanceKlass  @bci org/eclipse/jdt/core/manipulation/internal/javadoc/CoreJavadocAccessImpl removeDocLineIntros (Ljava/lang/String;)Ljava/lang/String; 11 <appendix> form vmentry <vmtarget> ; # java/lang/invoke/LambdaForm$MH+0x0000000023057800
instanceKlass  @bci org/eclipse/equinox/launcher/Main searchFor (Ljava/lang/String;Ljava/lang/String;)Ljava/lang/String; 95 <appendix> member <vmtarget> ; # org/eclipse/equinox/launcher/Main$$Lambda+0x0000000023055410
instanceKlass  @bci org/eclipse/equinox/launcher/Main findMax (Ljava/lang/String;Ljava/util/List;)Ljava/util/Optional; 34 <appendix> argL0 ; # org/eclipse/equinox/launcher/Main$$Lambda+0x00000000230551c8
instanceKlass java/util/stream/ReduceOps$2ReducingSink
instanceKlass  @bci java/util/function/BinaryOperator maxBy (Ljava/util/Comparator;)Ljava/util/function/BinaryOperator; 6 <appendix> member <vmtarget> ; # java/util/function/BinaryOperator$$Lambda+0x000000002303d148
instanceKlass  @bci java/util/Comparator comparing (Ljava/util/function/Function;Ljava/util/Comparator;)Ljava/util/Comparator; 12 <appendix> member <vmtarget> ; # java/util/Comparator$$Lambda+0x000000002303cea0
instanceKlass  @cpi java/util/Comparator 256 form vmentry <vmtarget> ; # java/lang/invoke/LambdaForm$DMH+0x0000000023057000
instanceKlass  @bci java/util/Comparator comparing (Ljava/util/function/Function;)Ljava/util/Comparator; 6 <appendix> member <vmtarget> ; # java/util/Comparator$$Lambda+0x000000002303cbf8
instanceKlass  @bci org/eclipse/equinox/launcher/Main$Identifier <clinit> ()V 34 <appendix> argL0 ; # org/eclipse/equinox/launcher/Main$Identifier$$Lambda+0x0000000023054f80
instanceKlass  @bci org/eclipse/equinox/launcher/Main$Identifier <clinit> ()V 18 <appendix> argL0 ; # org/eclipse/equinox/launcher/Main$Identifier$$Lambda+0x0000000023054d58
instanceKlass  @bci java/util/Comparator thenComparing (Ljava/util/Comparator;)Ljava/util/Comparator; 7 <appendix> member <vmtarget> ; # java/util/Comparator$$Lambda+0x000000002303c950
instanceKlass  @cpi java/util/Comparator 251 form vmentry <vmtarget> ; # java/lang/invoke/LambdaForm$DMH+0x0000000023056c00
instanceKlass  @bci org/eclipse/equinox/launcher/Main$Identifier <clinit> ()V 8 <appendix> argL0 ; # org/eclipse/equinox/launcher/Main$Identifier$$Lambda+0x0000000023054b30
instanceKlass  @bci java/util/Comparator comparingInt (Ljava/util/function/ToIntFunction;)Ljava/util/Comparator; 6 <appendix> member <vmtarget> ; # java/util/Comparator$$Lambda+0x000000002303c6a8
instanceKlass java/lang/invoke/TypeConvertingMethodAdapter$1
instanceKlass java/lang/classfile/constantpool/IntegerEntry
instanceKlass sun/invoke/util/BytecodeDescriptor
instanceKlass java/lang/classfile/constantpool/StringEntry
instanceKlass java/lang/classfile/constantpool/ConstantValueEntry
instanceKlass java/lang/invoke/InnerClassLambdaMetafactory$4
instanceKlass java/lang/invoke/InnerClassLambdaMetafactory$SerializationSupport
instanceKlass  @cpi org/eclipse/jdt/ls/core/internal/text/correction/CodeActionUtility 236 form vmentry <vmtarget> ; # java/lang/invoke/LambdaForm$DMH+0x0000000023056800
instanceKlass  @bci org/eclipse/equinox/launcher/Main$Identifier <clinit> ()V 0 <appendix> argL0 ; # org/eclipse/equinox/launcher/Main$Identifier$$Lambda+0x0000000023054908
instanceKlass java/util/function/ToIntFunction
instanceKlass  @bci org/eclipse/equinox/launcher/Main findMax (Ljava/lang/String;Ljava/util/List;)Ljava/util/Optional; 18 <appendix> argL0 ; # org/eclipse/equinox/launcher/Main$$Lambda+0x00000000230546c0
instanceKlass java/lang/classfile/constantpool/InterfaceMethodRefEntry
instanceKlass  @cpi org/eclipse/jdt/ls/core/internal/handlers/WorkspaceDiagnosticsHandler 880 form vmentry <vmtarget> ; # java/lang/invoke/LambdaForm$DMH+0x0000000023056400
instanceKlass  @bci org/eclipse/equinox/launcher/Main findMax (Ljava/lang/String;Ljava/util/List;)Ljava/util/Optional; 8 <appendix> member <vmtarget> ; # org/eclipse/equinox/launcher/Main$$Lambda+0x0000000023054258
instanceKlass java/util/ArrayList$ArrayListSpliterator
instanceKlass  @bci org/eclipse/jdt/core/manipulation/internal/javadoc/CoreJavadocContentAccessUtility getJavadocNode (Lorg/eclipse/jdt/core/IJavaElement;Ljava/lang/String;)Lorg/eclipse/jdt/core/dom/Javadoc; 1 <appendix> form vmentry <vmtarget> ; # java/lang/invoke/LambdaForm$MH+0x0000000023056000
instanceKlass java/util/stream/Node$Builder
instanceKlass java/util/stream/AbstractSpinedBuffer
instanceKlass java/util/stream/Node$OfDouble
instanceKlass java/util/stream/Node$OfLong
instanceKlass java/util/stream/Node$OfInt
instanceKlass java/util/stream/Node$OfPrimitive
instanceKlass java/util/stream/Nodes$EmptyNode
instanceKlass java/util/stream/Node
instanceKlass java/util/stream/Nodes
instanceKlass  @bci java/util/stream/ReferencePipeline toArray ()[Ljava/lang/Object; 1 <appendix> argL0 ; # java/util/stream/ReferencePipeline$$Lambda+0x000000002303b1a8
instanceKlass  @bci org/eclipse/equinox/launcher/Main getArrayFromList (Ljava/lang/String;)Ljava/util/List; 32 <appendix> argL0 ; # org/eclipse/equinox/launcher/Main$$Lambda+0x0000000023054000
instanceKlass  @bci org/eclipse/equinox/launcher/Main getArrayFromList (Ljava/lang/String;)Ljava/util/List; 22 <appendix> argL0 ; # org/eclipse/equinox/launcher/Main$$Lambda+0x0000000023053d58
instanceKlass java/util/regex/Pattern$1MatcherIterator
instanceKlass sun/net/www/MimeEntry
instanceKlass java/util/Hashtable$Enumerator
instanceKlass java/util/Collections$SynchronizedCollection
instanceKlass java/util/Properties$EntrySet
instanceKlass sun/net/www/MimeTable$DefaultInstanceHolder
instanceKlass sun/net/www/MimeTable
instanceKlass java/net/URLConnection$1
instanceKlass java/net/FileNameMap
instanceKlass  @bci org/eclipse/jdt/core/dom/rewrite/ImportRewrite create (Lorg/eclipse/jdt/core/ICompilationUnit;Z)Lorg/eclipse/jdt/core/dom/rewrite/ImportRewrite; 156 <appendix> form vmentry <vmtarget> ; # java/lang/invoke/LambdaForm$MH+0x0000000023052c00
instanceKlass java/lang/StringConcatHelper$StringConcatBase
instanceKlass java/lang/invoke/StringConcatFactory$InlineHiddenClassStrategy$6
instanceKlass java/lang/invoke/StringConcatFactory$InlineHiddenClassStrategy$3$4
instanceKlass java/lang/invoke/StringConcatFactory$InlineHiddenClassStrategy$4
instanceKlass java/lang/invoke/StringConcatFactory$InlineHiddenClassStrategy$3$1
instanceKlass java/lang/invoke/StringConcatFactory$InlineHiddenClassStrategy$7
instanceKlass java/lang/invoke/StringConcatFactory$InlineHiddenClassStrategy$3$2
instanceKlass java/lang/invoke/StringConcatFactory$InlineHiddenClassStrategy$5
instanceKlass java/lang/invoke/StringConcatFactory$InlineHiddenClassStrategy$3$3
instanceKlass java/lang/invoke/StringConcatFactory$InlineHiddenClassStrategy$3
instanceKlass java/lang/invoke/StringConcatFactory$InlineHiddenClassStrategy$2
instanceKlass java/lang/invoke/StringConcatFactory$InlineHiddenClassStrategy$1
instanceKlass java/lang/invoke/StringConcatFactory$InlineHiddenClassStrategy
instanceKlass java/lang/invoke/StringConcatFactory
instanceKlass java/util/Collections$3
instanceKlass java/io/FileInputStream$1
instanceKlass jdk/internal/loader/URLClassPath$1
instanceKlass java/lang/CompoundEnumeration
instanceKlass jdk/internal/loader/BuiltinClassLoader$1
instanceKlass java/util/Collections$EmptyEnumeration
instanceKlass java/util/ServiceLoader$2
instanceKlass java/util/ServiceLoader$1
instanceKlass java/util/ServiceLoader$LazyClassPathLookupIterator
instanceKlass java/util/Spliterators$1Adapter
instanceKlass java/util/Spliterators$ArraySpliterator
instanceKlass java/util/ServiceLoader$ModuleServicesLookupIterator
instanceKlass java/util/ServiceLoader
instanceKlass java/net/spi/URLStreamHandlerProvider
instanceKlass java/net/URL$ThreadTrackHolder
instanceKlass  @bci org/eclipse/equinox/launcher/Main basicRun ([Ljava/lang/String;)V 29 <appendix> argL0 ; # org/eclipse/equinox/launcher/Main$$Lambda+0x0000000023053b30
instanceKlass java/util/function/IntFunction
instanceKlass  @bci org/eclipse/equinox/launcher/Main processCommandLine (Ljava/util/List;)Ljava/util/List; 832 <appendix> argL0 ; # org/eclipse/equinox/launcher/Main$$Lambda+0x00000000230538f8
instanceKlass  @cpi sun/nio/ch/NioSocketImpl 895 form vmentry <vmtarget> ; # java/lang/invoke/LambdaForm$DMH+0x0000000023052400
instanceKlass  @bci java/util/ArrayDeque copyElements (Ljava/util/Collection;)V 2 <appendix> member <vmtarget> ; # java/util/ArrayDeque$$Lambda+0x0000000023039bd0
instanceKlass java/lang/Thread$ThreadNumbering
instanceKlass java/nio/file/attribute/PosixFilePermissions
instanceKlass java/security/Policy
instanceKlass jdk/internal/misc/MethodFinder
instanceKlass org/eclipse/equinox/launcher/Main
instanceKlass sun/security/util/ManifestEntryVerifier$SunProviderHolder
instanceKlass java/util/Base64$Encoder
instanceKlass java/util/Base64$Decoder
instanceKlass java/util/Base64
instanceKlass javax/crypto/SecretKey
instanceKlass sun/security/util/Length
instanceKlass sun/security/util/KeyUtil
instanceKlass  @bci sun/security/util/DisabledAlgorithmConstraints getNamedParametersFromKey (Ljava/security/Key;)Ljava/util/List; 11 <appendix> member <vmtarget> ; # sun/security/util/DisabledAlgorithmConstraints$$TypeSwitch+0x0000000023037a90
# instanceKlass java/lang/invoke/LambdaForm$MH+0x0000000023052000
# instanceKlass java/lang/invoke/LambdaForm$MH+0x0000000023051c00
# instanceKlass java/lang/invoke/LambdaForm$MH+0x0000000023051800
instanceKlass  @bci com/microsoft/java/debug/core/adapter/handler/LaunchUtils findJavaProcessInTerminalShell (JLjava/lang/String;I)Ljava/lang/ProcessHandle; 105 <appendix> form vmentry <vmtarget> ; # java/lang/invoke/LambdaForm$MH+0x0000000023051400
instanceKlass  @bci java/lang/invoke/BootstrapMethodInvoker invoke (Ljava/lang/Class;Ljava/lang/invoke/MethodHandle;Ljava/lang/String;Ljava/lang/Object;Ljava/lang/Object;Ljava/lang/Class;)Ljava/lang/Object; 211 <adapter> ; # java/lang/invoke/LambdaForm$MH+0x0000000023051000
instanceKlass java/security/interfaces/ECKey
instanceKlass sun/security/util/JarConstraintsParameters
instanceKlass sun/security/util/ConstraintsParameters
instanceKlass java/security/CodeSigner
instanceKlass java/security/Timestamp
instanceKlass sun/security/timestamp/TimestampToken
instanceKlass java/security/cert/CertPath
instanceKlass javax/security/auth/x500/X500Principal$1
instanceKlass jdk/internal/access/JavaxSecurityAccess
instanceKlass javax/security/auth/x500/X500Principal
instanceKlass java/math/MutableBigInteger
instanceKlass sun/security/rsa/RSAPadding
instanceKlass sun/security/rsa/RSACore
instanceKlass java/security/interfaces/RSAPrivateCrtKey
instanceKlass sun/security/pkcs/PKCS8Key
instanceKlass sun/security/util/InternalPrivateKey
instanceKlass java/security/interfaces/RSAPrivateKey
instanceKlass java/security/PrivateKey
instanceKlass javax/security/auth/Destroyable
instanceKlass jdk/internal/icu/util/CodePointTrie$Data
instanceKlass jdk/internal/icu/util/CodePointMap
instanceKlass jdk/internal/icu/util/VersionInfo
instanceKlass  @bci jdk/internal/module/SystemModuleFinders$SystemModuleReader open (Ljava/lang/String;)Ljava/util/Optional; 6 <appendix> member <vmtarget> ; # jdk/internal/module/SystemModuleFinders$SystemModuleReader$$Lambda+0x0000000023032ff8
instanceKlass jdk/internal/module/Checks
instanceKlass jdk/internal/icu/impl/ICUBinary
instanceKlass jdk/internal/icu/impl/NormalizerImpl$IsAcceptable
instanceKlass jdk/internal/icu/impl/ICUBinary$Authenticate
instanceKlass jdk/internal/icu/impl/NormalizerImpl
instanceKlass jdk/internal/icu/impl/Norm2AllModes$Norm2AllModesSingleton
instanceKlass jdk/internal/icu/impl/Norm2AllModes$NFKCSingleton
instanceKlass jdk/internal/icu/impl/Norm2AllModes
instanceKlass jdk/internal/icu/text/Normalizer2
instanceKlass jdk/internal/icu/text/NormalizerBase$ModeImpl
instanceKlass jdk/internal/icu/text/NormalizerBase$NFKDModeImpl
instanceKlass jdk/internal/icu/text/NormalizerBase$1
instanceKlass jdk/internal/icu/text/NormalizerBase$Mode
instanceKlass jdk/internal/icu/text/NormalizerBase
instanceKlass java/text/Normalizer
instanceKlass sun/security/x509/AVAKeyword
instanceKlass java/util/StringJoiner
instanceKlass sun/security/jca/ServiceId
instanceKlass java/security/Signature$1
instanceKlass jdk/internal/access/JavaSecuritySignatureAccess
instanceKlass java/security/SignatureSpi
instanceKlass sun/security/util/SignatureUtil
instanceKlass sun/security/provider/ByteArrayAccess$BE
instanceKlass sun/security/provider/ByteArrayAccess
instanceKlass sun/security/util/MessageDigestSpi2
instanceKlass java/security/MessageDigestSpi
instanceKlass sun/security/pkcs/SigningCertificateInfo$ESSCertId
instanceKlass  @bci sun/security/pkcs/PKCS9Attribute <clinit> ()V 531 <appendix> argL0 ; # sun/security/pkcs/PKCS9Attribute$$Lambda+0x000000002302e828
instanceKlass  @bci sun/security/pkcs/PKCS9Attribute <clinit> ()V 526 <appendix> argL0 ; # sun/security/pkcs/PKCS9Attribute$$Lambda+0x000000002302e600
instanceKlass  @bci sun/security/pkcs/PKCS9Attribute <clinit> ()V 504 <appendix> argL0 ; # sun/security/pkcs/PKCS9Attribute$$Lambda+0x000000002302e3d8
instanceKlass  @bci sun/security/pkcs/PKCS9Attribute <clinit> ()V 499 <appendix> argL0 ; # sun/security/pkcs/PKCS9Attribute$$Lambda+0x000000002302e1b0
instanceKlass  @bci sun/security/pkcs/PKCS9Attribute <clinit> ()V 477 <appendix> argL0 ; # sun/security/pkcs/PKCS9Attribute$$Lambda+0x000000002302df88
instanceKlass  @bci sun/security/pkcs/PKCS9Attribute <clinit> ()V 472 <appendix> argL0 ; # sun/security/pkcs/PKCS9Attribute$$Lambda+0x000000002302dd60
instanceKlass sun/security/pkcs/SigningCertificateInfo
instanceKlass  @bci sun/security/pkcs/PKCS9Attribute <clinit> ()V 449 <appendix> argL0 ; # sun/security/pkcs/PKCS9Attribute$$Lambda+0x000000002302d918
instanceKlass  @cpi org/eclipse/core/internal/content/ContentTypeManager$DebuggingHolder 59 form vmentry <vmtarget> ; # java/lang/invoke/LambdaForm$DMH+0x0000000023050c00
instanceKlass  @bci sun/security/pkcs/PKCS9Attribute <clinit> ()V 444 <appendix> argL0 ; # sun/security/pkcs/PKCS9Attribute$$Lambda+0x000000002302d6f0
instanceKlass  @bci sun/security/pkcs/PKCS9Attribute <clinit> ()V 401 <appendix> argL0 ; # sun/security/pkcs/PKCS9Attribute$$Lambda+0x000000002302d4c8
instanceKlass  @bci sun/security/pkcs/PKCS9Attribute <clinit> ()V 396 <appendix> argL0 ; # sun/security/pkcs/PKCS9Attribute$$Lambda+0x000000002302d2a0
instanceKlass  @bci sun/security/pkcs/PKCS9Attribute <clinit> ()V 353 <appendix> argL0 ; # sun/security/pkcs/PKCS9Attribute$$Lambda+0x000000002302d078
instanceKlass  @bci sun/security/pkcs/PKCS9Attribute <clinit> ()V 348 <appendix> argL0 ; # sun/security/pkcs/PKCS9Attribute$$Lambda+0x000000002302ce50
instanceKlass  @bci sun/security/pkcs/PKCS9Attribute <clinit> ()V 325 <appendix> argL0 ; # sun/security/pkcs/PKCS9Attribute$$Lambda+0x000000002302cc28
instanceKlass  @bci sun/security/pkcs/PKCS9Attribute <clinit> ()V 320 <appendix> argL0 ; # sun/security/pkcs/PKCS9Attribute$$Lambda+0x000000002302ca00
instanceKlass  @bci sun/security/pkcs/PKCS9Attribute <clinit> ()V 292 <appendix> argL0 ; # sun/security/pkcs/PKCS9Attribute$$Lambda+0x000000002302c7d8
instanceKlass  @bci sun/security/pkcs/PKCS9Attribute <clinit> ()V 287 <appendix> argL0 ; # sun/security/pkcs/PKCS9Attribute$$Lambda+0x000000002302c5b0
instanceKlass  @bci sun/security/pkcs/PKCS9Attribute <clinit> ()V 265 <appendix> argL0 ; # sun/security/pkcs/PKCS9Attribute$$Lambda+0x000000002302c388
instanceKlass  @bci sun/security/pkcs/PKCS9Attribute <clinit> ()V 260 <appendix> argL0 ; # sun/security/pkcs/PKCS9Attribute$$Lambda+0x000000002302c160
instanceKlass  @bci sun/security/pkcs/PKCS9Attribute <clinit> ()V 238 <appendix> argL0 ; # sun/security/pkcs/PKCS9Attribute$$Lambda+0x000000002302bf38
instanceKlass  @bci sun/security/pkcs/PKCS9Attribute <clinit> ()V 233 <appendix> argL0 ; # sun/security/pkcs/PKCS9Attribute$$Lambda+0x000000002302bd10
instanceKlass  @bci sun/security/pkcs/PKCS9Attribute <clinit> ()V 185 <appendix> argL0 ; # sun/security/pkcs/PKCS9Attribute$$Lambda+0x000000002302bae8
instanceKlass  @bci sun/security/pkcs/PKCS9Attribute <clinit> ()V 180 <appendix> argL0 ; # sun/security/pkcs/PKCS9Attribute$$Lambda+0x000000002302b8c0
instanceKlass  @bci sun/security/pkcs/PKCS9Attribute <clinit> ()V 157 <appendix> argL0 ; # sun/security/pkcs/PKCS9Attribute$$Lambda+0x000000002302b480
instanceKlass sun/security/pkcs/PKCS9Attribute$Encoder
instanceKlass  @bci sun/security/pkcs/PKCS9Attribute <clinit> ()V 152 <appendix> argL0 ; # sun/security/pkcs/PKCS9Attribute$$Lambda+0x000000002302b258
instanceKlass sun/security/pkcs/PKCS9Attribute$Decoder
instanceKlass sun/security/pkcs/PKCS9Attribute
instanceKlass sun/security/pkcs/PKCS9Attributes
instanceKlass java/time/zone/ZoneOffsetTransition
instanceKlass java/time/LocalTime
instanceKlass java/time/Instant
instanceKlass java/time/temporal/ValueRange
instanceKlass java/time/Duration
instanceKlass java/time/temporal/TemporalAmount
instanceKlass java/time/temporal/TemporalUnit
instanceKlass java/time/temporal/TemporalField
instanceKlass java/time/LocalDate
instanceKlass java/time/chrono/ChronoLocalDate
instanceKlass java/time/ZonedDateTime
instanceKlass java/time/chrono/ChronoZonedDateTime
instanceKlass java/time/LocalDateTime
instanceKlass java/time/chrono/ChronoLocalDateTime
instanceKlass java/time/temporal/Temporal
instanceKlass java/time/zone/ZoneOffsetTransitionRule
instanceKlass java/time/zone/ZoneRules
instanceKlass java/lang/invoke/VarHandle$AccessDescriptor
instanceKlass java/util/concurrent/atomic/AtomicReferenceArray
instanceKlass java/time/temporal/TemporalAdjuster
instanceKlass java/time/temporal/TemporalAccessor
instanceKlass java/time/ZoneId
instanceKlass  @bci java/util/regex/CharPredicates ASCII_DIGIT ()Ljava/util/regex/Pattern$BmpCharPredicate; 0 <appendix> argL0 ; # java/util/regex/CharPredicates$$Lambda+0x800000024
instanceKlass  @bci java/util/regex/CharPredicates ASCII_SPACE ()Ljava/util/regex/Pattern$BmpCharPredicate; 0 <appendix> argL0 ; # java/util/regex/CharPredicates$$Lambda+0x800000025
instanceKlass java/util/regex/CharPredicates
instanceKlass sun/security/util/DisabledAlgorithmConstraints$Constraints$Holder
instanceKlass sun/security/util/DisabledAlgorithmConstraints$Constraint
instanceKlass java/util/StringTokenizer
instanceKlass java/security/spec/ECFieldF2m
instanceKlass java/security/spec/ECParameterSpec
instanceKlass java/security/spec/ECPoint
instanceKlass java/security/spec/EllipticCurve
instanceKlass java/security/spec/ECFieldFp
instanceKlass java/security/spec/ECField
instanceKlass sun/security/util/CurveDB
instanceKlass sun/security/util/DisabledAlgorithmConstraints$Constraints
instanceKlass java/util/TreeMap$PrivateEntryIterator
instanceKlass java/util/NavigableSet
instanceKlass java/util/SortedSet
instanceKlass sun/security/util/AlgorithmDecomposer
instanceKlass sun/security/util/DisabledAlgorithmConstraints$JarHolder
instanceKlass  @bci java/util/regex/Pattern DOT ()Ljava/util/regex/Pattern$CharPredicate; 0 <appendix> argL0 ; # java/util/regex/Pattern$$Lambda+0x0000000023023fb0
instanceKlass java/util/regex/ASCII
instanceKlass sun/security/util/AbstractAlgorithmConstraints
instanceKlass java/security/AlgorithmConstraints
instanceKlass sun/security/pkcs/SignerInfo
instanceKlass java/security/cert/PolicyQualifierInfo
instanceKlass sun/security/x509/CertificatePolicyId
instanceKlass sun/security/x509/PolicyInformation
instanceKlass sun/security/x509/DistributionPoint
instanceKlass sun/security/x509/DNSName
instanceKlass sun/security/x509/URIName
instanceKlass sun/security/x509/GeneralName
instanceKlass sun/security/x509/AccessDescription
instanceKlass sun/security/x509/GeneralNames
instanceKlass java/lang/invoke/VarForm
instanceKlass java/lang/invoke/VarHandleGuards
instanceKlass java/lang/invoke/VarHandles
instanceKlass java/lang/System$Logger
instanceKlass jdk/internal/event/EventHelper
instanceKlass sun/security/jca/JCAUtil
instanceKlass sun/security/util/MemoryCache$CacheEntry
instanceKlass sun/security/x509/KeyIdentifier
instanceKlass java/util/TreeMap$Entry
# instanceKlass java/lang/invoke/LambdaForm$MH+0x0000000023050800
instanceKlass sun/security/x509/OIDMap$OIDInfo
instanceKlass sun/security/x509/PKIXExtensions
instanceKlass sun/security/x509/OIDMap
instanceKlass sun/security/x509/Extension
instanceKlass java/security/cert/Extension
instanceKlass java/util/Collections$SynchronizedMap
instanceKlass java/util/NavigableMap
instanceKlass java/util/SortedMap
instanceKlass sun/security/x509/CertificateExtensions
instanceKlass sun/security/rsa/RSAUtil
instanceKlass java/security/interfaces/RSAPublicKey
instanceKlass java/security/interfaces/RSAKey
instanceKlass  @bci sun/security/rsa/RSAKeyFactory generatePublic (Ljava/security/spec/KeySpec;)Ljava/security/PublicKey; 6 <appendix> member <vmtarget> ; # sun/security/rsa/RSAKeyFactory$$TypeSwitch+0x000000002301d710
instanceKlass java/lang/classfile/MethodModel
instanceKlass java/lang/classfile/FieldModel
instanceKlass  @bci jdk/internal/classfile/impl/ClassFileImpl attributeMapper ()Ljava/util/function/Function; 7 <appendix> argL0 ; # jdk/internal/classfile/impl/ClassFileImpl$$Lambda+0x80000004b
instanceKlass java/lang/classfile/ClassModel
instanceKlass java/lang/classfile/AttributedElement
instanceKlass java/lang/classfile/CompoundElement
instanceKlass java/util/TimSort
instanceKlass java/util/Arrays$LegacyMergeSort
instanceKlass jdk/internal/classfile/impl/StackMapDecoder$1
instanceKlass jdk/internal/classfile/impl/StackMapDecoder
instanceKlass java/lang/classfile/attribute/StackMapTableAttribute
instanceKlass java/lang/classfile/instruction/SwitchCase
instanceKlass java/lang/classfile/attribute/StackMapFrameInfo
instanceKlass  @bci java/lang/runtime/SwitchBootstraps generateTypeSwitchSkeleton (Ljava/lang/Class;[Ljava/lang/Object;Ljava/util/List;Ljava/util/List;)Ljava/util/function/Consumer; 45 <appendix> member <vmtarget> ; # java/lang/runtime/SwitchBootstraps$$Lambda+0x800000019
instanceKlass java/lang/classfile/AccessFlags
instanceKlass  @bci java/lang/runtime/SwitchBootstraps generateTypeSwitch (Ljava/lang/invoke/MethodHandles$Lookup;Ljava/lang/Class;[Ljava/lang/Object;)Ljava/lang/invoke/MethodHandle; 70 <appendix> member <vmtarget> ; # java/lang/runtime/SwitchBootstraps$$Lambda+0x800000018
instanceKlass java/lang/classfile/ClassFile$Option
instanceKlass java/lang/invoke/DirectMethodHandle$1
instanceKlass java/lang/classfile/attribute/StackMapFrameInfo$ObjectVerificationTypeInfo
instanceKlass java/lang/classfile/attribute/StackMapFrameInfo$VerificationTypeInfo
instanceKlass java/util/function/BiPredicate
instanceKlass jdk/internal/misc/PreviewFeatures
instanceKlass java/lang/runtime/SwitchBootstraps
instanceKlass java/security/spec/PSSParameterSpec
instanceKlass java/security/spec/AlgorithmParameterSpec
instanceKlass java/security/spec/RSAPrivateKeySpec
instanceKlass java/security/spec/RSAPublicKeySpec
instanceKlass java/security/KeyFactorySpi
instanceKlass sun/security/rsa/SunRsaSignEntries
instanceKlass sun/security/jca/ProviderList$ServiceIterator
instanceKlass java/security/KeyFactory
instanceKlass  @bci java/security/spec/EncodedKeySpec <clinit> ()V 0 <appendix> argL0 ; # java/security/spec/EncodedKeySpec$$Lambda+0x00000000230193b0
instanceKlass  @cpi javax/crypto/spec/SecretKeySpec 169 form vmentry <vmtarget> ; # java/lang/invoke/LambdaForm$DMH+0x0000000023050400
instanceKlass jdk/internal/access/JavaSecuritySpecAccess
instanceKlass java/security/spec/EncodedKeySpec
instanceKlass java/security/spec/KeySpec
instanceKlass sun/security/util/BitArray
instanceKlass sun/security/x509/X509Key
instanceKlass java/security/PublicKey
instanceKlass java/security/AsymmetricKey
instanceKlass java/security/Key
instanceKlass sun/security/x509/CertificateX509Key
instanceKlass sun/util/calendar/CalendarUtils
instanceKlass sun/util/calendar/CalendarDate
instanceKlass sun/security/x509/CertificateValidity
instanceKlass sun/security/x509/AVA
instanceKlass sun/security/x509/RDN
instanceKlass sun/security/x509/X500Name
instanceKlass sun/security/x509/GeneralNameInterface
instanceKlass sun/security/x509/CertificateAlgorithmId
instanceKlass sun/security/x509/SerialNumber
instanceKlass sun/security/x509/CertificateSerialNumber
instanceKlass sun/security/x509/CertificateVersion
instanceKlass sun/security/x509/X509CertInfo
instanceKlass sun/security/util/Cache$EqualByteArray
instanceKlass java/security/DEREncodable
instanceKlass java/security/cert/X509Extension
instanceKlass  @bci sun/security/util/DerInputStream seeOptionalContextSpecific (I)Z 2 <appendix> member <vmtarget> ; # sun/security/util/DerInputStream$$Lambda+0x00000000230160e0
instanceKlass  @cpi org/eclipse/jdt/internal/compiler/ClassFile 3307 form vmentry <vmtarget> ; # java/lang/invoke/LambdaForm$DMH+0x0000000023050000
instanceKlass sun/security/jca/GetInstance$Instance
instanceKlass sun/security/util/Cache
instanceKlass jdk/internal/event/Event
instanceKlass sun/security/jca/GetInstance
instanceKlass java/security/cert/CertificateFactorySpi
instanceKlass java/security/cert/CertificateFactory
instanceKlass sun/security/x509/AlgorithmId
instanceKlass sun/util/calendar/CalendarSystem$GregorianHolder
instanceKlass sun/util/calendar/CalendarSystem
instanceKlass java/util/Date
instanceKlass sun/security/util/ByteArrayTagOrder
instanceKlass sun/security/util/ByteArrayLexOrder
instanceKlass sun/security/util/DerValue
instanceKlass sun/security/util/ObjectIdentifier
instanceKlass sun/security/pkcs/ContentInfo
instanceKlass sun/security/util/DerEncoder
instanceKlass sun/security/util/DerInputStream
instanceKlass sun/security/pkcs/PKCS7
instanceKlass java/util/LinkedHashMap$LinkedHashIterator
instanceKlass sun/security/util/SecurityProviderConstants
instanceKlass java/security/Provider$UString
instanceKlass java/security/Provider$Service
instanceKlass sun/security/provider/NativePRNG$NonBlocking
instanceKlass sun/security/provider/NativePRNG$Blocking
instanceKlass sun/security/provider/NativePRNG
instanceKlass sun/security/provider/SunEntries
instanceKlass java/security/Permission
instanceKlass java/security/Guard
instanceKlass sun/security/util/SecurityConstants
instanceKlass java/security/Security$2
instanceKlass jdk/internal/access/JavaSecurityPropertiesAccess
instanceKlass java/util/concurrent/ConcurrentHashMap$MapEntry
instanceKlass sun/nio/ch/IOStatus
instanceKlass sun/nio/ch/Util$BufferCache
instanceKlass sun/nio/ch/Util
instanceKlass sun/nio/ch/NativeThread
instanceKlass java/util/Properties$LineReader
instanceKlass sun/nio/ch/SelChImpl
instanceKlass java/nio/channels/NetworkChannel
instanceKlass sun/nio/ch/Streams
instanceKlass java/nio/channels/Channels
instanceKlass sun/nio/ch/FileChannelImpl$Closer
instanceKlass sun/nio/ch/NativeThreadSet
instanceKlass java/nio/channels/spi/AbstractInterruptibleChannel$1
instanceKlass sun/nio/ch/Interruptible
instanceKlass sun/nio/ch/IOUtil
instanceKlass sun/nio/ch/NativeDispatcher
instanceKlass java/nio/channels/ScatteringByteChannel
instanceKlass java/nio/channels/GatheringByteChannel
instanceKlass java/nio/channels/SeekableByteChannel
instanceKlass java/nio/channels/ByteChannel
instanceKlass java/nio/channels/WritableByteChannel
instanceKlass java/nio/channels/ReadableByteChannel
instanceKlass java/nio/channels/spi/AbstractInterruptibleChannel
instanceKlass java/nio/channels/InterruptibleChannel
instanceKlass java/nio/channels/Channel
instanceKlass java/util/Collections$EmptyIterator
instanceKlass sun/nio/fs/WindowsChannelFactory$Flags
instanceKlass sun/nio/fs/WindowsChannelFactory$1
instanceKlass sun/nio/fs/WindowsChannelFactory
instanceKlass sun/nio/fs/WindowsSecurityDescriptor
instanceKlass java/nio/file/attribute/FileAttribute
instanceKlass sun/nio/fs/WindowsLinkSupport
instanceKlass java/nio/file/FileSystems$DefaultFileSystemHolder
instanceKlass java/nio/file/FileSystems
instanceKlass java/security/Security$SecPropLoader
instanceKlass java/security/Security
instanceKlass jdk/internal/math/FloatingDecimal$ASCIIToBinaryBuffer
instanceKlass jdk/internal/math/MathUtils
instanceKlass jdk/internal/math/FloatingDecimal$PreparedASCIIToBinaryBuffer
instanceKlass jdk/internal/math/FloatingDecimal$ASCIIToBinaryConverter
instanceKlass jdk/internal/math/FloatingDecimal$BinaryToASCIIBuffer
instanceKlass jdk/internal/math/FloatingDecimal$ExceptionalBinaryToASCIIBuffer
instanceKlass jdk/internal/math/FloatingDecimal$BinaryToASCIIConverter
instanceKlass jdk/internal/math/FloatingDecimal
instanceKlass javax/security/auth/login/Configuration$Parameters
instanceKlass java/security/Policy$Parameters
instanceKlass javax/crypto/KDFParameters
instanceKlass java/security/cert/CertStoreParameters
instanceKlass java/security/SecureRandomParameters
instanceKlass java/security/Provider$EngineDescription
instanceKlass  @bci java/security/Provider <clinit> ()V 28 <appendix> argL0 ; # java/security/Provider$$Lambda+0x000000002300e8b8
instanceKlass java/security/Provider$ServiceKey
instanceKlass sun/security/jca/ProviderConfig
instanceKlass sun/security/jca/ProviderList
instanceKlass sun/security/jca/Providers
instanceKlass  @bci sun/security/util/ManifestDigester <init> ([B)V 350 <appendix> argL0 ; # sun/security/util/ManifestDigester$$Lambda+0x000000002300c738
instanceKlass sun/security/util/ManifestDigester$Section
instanceKlass sun/security/util/ManifestDigester$Entry
instanceKlass sun/security/util/ManifestDigester$Position
instanceKlass sun/security/util/ManifestDigester
instanceKlass sun/security/util/ManifestEntryVerifier
instanceKlass jdk/internal/misc/ThreadTracker
instanceKlass java/util/jar/JarFile$ThreadTrackHolder
instanceKlass java/util/jar/JarVerifier
instanceKlass sun/nio/cs/ArrayDecoder
instanceKlass java/nio/charset/CharsetDecoder
instanceKlass sun/launcher/LauncherHelper
instanceKlass sun/usagetracker/UsageTrackerClient
instanceKlass jdk/internal/util/EnvUtils
instanceKlass jdk/internal/vm/PostVMInitHook
instanceKlass lombok/patcher/scripts/ScriptBuilder$SetSymbolDuringMethodCallBuilder
instanceKlass lombok/patcher/scripts/ScriptBuilder$ReplaceMethodCallBuilder
instanceKlass lombok/eclipse/agent/EclipsePatcher$4
instanceKlass lombok/eclipse/agent/EclipsePatcher$3
instanceKlass lombok/patcher/scripts/ScriptBuilder$WrapMethodCallBuilder
instanceKlass lombok/patcher/ScriptManager$WitnessAction
instanceKlass lombok/patcher/scripts/ScriptBuilder$WrapReturnValueBuilder
instanceKlass lombok/patcher/ClassRootFinder
instanceKlass lombok/patcher/scripts/ScriptBuilder$AddFieldBuilder
instanceKlass java/util/Collections$1
instanceKlass lombok/patcher/PatchScript$MethodPatcherFactory
instanceKlass org/lombokweb/asm/ClassVisitor
instanceKlass lombok/patcher/Hook
instanceKlass  @bci java/util/regex/Pattern negate (Ljava/util/regex/Pattern$CharPredicate;)Ljava/util/regex/Pattern$CharPredicate; 1 <appendix> member <vmtarget> ; # java/util/regex/Pattern$$Lambda+0x80000002f
instanceKlass java/util/regex/Pattern$BitClass
instanceKlass lombok/patcher/MethodTarget
instanceKlass lombok/patcher/scripts/ScriptBuilder$ExitEarlyBuilder
instanceKlass lombok/patcher/scripts/ScriptBuilder
instanceKlass lombok/eclipse/agent/EclipseLoaderPatcher
instanceKlass lombok/eclipse/agent/EclipsePatcher$2
instanceKlass lombok/eclipse/agent/EclipsePatcher$1
# instanceKlass java/lang/invoke/LambdaForm$MH+0x000000002304b800
# instanceKlass java/lang/invoke/LambdaForm$MH+0x000000002304b400
# instanceKlass java/lang/invoke/LambdaForm$MH+0x000000002304b000
# instanceKlass java/lang/invoke/LambdaForm$MH+0x000000002304ac00
# instanceKlass java/lang/invoke/LambdaForm$BMH+0x000000002304a800
# instanceKlass java/lang/invoke/LambdaForm$DMH+0x000000002304a400
# instanceKlass java/lang/invoke/LambdaForm$DMH+0x000000002304a000
instanceKlass java/lang/instrument/ClassDefinition
instanceKlass lombok/patcher/ScriptManager$OurClassFileTransformer
instanceKlass lombok/patcher/Filter$1
instanceKlass lombok/patcher/TransplantMapper$1
instanceKlass java/lang/instrument/ClassFileTransformer
instanceKlass lombok/patcher/ScriptManager
instanceKlass lombok/patcher/TransplantMapper
instanceKlass lombok/patcher/Filter
instanceKlass lombok/patcher/PatchScript
instanceKlass lombok/patcher/TargetMatcher
instanceKlass lombok/eclipse/agent/EclipsePatcher
instanceKlass lombok/core/AgentLauncher$AgentLaunchable
# instanceKlass java/lang/invoke/LambdaForm$MH+0x0000000023047800
# instanceKlass java/lang/invoke/LambdaForm$MH+0x0000000023047400
# instanceKlass java/lang/invoke/LambdaForm$MH+0x0000000023047000
instanceKlass jdk/internal/classfile/impl/BytecodeHelpers$1
# instanceKlass java/lang/invoke/LambdaForm$MH+0x0000000023046c00
# instanceKlass java/lang/invoke/LambdaForm$DMH+0x0000000023046800
# instanceKlass java/lang/invoke/LambdaForm$DMH+0x0000000023046400
# instanceKlass java/lang/invoke/LambdaForm$DMH+0x0000000023046000
instanceKlass java/lang/ClassValue$RemovalToken
instanceKlass java/lang/ClassValue$Identity
instanceKlass java/lang/ClassValue$Entry
instanceKlass java/lang/ClassValue
instanceKlass java/lang/invoke/MethodHandleImpl$ArrayAccessor
instanceKlass java/lang/invoke/MethodHandleImpl$CasesHolder
instanceKlass java/lang/invoke/MethodHandleImpl$LoopClauses
# instanceKlass java/lang/invoke/LambdaForm$MH+0x0000000023045c00
# instanceKlass java/lang/invoke/LambdaForm$MH+0x0000000023045800
# instanceKlass java/lang/invoke/LambdaForm$MH+0x0000000023045400
# instanceKlass java/lang/invoke/LambdaForm$MH+0x0000000023045000
# instanceKlass java/lang/invoke/LambdaForm$BMH+0x0000000023044c00
# instanceKlass java/lang/invoke/LambdaForm$DMH+0x0000000023044800
# instanceKlass java/lang/invoke/LambdaForm$MH+0x0000000023044400
# instanceKlass java/lang/invoke/LambdaForm$DMH+0x0000000023044000
instanceKlass java/lang/invoke/ClassSpecializer$Factory$1$5$1
instanceKlass java/lang/classfile/attribute/ExceptionsAttribute
instanceKlass java/lang/invoke/ClassSpecializer$Factory$1$5
instanceKlass java/lang/invoke/ClassSpecializer$Factory$1$4
instanceKlass java/lang/invoke/ClassSpecializer$Factory$1$3
instanceKlass java/lang/invoke/ClassSpecializer$Factory$1$2
instanceKlass java/lang/invoke/ClassSpecializer$Factory$1$1Var
instanceKlass java/lang/invoke/ClassSpecializer$Factory$1$1
instanceKlass java/lang/invoke/ClassSpecializer$Factory$1
instanceKlass java/lang/invoke/MethodHandles$1
instanceKlass sun/invoke/util/ValueConversions$1
instanceKlass sun/invoke/util/ValueConversions$WrapperCache
# instanceKlass java/lang/invoke/LambdaForm$DMH+0x0000000023043400
instanceKlass jdk/internal/foreign/MemorySessionImpl
instanceKlass java/lang/foreign/MemorySegment$Scope
instanceKlass lombok/core/AgentLauncher$AgentInfo
instanceKlass lombok/core/AgentLauncher
instanceKlass java/util/IdentityHashMap$IdentityHashMapIterator
instanceKlass lombok/launch/ClassFileMetaData
instanceKlass  @cpi org/apache/commons/lang3/function/Suppliers 52 form vmentry <vmtarget> ; # java/lang/invoke/LambdaForm$DMH+0x0000000023043000
instanceKlass sun/net/www/MessageHeader
instanceKlass sun/net/www/protocol/jar/JarFileFactory
instanceKlass sun/net/www/protocol/jar/URLJarFile$URLJarFileCloseController
instanceKlass java/net/URLConnection
instanceKlass java/net/URI$Parser
instanceKlass java/util/zip/ZipFile$ZipEntryIterator
instanceKlass java/util/WeakHashMap$HashIterator
instanceKlass java/net/URLDecoder
instanceKlass java/util/regex/IntHashSet
instanceKlass java/util/regex/Matcher
instanceKlass java/util/regex/MatchResult
instanceKlass java/util/regex/Pattern$TreeInfo
instanceKlass  @bci java/util/regex/Pattern Single (I)Ljava/util/regex/Pattern$BmpCharPredicate; 1 <appendix> member <vmtarget> ; # java/util/regex/Pattern$$Lambda+0x800000027
instanceKlass java/util/regex/Pattern$BmpCharPredicate
instanceKlass java/util/regex/Pattern$CharPredicate
instanceKlass java/util/regex/Pattern$Node
instanceKlass java/util/regex/Pattern
instanceKlass jdk/internal/jimage/ImageLocation
instanceKlass jdk/internal/jimage/decompressor/Decompressor
instanceKlass jdk/internal/jimage/ImageStringsReader
instanceKlass jdk/internal/jimage/ImageStrings
instanceKlass jdk/internal/jimage/ImageHeader
instanceKlass jdk/internal/jimage/NativeImageBuffer$1
instanceKlass jdk/internal/jimage/NativeImageBuffer
instanceKlass java/security/AccessControlContext
instanceKlass java/security/AccessController
instanceKlass jdk/internal/jimage/BasicImageReader$1
instanceKlass java/security/PrivilegedAction
instanceKlass jdk/internal/jimage/BasicImageReader
instanceKlass jdk/internal/jimage/ImageReader
instanceKlass jdk/internal/jimage/ImageReaderFactory$1
instanceKlass jdk/internal/jimage/ImageReaderFactory
instanceKlass jdk/internal/module/SystemModuleFinders$SystemImage
instanceKlass jdk/internal/module/SystemModuleFinders$SystemModuleReader
instanceKlass java/lang/module/ModuleReader
instanceKlass jdk/internal/loader/BuiltinClassLoader$2
instanceKlass jdk/internal/module/Resources
instanceKlass java/util/Arrays$ArrayItr
instanceKlass lombok/launch/PackageShader
instanceKlass java/io/Reader
instanceKlass lombok/launch/Main
instanceKlass  @bci jdk/internal/reflect/DirectMethodHandleAccessor invokeImpl (Ljava/lang/Object;[Ljava/lang/Object;)Ljava/lang/Object; 72 <adapter> ; # java/lang/invoke/LambdaForm$MH+0x0000000023042400
# instanceKlass java/lang/invoke/LambdaForm$MH+0x0000000023042000
# instanceKlass java/lang/invoke/LambdaForm$MH+0x0000000023041c00
# instanceKlass java/lang/invoke/LambdaForm$MH+0x0000000023041800
instanceKlass  @bci org/eclipse/jdt/internal/core/JavaModelManager$VariablesAndContainersSaveHelper save (Lorg/eclipse/core/resources/ISaveContext;)V 71 <appendix> form vmentry <vmtarget> ; # java/lang/invoke/LambdaForm$MH+0x0000000023041400
# instanceKlass java/lang/invoke/LambdaForm$MH+0x0000000023041000
instanceKlass lombok/launch/Agent
instanceKlass java/security/PermissionCollection
instanceKlass java/security/SecureClassLoader$1
instanceKlass java/util/zip/Checksum$1
instanceKlass java/util/zip/CRC32
instanceKlass java/util/zip/Checksum
instanceKlass sun/nio/ByteBuffered
instanceKlass java/lang/Package$VersionInfo
instanceKlass java/lang/NamedPackage
instanceKlass java/util/jar/Attributes
instanceKlass jdk/internal/loader/Resource
instanceKlass sun/security/util/Debug
instanceKlass sun/security/util/SignatureFileVerifier
instanceKlass java/util/zip/ZipFile$InflaterCleanupAction
instanceKlass java/util/zip/Inflater$InflaterZStreamRef
instanceKlass java/util/zip/Inflater
instanceKlass java/util/zip/ZipEntry
instanceKlass java/nio/Bits$1
instanceKlass jdk/internal/misc/VM$BufferPool
instanceKlass java/nio/Bits
instanceKlass sun/nio/ch/DirectBuffer
instanceKlass jdk/internal/perf/PerfCounter$CoreCounters
instanceKlass jdk/internal/perf/Perf
instanceKlass jdk/internal/perf/PerfCounter
instanceKlass java/util/Locale$LocaleCache
instanceKlass jdk/internal/util/ReferencedKeyMap$1
instanceKlass sun/util/locale/BaseLocale$1InterningCache
instanceKlass sun/util/locale/LocaleUtils
instanceKlass java/util/Locale
instanceKlass java/nio/file/attribute/FileTime
instanceKlass java/util/zip/ZipUtils
instanceKlass java/util/zip/ZipFile$Source$End
instanceKlass java/io/RandomAccessFile$2
instanceKlass jdk/internal/access/JavaIORandomAccessFileAccess
instanceKlass java/io/RandomAccessFile
instanceKlass java/io/DataInput
instanceKlass java/io/DataOutput
instanceKlass sun/nio/fs/WindowsNativeDispatcher$CompletionStatus
instanceKlass sun/nio/fs/WindowsNativeDispatcher$AclInformation
instanceKlass sun/nio/fs/WindowsNativeDispatcher$Account
instanceKlass sun/nio/fs/WindowsNativeDispatcher$DiskFreeSpace
instanceKlass sun/nio/fs/WindowsNativeDispatcher$VolumeInformation
instanceKlass sun/nio/fs/WindowsNativeDispatcher$FirstStream
instanceKlass sun/nio/fs/WindowsNativeDispatcher$FirstFile
instanceKlass java/util/Enumeration
instanceKlass java/util/concurrent/ConcurrentHashMap$Traverser
instanceKlass sun/nio/fs/WindowsNativeDispatcher
instanceKlass sun/nio/fs/NativeBuffer$Deallocator
instanceKlass sun/nio/fs/NativeBuffer
instanceKlass java/lang/ThreadLocal$ThreadLocalMap
instanceKlass java/lang/ThreadLocal
instanceKlass sun/nio/fs/NativeBuffers
instanceKlass sun/nio/fs/WindowsFileAttributes
instanceKlass java/nio/file/attribute/DosFileAttributes
instanceKlass sun/nio/fs/AbstractBasicFileAttributeView
instanceKlass sun/nio/fs/DynamicFileAttributeView
instanceKlass sun/nio/fs/WindowsFileAttributeViews
instanceKlass sun/nio/fs/Util
instanceKlass java/nio/file/attribute/BasicFileAttributeView
instanceKlass java/nio/file/attribute/FileAttributeView
instanceKlass java/nio/file/attribute/AttributeView
instanceKlass java/nio/file/Files
instanceKlass java/nio/file/CopyOption
instanceKlass java/nio/file/attribute/BasicFileAttributes
instanceKlass sun/nio/fs/WindowsPath
instanceKlass java/util/zip/ZipFile$Source$Key
instanceKlass sun/nio/fs/WindowsPathParser
instanceKlass java/nio/file/FileSystem
instanceKlass java/nio/file/OpenOption
instanceKlass java/nio/file/spi/FileSystemProvider
instanceKlass sun/nio/fs/DefaultFileSystemProvider
instanceKlass java/util/zip/ZipFile$Source
instanceKlass java/lang/ref/Cleaner$Cleanable
instanceKlass jdk/internal/ref/CleanerImpl$CleanableList$Node
instanceKlass jdk/internal/ref/CleanerImpl$CleanableList
instanceKlass jdk/internal/ref/CleanerImpl
instanceKlass java/lang/ref/Cleaner$1
instanceKlass java/lang/ref/Cleaner
instanceKlass jdk/internal/ref/CleanerFactory$1
instanceKlass java/util/concurrent/ThreadFactory
instanceKlass jdk/internal/ref/CleanerFactory
instanceKlass java/util/zip/ZipFile$CleanableResource
instanceKlass java/util/zip/ZipCoder
instanceKlass java/lang/Runtime$Version
instanceKlass java/util/jar/JavaUtilJarAccessImpl
instanceKlass jdk/internal/access/JavaUtilJarAccess
instanceKlass jdk/internal/loader/FileURLMapper
instanceKlass java/util/zip/ZipFile$1
instanceKlass jdk/internal/access/JavaUtilZipFileAccess
instanceKlass java/util/BitSet
instanceKlass java/util/zip/ZipFile
instanceKlass java/util/zip/ZipConstants
instanceKlass jdk/internal/loader/URLClassPath$Loader
instanceKlass sun/net/util/URLUtil
instanceKlass sun/instrument/TransformerManager$TransformerInfo
instanceKlass sun/instrument/TransformerManager
instanceKlass jdk/internal/loader/NativeLibraries$2
instanceKlass jdk/internal/loader/NativeLibrary
instanceKlass java/util/ArrayDeque$DeqIterator
instanceKlass jdk/internal/loader/NativeLibraries$NativeLibraryContext$1
instanceKlass jdk/internal/loader/NativeLibraries$NativeLibraryContext
instanceKlass jdk/internal/loader/NativeLibraries$1
instanceKlass jdk/internal/loader/NativeLibraries$LibraryPaths
instanceKlass jdk/internal/reflect/Reflection$1Holder
instanceKlass sun/instrument/InstrumentationImpl
instanceKlass java/lang/instrument/Instrumentation
instanceKlass jdk/internal/vm/ContinuationSupport
instanceKlass jdk/internal/module/ModuleBootstrap$SafeModuleFinder
instanceKlass  @bci java/lang/Module implAddExportsOrOpens (Ljava/lang/String;Ljava/lang/Module;ZZ)V 235 <appendix> member <vmtarget> ; # java/lang/Module$$Lambda+0x0000000023001d90
instanceKlass java/lang/WeakPairMap$Pair$Lookup
instanceKlass java/lang/WeakPairMap$Pair
instanceKlass java/lang/WeakPairMap
instanceKlass java/lang/Module$ReflectionData
instanceKlass  @bci jdk/internal/module/ModuleBootstrap decode (Ljava/lang/String;Ljava/lang/String;Z)Ljava/util/Map; 193 <appendix> argL0 ; # jdk/internal/module/ModuleBootstrap$$Lambda+0x0000000023001b48
instanceKlass jdk/internal/misc/Blocker
instanceKlass java/nio/charset/CoderResult
instanceKlass java/lang/Readable
instanceKlass java/lang/ModuleLayer$Controller
instanceKlass java/util/concurrent/CopyOnWriteArrayList
instanceKlass jdk/internal/module/ServicesCatalog$ServiceProvider
instanceKlass jdk/internal/loader/AbstractClassLoaderValue$Memoizer
instanceKlass java/util/ArrayList$Itr
instanceKlass java/util/Collections$UnmodifiableCollection$1
instanceKlass java/util/SequencedMap
instanceKlass java/util/SequencedSet
instanceKlass java/lang/module/ModuleFinder$1
instanceKlass java/nio/file/Path
instanceKlass java/nio/file/Watchable
instanceKlass java/lang/module/Resolver
instanceKlass java/util/stream/ForEachOps$ForEachOp
instanceKlass java/util/stream/ForEachOps
instanceKlass  @bci jdk/internal/module/ModuleBootstrap boot2 ()Ljava/lang/ModuleLayer; 787 <appendix> member <vmtarget> ; # jdk/internal/module/ModuleBootstrap$$Lambda+0x00000000230010f0
instanceKlass  @cpi com/microsoft/java/debug/core/adapter/handler/LaunchWithoutDebuggingDelegate 392 form vmentry <vmtarget> ; # java/lang/invoke/LambdaForm$DMH+0x0000000023040400
instanceKlass  @bci jdk/internal/module/ModuleBootstrap boot2 ()Ljava/lang/ModuleLayer; 775 <appendix> member <vmtarget> ; # jdk/internal/module/ModuleBootstrap$$Lambda+0x0000000023000e90
instanceKlass  @bci jdk/internal/module/ModuleBootstrap boot2 ()Ljava/lang/ModuleLayer; 763 <appendix> argL0 ; # jdk/internal/module/ModuleBootstrap$$Lambda+0x0000000023000c48
instanceKlass  @bci jdk/internal/module/ModuleBootstrap boot2 ()Ljava/lang/ModuleLayer; 753 <appendix> argL0 ; # jdk/internal/module/ModuleBootstrap$$Lambda+0x0000000023000a00
instanceKlass java/lang/invoke/TypeConvertingMethodAdapter
instanceKlass java/lang/invoke/InnerClassLambdaMetafactory$6
instanceKlass java/lang/invoke/InnerClassLambdaMetafactory$3
instanceKlass java/lang/classfile/Interfaces
instanceKlass java/util/ImmutableCollections$Access$1
instanceKlass jdk/internal/access/JavaUtilCollectionAccess
instanceKlass java/util/ImmutableCollections$Access
instanceKlass java/lang/invoke/InnerClassLambdaMetafactory$1
instanceKlass java/util/Collections$2
instanceKlass java/util/stream/FindOps$FindOp
instanceKlass  @bci java/util/stream/FindOps$FindSink$OfRef <clinit> ()V 6 <appendix> argL0 ; # java/util/stream/FindOps$FindSink$OfRef$$Lambda+0x800000048
instanceKlass  @bci java/util/stream/FindOps$FindSink$OfRef <clinit> ()V 0 <appendix> argL0 ; # java/util/stream/FindOps$FindSink$OfRef$$Lambda+0x800000049
instanceKlass java/util/stream/FindOps$FindSink
instanceKlass java/util/stream/FindOps
instanceKlass  @bci jdk/internal/module/DefaultRoots exportsAPI (Ljava/lang/module/ModuleDescriptor;)Z 9 <appendix> argL0 ; # jdk/internal/module/DefaultRoots$$Lambda+0x80000004f
instanceKlass java/util/stream/Sink$ChainedReference
instanceKlass java/util/stream/ReduceOps$AccumulatingSink
instanceKlass java/util/stream/TerminalSink
instanceKlass java/util/stream/Sink
instanceKlass java/util/stream/ReduceOps$Box
instanceKlass java/util/stream/ReduceOps$ReduceOp
instanceKlass java/util/stream/TerminalOp
instanceKlass java/util/stream/ReduceOps
instanceKlass  @bci java/util/stream/Collectors castingIdentity ()Ljava/util/function/Function; 0 <appendix> argL0 ; # java/util/stream/Collectors$$Lambda+0x800000042
instanceKlass  @bci java/util/stream/Collectors toSet ()Ljava/util/stream/Collector; 14 <appendix> argL0 ; # java/util/stream/Collectors$$Lambda+0x800000040
instanceKlass java/util/function/BinaryOperator
instanceKlass  @bci java/util/stream/Collectors toSet ()Ljava/util/stream/Collector; 9 <appendix> argL0 ; # java/util/stream/Collectors$$Lambda+0x800000038
instanceKlass java/util/function/BiConsumer
instanceKlass  @bci java/util/stream/Collectors toSet ()Ljava/util/stream/Collector; 4 <appendix> argL0 ; # java/util/stream/Collectors$$Lambda+0x800000045
instanceKlass java/util/stream/Collector
instanceKlass java/util/Collections$UnmodifiableCollection
instanceKlass java/util/stream/Collectors
instanceKlass  @bci jdk/internal/module/DefaultRoots compute (Ljava/lang/module/ModuleFinder;Ljava/lang/module/ModuleFinder;)Ljava/util/Set; 42 <appendix> argL0 ; # jdk/internal/module/DefaultRoots$$Lambda+0x80000004c
instanceKlass  @bci jdk/internal/module/DefaultRoots compute (Ljava/lang/module/ModuleFinder;Ljava/lang/module/ModuleFinder;)Ljava/util/Set; 32 <appendix> member <vmtarget> ; # jdk/internal/module/DefaultRoots$$Lambda+0x800000050
instanceKlass  @bci jdk/internal/module/DefaultRoots compute (Ljava/lang/module/ModuleFinder;Ljava/lang/module/ModuleFinder;)Ljava/util/Set; 21 <appendix> argL0 ; # jdk/internal/module/DefaultRoots$$Lambda+0x80000004d
instanceKlass  @bci jdk/internal/module/DefaultRoots compute (Ljava/lang/module/ModuleFinder;Ljava/lang/module/ModuleFinder;)Ljava/util/Set; 11 <appendix> argL0 ; # jdk/internal/module/DefaultRoots$$Lambda+0x80000004e
instanceKlass java/lang/invoke/LambdaProxyClassArchive
instanceKlass java/lang/invoke/InfoFromMemberName
instanceKlass java/lang/invoke/MethodHandleInfo
instanceKlass java/lang/invoke/AbstractValidatingLambdaMetafactory
instanceKlass java/lang/invoke/BootstrapMethodInvoker
instanceKlass java/util/function/Predicate
instanceKlass java/lang/invoke/LambdaMetafactory
# instanceKlass java/lang/invoke/LambdaForm$MH+0x0000000023040000
instanceKlass jdk/internal/util/ModifiedUtf
instanceKlass java/lang/StringCoding
instanceKlass jdk/internal/classfile/impl/ClassReaderImpl
instanceKlass java/lang/classfile/ClassReader
instanceKlass jdk/internal/classfile/impl/ClassHierarchyImpl$CachedClassHierarchyResolver$1
instanceKlass java/lang/classfile/ClassHierarchyResolver$ClassHierarchyInfo
instanceKlass jdk/internal/classfile/impl/ClassHierarchyImpl$CachedClassHierarchyResolver
instanceKlass jdk/internal/classfile/impl/ClassHierarchyImpl$ClassLoadingClassHierarchyResolver$1
instanceKlass jdk/internal/classfile/impl/ClassHierarchyImpl$ClassLoadingClassHierarchyResolver
instanceKlass java/lang/classfile/ClassHierarchyResolver
instanceKlass jdk/internal/classfile/impl/ClassHierarchyImpl
instanceKlass jdk/internal/classfile/impl/RawBytecodeHelper$1
instanceKlass jdk/internal/classfile/impl/RawBytecodeHelper
instanceKlass jdk/internal/classfile/impl/StackMapGenerator$Frame
instanceKlass jdk/internal/classfile/impl/StackMapGenerator
instanceKlass jdk/internal/classfile/impl/AnnotationReader
instanceKlass java/lang/classfile/CustomAttribute
instanceKlass jdk/internal/classfile/impl/TerminalFieldBuilder
instanceKlass java/lang/classfile/FieldBuilder
instanceKlass java/lang/invoke/InvokerBytecodeGenerator$2
instanceKlass jdk/internal/classfile/impl/BytecodeHelpers
instanceKlass java/lang/classfile/constantpool/MethodRefEntry
instanceKlass sun/invoke/empty/Empty
instanceKlass sun/invoke/util/VerifyType
instanceKlass jdk/internal/classfile/impl/DirectCodeBuilder$8
instanceKlass java/lang/classfile/instruction/LabelTarget
instanceKlass java/lang/classfile/Label
instanceKlass jdk/internal/classfile/impl/BufWriterImpl
instanceKlass java/lang/classfile/BufWriter
instanceKlass java/lang/classfile/instruction/LocalVariableType
instanceKlass java/lang/classfile/instruction/LocalVariable
instanceKlass java/lang/classfile/instruction/CharacterRange
instanceKlass java/lang/classfile/PseudoInstruction
instanceKlass java/lang/classfile/CodeElement
instanceKlass jdk/internal/classfile/impl/TerminalCodeBuilder
instanceKlass jdk/internal/classfile/impl/LabelContext
instanceKlass java/lang/classfile/CodeBuilder
instanceKlass java/lang/invoke/InvokerBytecodeGenerator$4$1
instanceKlass java/lang/classfile/constantpool/FieldRefEntry
instanceKlass java/lang/classfile/constantpool/MemberRefEntry
instanceKlass java/lang/classfile/constantpool/NameAndTypeEntry
instanceKlass jdk/internal/classfile/impl/TerminalMethodBuilder
instanceKlass jdk/internal/classfile/impl/MethodInfo
instanceKlass java/lang/classfile/MethodBuilder
instanceKlass java/lang/invoke/InvokerBytecodeGenerator$4
instanceKlass java/lang/classfile/attribute/SourceFileAttribute
instanceKlass java/lang/classfile/Superclass
instanceKlass jdk/internal/classfile/impl/AttributeHolder
instanceKlass java/lang/classfile/ClassBuilder
instanceKlass java/lang/classfile/ClassFileBuilder
instanceKlass jdk/internal/classfile/impl/AbstractDirectBuilder
instanceKlass java/lang/invoke/InvokerBytecodeGenerator$1
instanceKlass jdk/internal/classfile/impl/ClassFileImpl
instanceKlass java/lang/classfile/ClassFile
instanceKlass java/lang/invoke/InvokerBytecodeGenerator$3
instanceKlass java/util/function/Consumer
instanceKlass java/lang/classfile/constantpool/ClassEntry
instanceKlass java/lang/classfile/constantpool/LoadableConstantEntry
instanceKlass jdk/internal/classfile/impl/Util
instanceKlass jdk/internal/classfile/impl/EntryMap
instanceKlass jdk/internal/classfile/impl/BootstrapMethodEntryImpl
instanceKlass java/lang/classfile/BootstrapMethodEntry
instanceKlass jdk/internal/classfile/impl/SplitConstantPool
instanceKlass java/lang/invoke/LambdaFormBuffer
instanceKlass java/lang/invoke/LambdaFormEditor$TransformKey
instanceKlass java/lang/invoke/LambdaFormEditor
instanceKlass java/lang/invoke/Invokers$Holder
instanceKlass java/lang/invoke/DelegatingMethodHandle$Holder
instanceKlass java/lang/invoke/DirectMethodHandle$2
instanceKlass java/lang/invoke/ClassSpecializer$Factory
instanceKlass java/lang/invoke/ClassSpecializer$SpeciesData
instanceKlass java/lang/invoke/ClassSpecializer$1
instanceKlass jdk/internal/vm/annotation/Stable
instanceKlass java/lang/invoke/ClassSpecializer
instanceKlass java/lang/invoke/InvokerBytecodeGenerator$8
instanceKlass jdk/internal/classfile/impl/AbstractAttributeMapper
instanceKlass java/lang/classfile/AttributeMapper
instanceKlass java/lang/classfile/Attributes
instanceKlass jdk/internal/classfile/impl/Util$Writable
instanceKlass jdk/internal/classfile/impl/AbstractElement
instanceKlass java/lang/classfile/attribute/RuntimeVisibleAnnotationsAttribute
instanceKlass java/lang/classfile/FieldElement
instanceKlass java/lang/classfile/MethodElement
instanceKlass java/lang/classfile/ClassElement
instanceKlass java/lang/classfile/Attribute
instanceKlass java/lang/classfile/ClassFileElement
instanceKlass java/lang/classfile/constantpool/Utf8Entry
instanceKlass java/lang/classfile/constantpool/AnnotationConstantValueEntry
instanceKlass java/lang/classfile/constantpool/PoolEntry
instanceKlass jdk/internal/classfile/impl/AbstractPoolEntry
instanceKlass jdk/internal/classfile/impl/TemporaryConstantPool
instanceKlass java/lang/classfile/constantpool/ConstantPoolBuilder
instanceKlass java/lang/classfile/constantpool/ConstantPool
instanceKlass java/lang/classfile/Annotation
instanceKlass java/lang/classfile/AnnotationElement
instanceKlass java/lang/invoke/InvokerBytecodeGenerator
instanceKlass java/lang/invoke/LambdaForm$Holder
instanceKlass java/lang/invoke/LambdaForm$Name
instanceKlass java/lang/reflect/Array
instanceKlass java/lang/invoke/Invokers
instanceKlass sun/invoke/util/ValueConversions
instanceKlass java/lang/invoke/DirectMethodHandle$Holder
instanceKlass java/lang/constant/DynamicConstantDesc
instanceKlass jdk/internal/constant/DirectMethodHandleDescImpl$1
instanceKlass jdk/internal/constant/DirectMethodHandleDescImpl
instanceKlass java/lang/constant/DirectMethodHandleDesc
instanceKlass java/lang/constant/MethodHandleDesc$1
instanceKlass java/lang/constant/MethodHandleDesc
instanceKlass jdk/internal/constant/MethodTypeDescImpl
instanceKlass java/lang/constant/MethodTypeDesc
instanceKlass jdk/internal/constant/ConstantUtils
instanceKlass jdk/internal/constant/ArrayClassDescImpl
instanceKlass jdk/internal/constant/ClassOrInterfaceDescImpl
instanceKlass java/lang/constant/ClassDesc
instanceKlass java/lang/constant/ConstantDescs
instanceKlass sun/invoke/util/Wrapper$Format
instanceKlass java/lang/invoke/MethodHandleImpl$1
instanceKlass jdk/internal/access/JavaLangInvokeAccess
instanceKlass java/lang/invoke/LambdaForm$NamedFunction
instanceKlass jdk/internal/reflect/MethodHandleAccessorFactory$LazyStaticHolder
instanceKlass java/lang/invoke/MethodTypeForm
instanceKlass jdk/internal/util/StrongReferenceKey
instanceKlass jdk/internal/util/ReferenceKey
instanceKlass jdk/internal/util/ReferencedKeyMap
instanceKlass java/lang/invoke/MethodType$1
instanceKlass sun/reflect/annotation/AnnotationParser
instanceKlass java/lang/PublicMethods$Key
instanceKlass java/lang/PublicMethods$MethodList
instanceKlass java/util/EnumMap$1
instanceKlass java/util/stream/StreamOpFlag$MaskBuilder
instanceKlass java/util/stream/Stream
instanceKlass java/util/stream/BaseStream
instanceKlass java/util/stream/PipelineHelper
instanceKlass java/util/stream/StreamSupport
instanceKlass java/util/Spliterators$IteratorSpliterator
instanceKlass java/util/Spliterator
instanceKlass java/util/Spliterators
instanceKlass jdk/internal/module/DefaultRoots
instanceKlass jdk/internal/loader/BuiltinClassLoader$LoadedModule
instanceKlass java/lang/Module$EnableNativeAccess
instanceKlass jdk/internal/loader/BootLoader
instanceKlass java/util/Optional
instanceKlass jdk/internal/module/ModuleResolution
instanceKlass jdk/internal/module/ModuleHashes$Builder
instanceKlass java/util/ImmutableCollections$Set12$1
instanceKlass java/util/ImmutableCollections$ListItr
instanceKlass java/util/ListIterator
instanceKlass java/util/ImmutableCollections$SetN$SetNIterator
instanceKlass jdk/internal/module/Builder
instanceKlass jdk/internal/module/SystemModules$all
instanceKlass jdk/internal/module/SystemModules
instanceKlass jdk/internal/module/SystemModulesMap
instanceKlass jdk/internal/module/SystemModuleFinders
instanceKlass jdk/internal/loader/AbstractClassLoaderValue
instanceKlass jdk/internal/module/ServicesCatalog
instanceKlass java/util/Deque
instanceKlass java/util/Queue
instanceKlass sun/net/util/IPAddressUtil$MASKS
instanceKlass sun/net/util/IPAddressUtil
instanceKlass java/net/URLStreamHandler
instanceKlass sun/net/www/ParseUtil
instanceKlass java/net/URL$1
instanceKlass jdk/internal/access/JavaNetURLAccess
instanceKlass java/net/URL$DefaultFactory
instanceKlass java/net/URLStreamHandlerFactory
instanceKlass jdk/internal/loader/URLClassPath
instanceKlass java/util/concurrent/ConcurrentHashMap$CollectionView
instanceKlass jdk/internal/loader/ClassLoaderHelper
instanceKlass jdk/internal/loader/NativeLibraries
instanceKlass java/security/Principal
instanceKlass java/lang/ClassLoader$ParallelLoaders
instanceKlass java/security/cert/Certificate
instanceKlass jdk/internal/loader/ArchivedClassLoaders
instanceKlass java/net/URI$1
instanceKlass jdk/internal/access/JavaNetUriAccess
instanceKlass jdk/internal/module/ArchivedBootLayer
instanceKlass jdk/internal/module/ModuleBootstrap$Counters
instanceKlass jdk/internal/module/ModuleLoaderMap$Modules
instanceKlass jdk/internal/module/ModuleLoaderMap
instanceKlass jdk/internal/module/ModulePatcher
instanceKlass jdk/internal/util/DecimalDigits
instanceKlass java/io/FileSystem
instanceKlass java/io/DefaultFileSystem
instanceKlass java/io/File
instanceKlass java/lang/module/ModuleDescriptor$1
instanceKlass jdk/internal/access/JavaLangModuleAccess
instanceKlass sun/invoke/util/VerifyAccess
instanceKlass java/util/KeyValueHolder
instanceKlass java/util/ImmutableCollections$MapN$MapNIterator
instanceKlass java/lang/invoke/MethodHandles$Lookup
instanceKlass java/lang/invoke/MemberName$Factory
instanceKlass java/lang/invoke/MethodHandles
instanceKlass jdk/internal/module/ModuleBootstrap
instanceKlass java/util/HexFormat
instanceKlass jdk/internal/util/ClassFileDumper
instanceKlass java/lang/CharacterData
instanceKlass java/lang/invoke/MethodHandleStatics
instanceKlass java/util/Collections
instanceKlass java/lang/Thread$ThreadIdentifiers
instanceKlass sun/io/Win32ErrorMode
instanceKlass jdk/internal/misc/OSEnvironment
instanceKlass jdk/internal/misc/Signal$NativeHandler
instanceKlass java/util/Hashtable$Entry
instanceKlass jdk/internal/misc/Signal
instanceKlass java/lang/Terminator$1
instanceKlass jdk/internal/misc/Signal$Handler
instanceKlass java/lang/Terminator
instanceKlass java/nio/ByteOrder
instanceKlass java/nio/Buffer$2
instanceKlass jdk/internal/access/JavaNioAccess
instanceKlass java/nio/Buffer$1
instanceKlass jdk/internal/misc/ScopedMemoryAccess
instanceKlass java/nio/charset/CodingErrorAction
instanceKlass sun/nio/cs/SingleByte
instanceKlass java/lang/StringUTF16
instanceKlass sun/nio/cs/MS1252$Holder
instanceKlass sun/nio/cs/ArrayEncoder
instanceKlass java/nio/charset/CharsetEncoder
instanceKlass java/io/Writer
instanceKlass java/io/OutputStream
instanceKlass java/io/Flushable
instanceKlass java/io/FileDescriptor$1
instanceKlass jdk/internal/access/JavaIOFileDescriptorAccess
instanceKlass java/io/FileDescriptor
instanceKlass jdk/internal/util/StaticProperty
instanceKlass jdk/internal/reflect/MethodHandleAccessorFactory
instanceKlass jdk/internal/reflect/Reflection
instanceKlass java/lang/reflect/Modifier
instanceKlass java/lang/Class$Atomic
instanceKlass java/lang/Class$ReflectionData
instanceKlass java/nio/charset/StandardCharsets
instanceKlass sun/nio/cs/HistoricallyNamedCharset
instanceKlass java/util/Arrays
instanceKlass jdk/internal/util/Preconditions$3
instanceKlass jdk/internal/util/Preconditions$2
instanceKlass jdk/internal/util/Preconditions$4
instanceKlass java/util/function/BiFunction
instanceKlass jdk/internal/util/Preconditions$1
instanceKlass jdk/internal/util/Preconditions
instanceKlass java/nio/charset/spi/CharsetProvider
instanceKlass java/nio/charset/Charset
instanceKlass java/util/HashMap$HashIterator
instanceKlass java/util/concurrent/locks/LockSupport
instanceKlass java/util/concurrent/ConcurrentHashMap$Node
instanceKlass java/util/concurrent/ConcurrentHashMap$CounterCell
instanceKlass java/util/concurrent/locks/ReentrantLock
instanceKlass java/util/concurrent/locks/Lock
instanceKlass java/lang/Runtime
instanceKlass java/lang/VersionProps
instanceKlass java/lang/StringConcatHelper
instanceKlass jdk/internal/util/ArraysSupport
instanceKlass java/lang/StringLatin1
instanceKlass java/lang/StrictMath
instanceKlass jdk/internal/util/SystemProps$Raw
instanceKlass jdk/internal/util/SystemProps
instanceKlass java/lang/System$1
instanceKlass jdk/internal/access/JavaLangAccess
instanceKlass java/lang/ref/ReferenceQueue$Lock
instanceKlass java/lang/ref/ReferenceQueue
instanceKlass java/lang/ref/Reference$1
instanceKlass jdk/internal/access/JavaLangRefAccess
instanceKlass java/lang/Math
instanceKlass java/io/ObjectStreamClass
instanceKlass jdk/internal/reflect/ReflectionFactory
instanceKlass jdk/internal/access/SharedSecrets
instanceKlass java/lang/reflect/ReflectAccess
instanceKlass jdk/internal/access/JavaLangReflectAccess
instanceKlass java/util/Objects
instanceKlass jdk/internal/misc/CDS
instanceKlass java/lang/Module$ArchivedData
instanceKlass jdk/internal/misc/VM
instanceKlass java/lang/String$CaseInsensitiveComparator
instanceKlass java/util/Comparator
instanceKlass java/io/ObjectStreamField
instanceKlass jdk/internal/math/FDBigInteger
instanceKlass java/lang/ModuleLayer
instanceKlass java/util/ImmutableCollections
instanceKlass jdk/internal/module/ModuleLoaderMap$Mapper
instanceKlass java/util/function/Function
instanceKlass java/lang/module/ResolvedModule
instanceKlass java/lang/module/Configuration
instanceKlass java/util/HashMap$Node
instanceKlass java/util/Map$Entry
instanceKlass java/util/Collections$UnmodifiableMap
instanceKlass jdk/internal/module/ModuleHashes
instanceKlass jdk/internal/module/ModuleTarget
instanceKlass java/lang/module/ModuleDescriptor$Opens
instanceKlass java/lang/module/ModuleDescriptor$Exports
instanceKlass jdk/internal/module/SystemModuleFinders$2
instanceKlass jdk/internal/module/ModuleHashes$HashSupplier
instanceKlass jdk/internal/module/SystemModuleFinders$1
instanceKlass java/util/function/Supplier
instanceKlass java/net/URI
instanceKlass java/lang/module/ModuleDescriptor$Provides
instanceKlass java/lang/module/ModuleDescriptor$Requires
instanceKlass java/lang/module/ModuleDescriptor$Version
instanceKlass java/lang/module/ModuleDescriptor
instanceKlass java/lang/module/ModuleReference
instanceKlass java/util/Set
instanceKlass jdk/internal/module/SystemModuleFinders$SystemModuleFinder
instanceKlass java/lang/module/ModuleFinder
instanceKlass jdk/internal/module/ArchivedModuleGraph
instanceKlass sun/util/locale/BaseLocale
instanceKlass java/util/jar/Attributes$Name
instanceKlass java/lang/Character$CharacterCache
instanceKlass java/lang/Short$ShortCache
instanceKlass java/lang/Byte$ByteCache
instanceKlass java/lang/Long$LongCache
instanceKlass java/lang/Integer$IntegerCache
instanceKlass jdk/internal/vm/FillerObject
instanceKlass jdk/internal/vm/vector/VectorSupport$VectorPayload
instanceKlass jdk/internal/vm/vector/VectorSupport
instanceKlass java/lang/reflect/RecordComponent
instanceKlass java/util/Iterator
instanceKlass java/lang/Void
instanceKlass java/lang/Number
instanceKlass java/lang/Character
instanceKlass java/lang/Boolean
instanceKlass java/util/concurrent/locks/AbstractOwnableSynchronizer
instanceKlass java/lang/LiveStackFrame
instanceKlass java/lang/ClassFrameInfo
instanceKlass java/lang/StackWalker$StackFrame
instanceKlass java/lang/StackStreamFactory$AbstractStackWalker
instanceKlass java/lang/StackWalker
instanceKlass java/nio/Buffer
instanceKlass java/lang/StackTraceElement
instanceKlass java/util/RandomAccess
instanceKlass java/util/List
instanceKlass java/util/SequencedCollection
instanceKlass java/util/AbstractCollection
instanceKlass java/util/Collection
instanceKlass java/lang/Iterable
instanceKlass java/util/concurrent/ConcurrentMap
instanceKlass java/util/AbstractMap
instanceKlass java/security/CodeSource
instanceKlass jdk/internal/loader/ClassLoaders
instanceKlass java/util/jar/Manifest
instanceKlass java/lang/Enum
instanceKlass java/net/URL
instanceKlass java/io/InputStream
instanceKlass java/io/Closeable
instanceKlass java/lang/AutoCloseable
instanceKlass jdk/internal/module/Modules
instanceKlass jdk/internal/misc/Unsafe
instanceKlass jdk/internal/misc/UnsafeConstants
instanceKlass java/lang/AbstractStringBuilder
instanceKlass java/lang/Appendable
instanceKlass java/lang/AssertionStatusDirectives
instanceKlass jdk/internal/foreign/abi/ABIDescriptor
instanceKlass jdk/internal/foreign/abi/NativeEntryPoint
instanceKlass java/lang/invoke/CallSite
instanceKlass java/lang/invoke/MethodType
instanceKlass java/lang/invoke/TypeDescriptor$OfMethod
instanceKlass java/lang/invoke/LambdaForm
instanceKlass java/lang/invoke/MethodHandleNatives
instanceKlass java/lang/invoke/MethodHandleImpl
instanceKlass java/lang/invoke/ResolvedMethodName
instanceKlass java/lang/invoke/MemberName
instanceKlass java/lang/invoke/VarHandle
instanceKlass java/lang/invoke/MethodHandle
instanceKlass jdk/internal/reflect/ConstructorAccessorImpl
instanceKlass jdk/internal/reflect/ConstructorAccessor
instanceKlass jdk/internal/reflect/CallerSensitive
instanceKlass java/lang/annotation/Annotation
instanceKlass jdk/internal/reflect/ConstantPool
instanceKlass jdk/internal/reflect/MethodAccessorImpl
instanceKlass jdk/internal/reflect/MethodAccessor
instanceKlass jdk/internal/vm/StackChunk
instanceKlass jdk/internal/vm/Continuation
instanceKlass jdk/internal/vm/ContinuationScope
instanceKlass java/lang/reflect/Parameter
instanceKlass java/lang/reflect/Member
instanceKlass java/lang/reflect/AccessibleObject
instanceKlass java/lang/Module
instanceKlass java/util/Map
instanceKlass java/util/Dictionary
instanceKlass java/lang/ThreadGroup
instanceKlass java/lang/Thread$UncaughtExceptionHandler
instanceKlass java/lang/Thread$Constants
instanceKlass java/lang/Thread$FieldHolder
instanceKlass java/lang/Thread
instanceKlass java/lang/Runnable
instanceKlass java/lang/ref/Reference
instanceKlass java/lang/Record
instanceKlass java/security/ProtectionDomain
instanceKlass java/lang/Throwable
instanceKlass java/lang/System
instanceKlass java/lang/ClassLoader
instanceKlass java/lang/Cloneable
instanceKlass java/lang/Class
instanceKlass java/lang/invoke/TypeDescriptor$OfField
instanceKlass java/lang/invoke/TypeDescriptor
instanceKlass java/lang/reflect/Type
instanceKlass java/lang/reflect/GenericDeclaration
instanceKlass java/lang/reflect/AnnotatedElement
instanceKlass java/lang/String
instanceKlass java/lang/constant/ConstantDesc
instanceKlass java/lang/constant/Constable
instanceKlass java/lang/CharSequence
instanceKlass java/lang/Comparable
instanceKlass java/io/Serializable
ciInstanceKlass java/lang/Object 1 1 115 7 1 10 12 1 1 10 7 12 1 1 1 10 7 12 1 1 1 10 12 1 1 8 1 10 12 1 1 10 7 12 1 1 1 10 12 1 10 12 1 1 100 1 8 1 10 12 1 10 7 12 1 1 1 7 1 10 12 1 7 1 10 12 1 1 8 1 3 8 1 100 1 5 0 1 1 1 1 1 1 1 1 1 1 1 1 1 1 1 1 7 1 1 1 1 1 1 1 1 1 1 1 1 1 7 1 1 1 1 1 1 3 1 1
ciInstanceKlass java/io/Serializable 1 0 7 100 1 100 1 1 1
ciInstanceKlass java/lang/System 1 1 591 10 100 12 1 1 1 10 7 12 1 1 1 10 12 1 1 10 12 1 9 12 1 1 10 7 12 1 1 1 11 100 12 1 1 1 10 100 12 1 1 1 10 12 1 1 100 1 8 1 10 12 1 9 12 1 1 9 12 1 1 10 7 12 1 1 1 10 7 12 1 1 1 10 12 1 1 10 12 1 10 7 12 1 1 1 10 12 1 10 12 1 1 7 1 10 12 1 1 100 1 8 1 10 10 12 1 1 100 1 8 1 10 10 7 12 1 1 10 12 10 7 12 1 1 10 7 12 1 1 1 100 1 8 1 10 10 7 12 1 1 1 10 7 12 1 1 1 100 1 10 100 12 1 1 1 10 12 1 1 10 7 12 1 1 1 10 12 1 1 10 12 1 10 12 1 8 1 10 12 1 1 10 12 1 1 8 1 10 12 1 7 1 7 1 10 12 1 9 7 12 1 1 1 10 7 12 1 1 1 10 12 1 10 12 1 10 7 12 1 1 1 100 1 8 1 10 9 12 1 1 9 12 1 10 12 1 10 100 12 1 1 10 12 1 10 12 1 1 100 1 10 8 1 10 12 1 1 10 12 1 10 12 1 1 10 12 1 1 8 1 11 7 12 1 1 10 12 11 12 1 1 11 7 12 1 1 1 11 7 12 1 1 11 12 1 1 7 1 11 12 1 10 12 1 8 1 10 12 1 1 8 1 8 1 8 1 8 1 11 12 1 10 12 1 1 10 12 1 10 12 1 8 1 10 12 1 1 8 1 9 12 1 8 1 10 7 12 1 1 8 1 7 1 9 7 12 1 1 1 10 12 1 7 1 9 12 10 9 12 7 1 10 12 9 12 1 1 8 1 10 12 1 1 8 1 9 12 1 10 7 12 1 1 10 12 1 10 12 1 1 11 7 12 1 1 10 12 10 7 12 1 1 1 9 12 1 1 100 1 100 1 8 1 10 12 1 1 10 12 1 8 1 8 1 10 8 1 8 1 8 1 8 1 8 1 10 8 1 10 7 12 1 1 1 10 7 12 1 1 1 10 12 1 1 7 1 10 10 12 1 10 12 1 9 12 1 1 1 1 1 1 1 1 1 1 1 1 100 1 1 100 1 1 1 1 1 1 1 1 1 1 3 1 1 1 1 1 1 1 1 1 1 1 1 1 1 1 1 1 1 1 1 1 1 1 1 1 1 1 1 1 1 1 1 1 1 1 1 1 1 1 1 1 1 1 1 1 1 1 1 1 1 1 100 1 1 1 1 1 1 1 1 1 1 1 1 1 1 1 1 1 1 1 1 1 1 1 1 1 100 1 100 1 1 1 1 1 1 1 1
staticfield java/lang/System in Ljava/io/InputStream; java/io/ByteArrayInputStream
staticfield java/lang/System out Ljava/io/PrintStream; java/io/PrintStream
staticfield java/lang/System err Ljava/io/PrintStream; java/io/PrintStream
instanceKlass org/eclipse/jdt/internal/compiler/util/Messages$MessagesProperties
instanceKlass org/eclipse/core/internal/resources/SaveManager$MasterTable
instanceKlass org/eclipse/osgi/util/NLS$MessagesProperties
instanceKlass org/eclipse/core/internal/preferences/SortedProperties
instanceKlass java/security/Security$1
instanceKlass java/security/Provider
ciInstanceKlass java/util/Properties 1 1 690 10 7 12 1 1 1 100 1 10 7 12 1 1 7 1 10 12 1 9 12 1 1 9 12 1 1 9 12 1 1 10 7 12 1 1 1 10 12 1 1 8 1 10 7 12 1 1 1 7 1 10 12 1 10 12 1 1 8 1 10 12 1 7 1 10 12 10 12 1 1 9 12 1 1 10 12 1 1 7 1 10 12 1 10 12 1 10 12 1 1 100 1 8 1 10 12 1 10 12 1 10 12 1 1 10 12 1 100 1 3 10 10 7 12 1 1 1 10 12 1 10 12 1 1 8 1 10 12 1 10 12 1 1 8 1 10 7 12 1 1 10 12 1 1 10 12 1 10 12 1 1 100 1 10 12 1 10 12 1 1 7 1 9 7 12 1 1 1 10 12 1 10 12 1 1 10 12 1 1 10 12 1 1 7 1 9 12 1 1 7 1 7 1 10 12 1 7 1 11 7 12 1 1 1 11 12 1 1 11 7 12 1 1 1 11 7 12 1 1 1 11 12 1 1 11 12 1 11 12 1 10 12 1 1 8 1 10 12 1 10 7 12 1 1 10 12 1 7 1 10 10 12 1 10 12 1 100 1 10 10 12 1 1 10 100 12 1 1 9 100 12 1 1 10 12 1 1 10 100 12 1 1 1 100 1 100 1 100 1 10 8 1 8 1 10 12 1 10 12 1 10 12 1 1 10 10 12 1 1 10 12 1 1 7 1 10 10 12 1 11 7 12 1 1 10 7 12 1 1 1 8 1 10 100 12 1 1 11 11 7 1 8 1 10 100 1 11 10 12 1 10 10 12 1 10 12 1 1 10 12 1 1 10 12 1 1 10 12 1 10 12 1 10 10 12 1 10 12 1 10 12 1 10 10 12 1 1 10 12 1 1 10 10 12 1 10 12 1 10 12 1 10 12 1 10 12 1 1 10 12 1 1 10 12 1 10 12 1 10 12 1 1 10 12 10 12 1 1 10 12 1 1 10 12 1 10 12 1 1 10 12 1 1 10 12 10 11 12 1 4 11 10 12 1 1 10 100 12 1 1 11 12 1 10 12 1 1 10 100 12 1 1 10 12 1 100 1 8 1 10 12 1 10 10 100 12 1 1 1 100 1 6 0 10 12 1 1 11 100 12 1 1 1 10 12 1 10 12 1 1 1 1 1 5 0 1 1 1 1 1 1 1 1 1 1 1 1 1 1 1 1 1 1 1 1 1 1 1 1 1 1 1 1 1 1 1 1 1 1 1 1 1 1 1 100 1 1 1 1 1 1 1 1 1 1 1 1 1 1 1 1 1 1 1 1 100 1 1 1 1 1 1 1 1 1 1 1 1 100 1 100 1 1 1 1 1 100 1 1 1 1 1 1 1 1 1 1 1 1 1 1 1 1 1 1 1 1 1 1 1 1 1 1 1 1 1 1 1 1 1 1 1 1 1 1 1 1 1 1 1 1 1 1 1 1 1 1 1 1 1 1 1 1 1 1 1 1 1 1 1 1 1 1 1 1 1 1 1 1 1 1 1 1 1 100 1 1 1 1 1 1 1 1 1 1 1 100 1 1
staticfield java/util/Properties UNSAFE Ljdk/internal/misc/Unsafe; jdk/internal/misc/Unsafe
instanceKlass org/apache/felix/scr/impl/helper/ReadOnlyDictionary
instanceKlass org/osgi/framework/FrameworkUtil$MapAsDictionary
instanceKlass org/eclipse/osgi/framework/util/CaseInsensitiveDictionaryMap$UnmodifiableDictionary
instanceKlass org/eclipse/osgi/framework/util/CaseInsensitiveDictionaryMap
instanceKlass org/eclipse/osgi/internal/framework/EquinoxBundle$SystemBundle$SystemBundleHeaders
instanceKlass org/eclipse/osgi/storage/BundleInfo$CachedManifest
instanceKlass java/util/Hashtable
ciInstanceKlass java/util/Dictionary 1 1 36 10 7 12 1 1 1 100 1 1 1 1 1 1 1 1 1 1 1 1 1 1 1 1 1 1 1 1 1 1 1 1 1 1 1 1
instanceKlass java/util/Properties
ciInstanceKlass java/util/Hashtable 1 1 516 100 1 10 7 12 1 1 1 9 7 12 1 1 1 100 1 100 1 10 8 1 10 12 1 1 10 12 1 10 12 1 1 10 12 1 10 7 12 1 1 1 8 1 10 12 1 9 12 1 1 7 1 9 12 1 1 4 10 7 12 1 1 1 9 12 1 4 10 12 1 11 7 12 1 1 1 10 12 1 1 10 12 1 1 9 12 1 10 12 1 1 100 1 10 9 12 1 1 10 7 12 1 1 1 9 12 1 1 10 12 1 10 12 1 3 9 12 1 9 12 1 3 10 12 1 10 12 1 10 12 1 1 11 12 1 1 11 7 12 1 1 1 11 7 12 1 1 1 11 12 1 7 1 11 12 1 11 12 1 10 12 1 1 10 12 1 1 10 12 1 9 12 1 1 9 12 9 12 1 1 10 100 1 100 1 10 12 1 10 8 1 10 10 12 1 8 1 10 8 1 10 7 12 1 1 1 7 1 10 12 1 10 12 1 7 1 10 12 1 10 12 1 1 7 1 10 7 1 10 10 12 1 1 11 12 1 1 11 12 1 100 1 10 10 10 100 12 1 1 11 100 12 1 1 1 100 1 10 11 100 12 1 1 11 100 12 1 10 12 1 10 12 1 1 10 100 12 1 1 10 12 1 1 10 12 1 1 10 12 1 1 10 100 12 1 1 1 8 10 100 12 1 1 100 1 8 1 10 4 4 10 12 1 1 10 12 1 8 1 4 10 12 10 100 12 1 1 1 100 1 11 100 12 1 1 1 10 100 12 1 1 1 10 12 1 10 12 1 1 10 100 1 100 1 1 1 1 1 1 5 0 1 1 1 1 1 3 1 3 1 3 1 1 1 1 1 1 1 1 1 1 1 1 1 1 1 1 1 1 1 1 1 1 1 1 1 100 1 1 1 1 1 1 1 1 1 1 1 1 1 1 1 1 1 1 1 1 1 1 1 1 1 1 1 1 1 100 1 1 1 1 1 1 1 1 1 1 1 1 1 1 100 1 1 1 1 1 1 1 1 1 1 1 1 1 1 1 1 1 1 1 1 1 1 1 1 1 1 1 1 1 1 1 1 1 1 1 1 1 1 1 1 1 1 1 1 100 1 1 1 100 1 1 1 1 1 100 1 1 1 1 1 1 1 1 1 1 1 1 1 1 1 1 1 1
ciInstanceKlass java/util/Map 1 1 263 11 7 12 1 1 1 11 12 1 1 10 7 12 1 1 11 12 1 1 11 7 12 1 1 1 11 7 12 1 1 1 11 12 1 1 7 1 11 12 1 11 12 1 100 1 100 1 10 12 1 1 11 7 12 1 1 1 11 100 12 1 1 1 11 12 1 11 12 1 10 12 1 1 11 12 1 11 7 12 1 9 7 12 1 1 1 7 1 10 12 7 1 7 1 10 12 1 7 1 10 7 1 11 12 1 11 12 1 1 11 12 1 1 7 1 11 12 1 1 1 1 1 1 1 1 1 1 1 1 1 1 1 1 1 1 1 1 1 1 1 1 1 1 1 1 1 1 1 1 1 1 1 1 1 1 1 1 1 1 1 1 1 1 1 1 1 1 1 1 1 1 1 1 1 1 1 1 1 1 1 1 1 1 1 1 1 1 1 1 1 1 1 1 1 1 1 1 1 1 1 1 1 1 1 1 1 1 1 1 1 1 1 1 1 1 1 1 1 1 1 1 1 1 1 1 1 1 1 1 1 1 1 1 1 1 1 1 1 1 1 1 1 1 100 1 1 1 1 1 1 1 1 1 1 1 1 1 1 1 1 1 1
ciInstanceKlass java/lang/String 1 1 1471 10 7 12 1 1 1 8 1 9 7 12 1 1 1 9 12 1 1 9 12 1 1 9 12 1 1 10 12 1 10 12 1 1 10 12 1 1 9 12 1 10 7 12 1 1 1 10 12 1 1 10 12 1 10 7 12 1 1 1 10 12 1 1 10 12 1 1 10 12 1 10 12 1 1 10 12 1 10 7 12 1 1 1 7 1 9 7 12 1 1 1 10 7 12 1 1 1 10 12 1 1 10 12 1 1 10 7 12 1 1 1 10 12 1 1 9 7 12 1 1 10 12 9 7 12 1 1 10 12 1 1 3 10 12 1 1 7 1 11 12 1 1 11 12 1 11 12 1 1 10 7 12 1 1 1 10 12 1 1 9 7 12 1 1 1 10 12 1 1 10 12 1 11 12 1 1 10 12 1 10 12 10 12 1 1 100 1 100 1 10 12 1 10 12 1 10 7 12 1 1 1 10 12 1 1 100 1 10 12 1 1 100 1 10 12 1 1 10 12 1 1 10 12 1 10 10 12 1 100 1 100 1 100 1 10 12 1 10 12 1 1 10 12 1 1 10 12 1 10 12 1 1 10 12 1 1 10 7 12 1 1 100 1 11 10 7 12 1 1 11 12 1 11 12 1 10 12 1 10 12 1 10 12 10 12 1 1 10 10 7 12 1 1 1 10 7 12 1 1 10 12 1 1 10 7 12 1 1 10 12 1 10 12 1 1 10 12 1 1 10 12 1 10 12 1 10 12 1 1 100 1 10 12 1 1 10 12 10 12 1 10 12 1 1 10 12 1 1 10 100 12 1 1 1 10 12 1 10 12 1 1 10 12 1 10 12 1 3 3 10 12 1 1 10 12 1 10 12 1 1 10 12 1 1 10 12 1 1 10 12 1 10 12 1 1 10 12 1 1 10 12 1 10 12 1 10 12 1 10 12 1 1 10 12 1 10 12 1 10 12 1 10 12 1 10 12 1 10 12 1 10 100 1 10 8 1 10 12 1 1 10 12 1 8 1 10 12 1 1 10 12 10 12 1 8 1 10 10 12 1 1 10 12 1 1 7 1 5 0 100 1 8 1 10 10 12 1 1 5 0 5 0 5 0 10 12 1 1 10 100 1 10 10 12 1 10 12 1 10 12 1 10 10 12 1 10 12 1 10 12 1 10 12 1 10 12 1 10 12 1 10 12 1 1 10 12 1 1 10 12 1 1 10 10 12 1 1 10 10 12 1 100 1 10 9 100 12 1 1 1 11 100 12 1 1 1 10 12 1 1 10 12 1 1 10 7 1 10 12 1 10 12 1 10 7 12 1 1 1 10 12 1 10 12 1 1 10 12 1 11 7 1 11 12 10 12 1 10 12 1 1 10 12 1 1 10 10 12 1 10 12 1 9 12 1 1 11 7 12 1 1 1 10 12 10 10 12 1 10 12 1 1 10 10 12 1 10 12 1 10 12 1 1 10 12 1 1 10 10 12 1 1 10 10 7 12 1 1 1 10 12 1 10 12 1 10 12 10 10 12 10 10 12 1 10 12 1 10 10 12 10 12 1 1 10 12 10 10 12 10 12 1 10 12 10 12 10 10 12 1 10 12 1 1 10 12 1 1 10 10 12 1 10 7 12 1 1 1 10 12 1 1 10 10 7 12 1 1 1 11 10 12 1 10 12 1 1 10 12 1 1 10 7 12 1 1 1 10 12 1 10 12 1 10 12 1 10 12 1 10 12 1 10 12 1 100 1 10 10 12 1 10 12 1 1 8 1 10 12 1 3 3 10 12 1 10 12 1 1 10 12 7 1 10 10 12 1 1 10 12 10 12 1 10 12 1 10 12 1 1 10 12 1 1 11 7 12 1 1 1 7 1 10 12 1 10 12 1 1 8 1 10 12 1 1 10 12 1 11 7 12 1 1 1 11 7 12 1 1 11 12 1 10 12 1 10 12 1 1 10 10 7 12 1 1 1 10 12 1 10 12 1 10 10 12 10 12 1 1 10 10 12 1 10 10 12 1 10 10 12 1 10 10 12 1 10 12 1 1 10 10 12 1 8 1 10 12 1 1 18 12 1 1 11 100 12 1 1 1 3 18 12 1 18 12 1 8 1 10 100 12 1 1 1 11 12 1 1 10 12 10 10 12 1 10 11 12 1 1 10 12 1 1 11 12 1 18 3 11 10 11 11 10 12 1 10 12 1 1 8 1 10 12 1 10 12 1 10 12 1 1 10 10 12 1 11 100 12 1 7 1 100 1 10 12 100 1 10 10 7 12 1 1 1 100 1 10 7 1 10 10 12 1 10 10 12 1 8 1 10 10 12 1 8 1 8 1 10 12 1 10 12 1 10 10 12 10 7 12 1 1 10 7 12 1 1 10 7 12 1 1 8 1 10 12 1 10 12 1 10 9 12 1 10 12 9 7 12 1 1 1 10 12 1 10 12 1 10 12 1 10 12 10 12 1 10 12 1 8 1 10 100 12 1 1 1 10 12 10 12 1 1 10 12 10 12 10 12 7 1 9 12 1 1 7 1 10 100 1 100 1 100 1 100 1 1 1 1 1 1 5 0 1 1 1 1 1 3 1 3 1 1 1 1 1 1 1 1 1 1 1 1 1 1 1 100 1 1 1 1 1 1 1 1 1 1 1 1 1 1 1 1 1 1 1 1 1 1 1 1 1 1 1 1 1 1 1 100 1 1 1 1 1 1 1 1 1 1 1 1 100 1 1 1 1 1 1 1 1 1 1 1 1 1 1 1 1 1 1 1 1 1 1 1 1 1 1 1 1 1 1 1 1 1 1 1 1 1 1 1 1 1 1 1 1 1 1 1 1 1 1 1 1 1 1 1 1 1 1 1 1 1 1 1 1 1 1 1 1 1 1 1 1 1 1 1 1 1 1 1 1 1 1 1 1 1 1 1 1 1 1 1 1 1 1 1 1 1 1 1 1 1 1 1 1 1 1 1 1 1 1 1 1 1 1 1 1 1 1 1 1 1 1 1 1 1 1 1 1 1 1 1 1 1 1 1 1 1 1 1 1 1 1 1 1 1 1 1 1 1 1 1 1 1 1 1 1 1 1 1 1 1 1 1 1 1 1 1 1 1 1 1 1 1 1 1 1 1 1 1 100 1 1 1 1 1 1 1 1 1 1 1 1 1 1 1 1 1 1 1 1 1 1 1 100 1 1 1 1 1 1 1 1 1 1 1 1 1 1 1 100 1 1 1 1 1 1 1 1 1 1 1 1 1 1 1 16 15 10 12 16 15 10 12 15 10 12 15 10 12 15 10 100 12 1 1 1 1 100 1 1 1 1 1 100 1 100 1 1 1
staticfield java/lang/String COMPACT_STRINGS Z 1
staticfield java/lang/String serialPersistentFields [Ljava/io/ObjectStreamField; 0 [Ljava/io/ObjectStreamField;
staticfield java/lang/String CASE_INSENSITIVE_ORDER Ljava/util/Comparator; java/lang/String$CaseInsensitiveComparator
ciInstanceKlass java/lang/Comparable 1 0 12 100 1 100 1 1 1 1 1 1 1 1
ciInstanceKlass java/lang/CharSequence 1 1 145 11 7 12 1 1 1 18 12 1 1 100 1 10 100 12 1 1 1 18 10 100 12 1 1 1 11 12 1 1 11 100 1 11 12 1 1 10 100 12 1 1 1 11 12 1 1 10 12 1 1 10 12 1 100 1 10 12 1 1 10 100 12 1 1 1 100 1 10 10 12 1 1 100 1 1 1 1 1 1 1 1 1 1 1 1 1 1 1 1 1 1 1 1 1 1 1 1 1 1 1 1 1 1 1 1 1 1 1 1 1 1 1 1 16 1 15 11 12 16 15 11 12 15 10 100 12 1 1 1 1 1 100 1 100 1 1 100 1 1 100 1 100 1 1
ciInstanceKlass java/lang/constant/Constable 1 0 11 100 1 100 1 1 1 1 1 1 1
ciInstanceKlass java/lang/constant/ConstantDesc 1 0 37 100 1 100 1 1 1 1 100 1 1 1 1 100 1 100 1 100 1 100 1 100 1 100 1 100 1 100 1 100 1 1 100 1 100 1 1
ciInstanceKlass java/lang/AutoCloseable 1 0 12 100 1 100 1 1 1 1 100 1 1 1
ciInstanceKlass java/io/Closeable 1 0 14 100 1 100 1 100 1 1 1 1 100 1 1 1
ciInstanceKlass java/lang/Appendable 1 0 14 100 1 100 1 1 1 1 100 1 1 1 1 1
ciInstanceKlass java/util/Iterator 1 1 53 100 1 8 1 10 12 1 1 10 7 12 1 1 1 11 7 12 1 1 1 11 12 1 1 11 7 12 1 1 1 100 1 1 1 1 1 1 1 1 1 1 1 1 1 1 1 1 1 1 1 1 1
instanceKlass sun/security/ssl/SSLSocketImpl$AppInputStream
instanceKlass sun/nio/ch/NioSocketImpl$1
instanceKlass java/net/Socket$SocketInputStream
instanceKlass org/eclipse/core/internal/content/LazyInputStream
instanceKlass java/io/SequenceInputStream
instanceKlass org/eclipse/jdt/ls/core/internal/ConnectionStreamFactory$NamedPipeInputStream
instanceKlass java/io/ObjectInputStream$PeekInputStream
instanceKlass java/io/ObjectInputStream$BlockDataInputStream
instanceKlass org/eclipse/core/internal/resources/ContentDescriptionManager$LazyFileInputStream
instanceKlass java/io/ObjectInputStream
instanceKlass org/eclipse/core/internal/localstore/SafeChunkyInputStream
instanceKlass org/eclipse/core/internal/registry/BufferedRandomInputStream
instanceKlass com/sun/org/apache/xerces/internal/impl/XMLEntityManager$RewindableInputStream
instanceKlass org/eclipse/osgi/storage/url/reference/ReferenceInputStream
instanceKlass java/util/jar/JarVerifier$VerifierStream
instanceKlass sun/nio/ch/ChannelInputStream
instanceKlass java/util/zip/ZipFile$ZipFileInputStream
instanceKlass java/io/FilterInputStream
instanceKlass java/io/FileInputStream
instanceKlass java/io/ByteArrayInputStream
ciInstanceKlass java/io/InputStream 1 1 197 100 1 10 7 12 1 1 1 100 1 10 10 7 12 1 1 1 10 7 12 1 1 1 10 12 1 100 1 100 1 3 10 12 1 1 100 1 8 1 10 12 1 10 7 12 1 1 1 3 100 1 8 1 10 10 7 12 1 1 1 7 1 10 11 7 12 1 1 1 10 12 1 1 11 12 1 1 11 7 12 1 1 1 11 12 1 1 7 1 10 7 12 1 1 1 5 0 10 12 1 10 12 1 1 100 1 10 8 1 10 8 1 8 1 10 12 1 1 10 100 12 1 1 1 100 1 5 0 10 12 1 100 1 100 1 1 1 1 3 1 3 1 1 1 1 1 1 1 1 1 1 1 1 1 1 1 1 1 1 1 1 1 1 1 1 1 1 1 1 1 1 1 1 1 1 1 1 1 1 1 1 1 1 1 1 1 1 1 1 1 1 1 1 1 1 1
instanceKlass lombok/launch/ShadowClassLoader
instanceKlass org/eclipse/sisu/space/CloningClassSpace$CloningClassLoader
instanceKlass org/apache/aries/spifly/MultiDelegationClassloader
instanceKlass org/apache/aries/spifly/Util$WrapperCL
instanceKlass lombok/launch/ShadowClassLoader
instanceKlass org/eclipse/osgi/internal/loader/ModuleClassLoader
instanceKlass org/eclipse/osgi/internal/framework/ContextFinder
instanceKlass org/eclipse/osgi/internal/framework/EquinoxContainer$1
instanceKlass lombok/launch/ShadowClassLoader
instanceKlass java/security/SecureClassLoader
ciInstanceKlass java/lang/ClassLoader 1 1 1076 9 7 12 1 1 1 10 7 12 1 1 1 9 12 1 1 10 7 12 1 1 1 7 1 10 12 1 1 10 12 1 1 9 12 1 1 10 12 1 1 100 1 10 12 1 10 12 1 1 10 7 12 1 1 1 100 1 8 1 10 12 1 10 7 1 10 7 1 7 1 7 1 10 12 1 10 12 1 9 12 1 1 10 10 7 12 1 1 1 9 12 1 1 9 12 1 9 12 1 1 9 12 1 9 12 1 1 9 12 1 1 7 1 10 12 1 9 12 1 1 10 12 1 1 10 7 12 1 1 1 9 12 1 9 12 1 1 9 12 1 10 12 1 1 9 12 10 12 1 1 7 1 10 8 1 10 12 1 1 10 12 1 10 7 1 7 1 10 7 12 1 1 1 10 7 12 1 1 1 8 1 10 12 1 10 12 1 10 12 1 1 10 12 1 1 10 12 1 1 10 12 1 1 10 12 1 1 10 12 1 7 1 10 12 1 10 7 12 1 1 1 10 12 1 1 10 12 1 10 12 1 10 12 1 10 12 1 10 12 1 1 10 10 12 1 10 12 1 10 10 12 1 1 10 12 1 1 100 1 8 1 10 8 1 10 12 1 10 12 1 100 1 8 1 10 12 1 1 10 12 1 1 10 10 12 1 1 10 12 1 1 10 12 1 1 10 7 1 10 12 1 10 12 1 1 10 12 1 1 10 12 1 1 10 12 1 1 10 12 1 1 10 12 1 1 10 12 1 1 10 7 12 1 1 1 10 12 1 10 12 1 10 12 1 1 10 12 1 10 12 1 10 12 1 10 12 1 1 10 12 1 10 12 1 1 8 1 9 12 1 10 12 1 1 8 1 8 1 10 7 12 1 1 100 1 10 10 12 10 12 1 10 12 1 10 12 1 10 12 1 1 10 7 12 1 1 10 12 1 10 7 1 7 1 10 12 1 1 10 12 1 10 7 1 10 12 1 100 1 18 12 1 10 100 12 1 1 1 10 7 12 1 1 1 10 7 12 1 1 10 12 1 10 12 1 100 1 10 12 1 8 1 10 10 12 1 1 10 12 1 10 12 1 1 7 1 10 12 1 1 10 100 12 1 1 10 12 1 10 7 12 1 1 10 12 1 8 1 100 1 10 10 12 1 9 12 1 10 7 12 1 1 10 12 1 100 1 8 1 10 12 1 10 8 1 8 1 10 12 1 1 10 12 1 1 10 12 1 1 10 100 12 1 1 100 1 100 1 10 12 1 1 100 1 100 1 10 100 12 1 1 10 12 1 10 12 1 10 12 1 10 12 1 10 12 1 1 10 12 1 8 1 7 1 18 12 1 1 10 12 1 1 10 12 1 10 12 1 10 12 1 8 1 10 12 1 10 12 1 18 12 1 11 100 12 1 1 1 100 1 10 12 1 1 10 12 1 10 11 12 1 1 10 18 10 12 1 1 11 100 12 1 18 12 1 11 12 1 1 10 12 1 10 12 1 1 10 12 1 1 100 1 8 1 10 10 12 1 8 1 8 1 10 100 12 1 1 10 12 1 100 1 10 10 12 1 8 1 8 1 8 1 10 12 1 10 12 1 10 12 1 1 10 12 1 1 10 12 1 10 100 12 1 1 1 11 100 12 1 1 100 1 10 11 10 12 1 10 12 1 10 12 1 1 9 100 12 1 1 9 12 1 1 9 12 9 12 1 9 12 1 9 12 1 8 10 12 1 1 10 7 12 1 1 1 10 12 1 1 10 12 1 1 10 12 1 1 8 1 10 12 1 1 8 10 12 1 1 8 8 10 12 1 10 12 1 10 12 1 11 12 1 1 10 100 12 1 1 1 100 1 10 12 1 10 12 1 10 12 1 1 1 1 1 1 1 1 1 1 1 1 1 1 1 1 1 1 1 1 1 1 1 1 1 1 100 1 1 1 1 1 1 1 1 1 1 1 1 1 1 1 1 1 1 1 1 1 1 1 1 1 100 1 1 1 1 1 1 1 1 1 1 1 1 1 1 1 1 1 1 1 1 1 1 1 1 1 1 1 1 1 1 1 1 1 1 1 1 1 1 1 1 1 1 1 100 1 1 1 1 1 1 1 1 1 1 1 1 1 1 1 1 1 1 1 1 1 100 1 1 1 1 1 1 1 1 1 1 1 1 1 1 1 1 1 1 1 1 1 1 1 1 1 1 1 1 1 1 1 1 1 1 1 1 1 1 1 1 1 1 1 1 100 1 1 1 1 1 1 1 1 1 1 1 1 1 1 1 1 1 1 1 1 1 1 1 1 1 1 1 1 1 1 1 1 1 1 1 1 1 1 1 1 1 1 1 1 1 1 1 1 1 1 1 16 1 15 10 12 16 1 16 15 10 12 16 1 16 1 15 10 12 16 15 10 12 16 15 10 12 16 15 10 100 12 1 1 1 1 1 100 1 100 1 1
staticfield java/lang/ClassLoader nocerts [Ljava/security/cert/Certificate; 0 [Ljava/security/cert/Certificate;
staticfield java/lang/ClassLoader $assertionsDisabled Z 1
instanceKlass java/util/TimerThread
instanceKlass io/reactivex/internal/schedulers/RxThreadFactory$RxCustomThread
instanceKlass org/eclipse/jdt/internal/junit/model/JUnitModel$1
instanceKlass org/eclipse/jdt/internal/core/BinaryMethod$1
instanceKlass com/sun/jna/internal/Cleaner$CleanerThread
instanceKlass org/eclipse/core/internal/jobs/InternalWorker
instanceKlass org/eclipse/core/internal/jobs/Worker
instanceKlass java/util/logging/LogManager$Cleaner
instanceKlass org/eclipse/osgi/framework/eventmgr/EventManager$EventThread
instanceKlass java/util/concurrent/ForkJoinWorkerThread
instanceKlass java/util/concurrent/DelayScheduler
instanceKlass org/eclipse/equinox/launcher/Main$SplashHandler
instanceKlass jdk/internal/misc/InnocuousThread
instanceKlass java/lang/ref/Finalizer$FinalizerThread
instanceKlass java/lang/ref/Reference$ReferenceHandler
instanceKlass java/lang/BaseVirtualThread
ciInstanceKlass java/lang/Thread 1 1 761 9 7 12 1 1 1 9 7 12 1 1 1 9 12 1 9 12 1 10 12 1 1 9 12 1 1 10 7 12 1 1 10 12 1 10 100 12 1 1 100 1 8 1 10 12 1 1 9 12 1 1 9 12 1 9 12 1 1 7 1 10 12 1 1 10 12 1 7 1 10 12 10 12 1 1 9 12 1 1 10 12 1 100 1 10 12 1 10 12 1 1 10 12 1 1 10 12 1 10 12 1 1 100 1 8 1 10 9 7 12 1 1 1 10 12 1 1 10 3 8 1 100 1 5 0 10 7 12 1 1 1 9 12 1 10 12 1 1 10 7 1 100 1 8 1 10 10 12 1 10 12 1 1 10 12 1 1 10 7 12 1 1 10 12 1 10 12 1 10 7 12 1 1 5 0 9 12 1 10 7 12 1 1 1 10 12 1 1 9 12 1 1 10 7 12 1 1 10 7 12 1 1 1 10 12 1 10 12 1 1 9 12 1 1 10 7 12 1 1 9 12 1 8 1 9 100 12 1 1 1 5 0 100 1 10 100 1 10 100 1 10 7 1 10 8 1 10 12 1 1 10 7 12 1 10 12 1 10 12 1 100 1 8 1 10 10 12 1 10 12 1 1 10 100 12 1 1 1 10 100 12 1 1 1 10 12 1 7 1 9 12 1 1 100 1 10 10 12 1 9 12 1 1 10 12 1 1 10 12 1 1 10 12 1 10 12 1 9 12 1 1 10 10 12 1 1 10 12 1 1 11 7 12 1 1 10 7 12 1 1 9 12 1 1 9 12 1 1 10 100 12 1 1 10 12 1 1 10 12 1 10 7 12 1 1 10 12 1 100 1 10 9 12 1 1 10 12 1 11 100 12 1 1 11 12 1 10 12 1 10 12 1 10 12 1 9 12 1 10 10 12 1 10 12 1 1 9 12 1 9 12 10 12 1 8 1 10 12 1 10 12 1 10 12 1 10 12 1 10 12 1 1 10 12 1 10 12 1 1 10 100 12 1 1 10 12 1 10 12 1 10 12 1 10 12 1 1 9 7 12 1 1 1 8 1 10 9 12 1 10 12 1 7 1 8 1 10 10 12 1 8 1 10 12 1 1 9 12 8 1 10 10 12 1 10 12 1 8 1 10 12 1 10 8 1 9 12 1 1 10 12 1 1 10 10 12 1 10 12 1 100 10 7 12 1 1 1 10 12 1 1 10 12 1 1 10 100 12 1 1 1 11 100 12 1 1 1 10 12 1 1 9 12 1 10 12 1 10 12 1 1 11 100 12 1 1 1 10 12 1 1 1 1 3 1 3 1 3 1 3 1 1 1 1 1 1 1 1 1 1 1 1 1 1 1 1 1 1 1 1 1 1 1 1 1 1 1 100 1 1 1 1 1 1 1 1 1 1 1 1 1 1 1 1 1 1 7 1 1 1 1 1 1 1 1 1 1 1 1 1 1 1 100 1 1 1 1 1 1 1 1 1 1 1 1 1 1 1 1 1 1 1 1 1 1 1 1 1 1 1 1 1 1 1 1 1 1 1 1 1 1 1 1 1 1 1 1 1 1 1 1 1 1 1 1 1 1 1 1 1 1 1 1 1 1 1 1 1 1 1 1 1 1 100 100 1 1 1 1 1 1 1 1 1 1 1 1 1 1 1 1 1 1 1 1 1 1 1 100 1 100 1 100 1 1 1 1 100 1 1 1 1 1 1 1 1 1 1 1 1
staticfield java/lang/Thread NEW_THREAD_BINDINGS Ljava/lang/Object; java/lang/Class
staticfield java/lang/Thread EMPTY_STACK_TRACE [Ljava/lang/StackTraceElement; 0 [Ljava/lang/StackTraceElement;
ciInstanceKlass java/lang/Runnable 1 0 11 100 1 100 1 1 1 1 1 1 1
ciMethod java/lang/System arraycopy (Ljava/lang/Object;ILjava/lang/Object;II)V 256 0 128 0 -1
ciInstanceKlass java/lang/Class 1 1 1652 10 7 12 1 1 1 10 7 12 1 1 9 12 1 1 9 12 1 1 9 12 1 1 9 12 1 1 9 12 1 1 10 12 1 1 8 1 10 12 1 8 1 8 1 10 12 1 1 10 7 12 1 1 1 10 12 1 7 1 10 10 12 1 10 12 1 1 10 12 1 1 10 12 1 1 10 7 12 1 1 10 12 1 10 12 1 10 12 1 1 10 12 1 8 1 10 12 1 8 1 10 12 1 8 1 8 1 10 12 1 1 10 7 12 1 1 1 18 12 1 1 11 7 12 1 1 1 8 1 8 1 8 1 10 7 12 1 1 1 11 12 1 1 8 1 10 12 1 10 10 12 1 1 10 12 1 8 1 10 12 1 1 8 1 10 12 1 10 12 1 1 11 100 12 1 1 1 11 100 12 1 1 1 11 8 1 18 8 1 10 12 1 10 7 12 1 1 10 12 1 1 10 7 12 1 1 1 10 12 1 1 10 12 1 1 10 7 12 1 1 1 10 7 12 1 10 12 1 1 10 7 1 10 12 1 8 1 10 8 1 8 1 8 1 8 1 8 1 8 1 8 1 8 1 9 100 12 1 1 9 100 1 9 100 1 9 100 1 9 100 1 9 100 1 9 100 1 9 100 1 9 7 1 9 12 1 1 7 1 8 1 10 12 1 10 12 1 1 100 1 10 12 1 1 10 7 12 1 1 1 10 7 12 1 1 1 7 1 7 1 10 10 12 1 1 10 12 1 1 100 1 10 100 12 1 1 1 10 12 1 1 10 12 1 1 10 12 9 12 1 1 10 12 1 9 12 1 1 9 12 1 1 10 12 1 1 10 7 1 10 12 1 10 12 1 1 10 9 12 1 10 12 1 8 1 10 12 1 1 10 12 1 1 10 12 1 10 12 1 10 12 1 1 9 7 12 1 1 1 10 12 1 10 7 12 1 1 10 12 1 10 12 1 10 12 1 10 12 1 9 100 12 1 1 1 9 12 1 10 12 1 10 12 1 1 9 12 1 1 10 7 10 12 1 1 10 100 12 1 1 10 12 1 10 12 1 1 10 100 12 1 1 1 10 12 1 10 12 1 1 10 12 1 10 12 1 10 12 1 1 10 7 1 10 10 12 1 1 10 12 1 1 10 12 10 10 12 1 1 100 1 8 1 10 10 12 1 1 10 12 1 100 1 11 12 1 10 12 1 10 12 1 10 100 12 1 1 10 10 12 1 1 8 1 10 12 1 8 1 9 12 1 10 12 1 10 12 1 10 12 1 10 12 100 1 9 12 1 10 12 1 9 12 1 10 12 1 10 12 1 10 12 1 10 10 12 1 10 12 1 10 12 1 10 12 1 10 12 1 10 12 1 7 1 10 10 12 1 10 12 1 11 100 12 1 1 11 12 1 1 10 12 1 1 10 12 1 1 10 12 1 1 10 12 1 1 10 12 1 1 10 12 1 1 7 1 10 10 12 1 1 10 12 1 1 10 12 1 1 10 10 12 1 10 12 1 1 10 12 1 1 10 12 1 1 10 12 1 1 10 12 10 12 1 1 10 7 12 1 1 1 10 12 1 10 12 1 1 10 12 1 10 7 12 1 1 1 10 12 1 1 10 10 12 1 1 100 1 10 10 12 1 1 10 100 12 1 1 1 100 1 100 1 10 12 1 1 10 12 1 10 10 12 1 1 10 12 1 10 12 1 10 12 1 10 100 12 1 1 1 11 7 12 1 1 10 12 1 10 12 1 9 7 12 1 1 8 1 10 12 1 10 12 1 10 12 1 10 12 1 1 9 12 1 9 12 1 1 10 7 12 1 1 9 12 1 10 12 1 1 10 10 12 1 10 7 12 1 1 1 10 7 12 1 1 10 7 12 1 1 9 12 1 1 10 12 1 9 12 1 10 12 1 10 12 1 1 9 12 1 1 9 12 1 10 12 1 10 12 1 1 9 12 1 7 1 10 10 12 1 1 7 1 10 7 11 7 1 9 12 1 1 9 12 1 10 12 1 9 12 1 1 9 12 1 10 12 1 10 12 1 1 9 12 1 7 1 10 10 12 1 1 10 10 12 1 10 12 10 10 12 1 9 12 1 10 12 1 1 10 12 1 8 10 7 8 1 18 8 1 8 1 10 12 1 9 12 1 9 12 1 1 10 12 1 7 1 7 1 10 12 1 9 12 1 1 10 10 12 1 9 12 1 8 1 10 12 1 10 10 12 1 1 100 1 100 1 9 12 1 100 1 8 1 10 10 7 12 1 1 1 10 12 11 7 12 1 1 1 10 12 1 10 12 1 1 10 8 1 10 12 1 8 1 10 12 1 1 9 7 12 1 1 11 12 7 1 11 7 12 1 1 9 12 1 10 100 12 1 1 1 10 7 12 1 1 10 12 1 1 9 12 1 9 10 12 1 1 10 12 1 1 10 12 1 1 10 12 1 1 10 12 1 1 11 12 1 11 12 1 1 11 7 12 1 1 11 12 1 7 1 11 12 1 10 7 12 1 1 1 10 12 1 11 12 1 10 7 12 1 1 1 10 12 1 10 7 12 1 1 1 11 12 1 11 12 1 1 10 12 1 10 12 1 1 9 12 1 1 10 12 1 10 7 12 1 1 1 10 12 1 1 10 12 1 10 12 1 10 12 1 10 7 12 1 1 1 10 12 1 8 1 10 12 1 10 12 1 10 12 1 8 1 8 1 10 7 12 1 1 10 7 12 1 1 100 1 10 12 10 7 12 1 1 1 10 7 12 1 1 1 10 12 1 1 10 12 1 18 12 1 1 11 12 1 1 18 11 12 1 18 12 1 11 12 1 10 12 1 10 12 1 10 12 1 10 12 10 12 1 8 1 10 12 1 7 1 9 12 1 1 100 1 100 1 100 1 100 1 1 1 3 1 3 1 3 1 1 1 1 1 1 1 1 1 5 0 1 1 1 1 1 1 1 1 1 1 1 1 1 1 1 1 1 1 1 1 1 1 1 1 1 1 1 100 1 1 1 1 1 1 1 1 1 1 1 100 1 1 1 1 1 7 1 1 1 1 1 1 1 1 1 1 1 1 1 1 1 1 1 1 1 1 1 1 1 1 1 1 1 1 1 1 1 1 1 1 100 1 1 1 1 1 1 1 1 1 1 1 1 1 1 1 1 1 1 1 1 1 1 1 1 1 1 1 1 1 1 1 100 1 1 1 1 1 1 1 1 1 1 1 1 1 1 1 1 1 1 1 1 1 1 1 1 1 1 1 1 1 1 1 1 1 1 1 1 1 1 1 1 1 1 1 1 1 1 1 1 1 1 1 1 1 1 1 1 1 1 1 1 1 100 1 100 1 1 1 1 1 1 1 1 1 1 1 1 1 1 1 1 1 1 1 1 1 1 1 1 1 1 1 1 1 1 1 1 1 1 1 1 1 1 1 1 1 1 1 1 1 1 1 1 1 1 1 1 1 1 1 1 1 1 1 1 1 1 1 1 1 1 1 1 1 1 1 1 1 1 1 1 1 1 1 1 1 1 1 1 1 1 1 1 1 1 1 1 1 1 1 1 1 1 1 1 1 1 1 1 1 1 1 1 1 1 1 1 1 1 1 1 1 1 1 1 16 15 10 12 16 15 11 12 16 1 15 10 12 16 16 15 10 12 16 15 16 1 15 10 12 16 15 10 7 12 1 1 1 1 1 100 1 1 1 1 1 1 1 1 100 1 1 100 1 100 1 1 100 1 100 1 1
staticfield java/lang/Class EMPTY_CLASS_ARRAY [Ljava/lang/Class; 0 [Ljava/lang/Class;
staticfield java/lang/Class serialPersistentFields [Ljava/io/ObjectStreamField; 0 [Ljava/io/ObjectStreamField;
ciInstanceKlass java/lang/reflect/AnnotatedElement 1 1 165 11 7 12 1 1 1 11 12 1 1 100 1 10 100 12 1 1 1 10 12 1 1 10 12 1 1 10 12 1 10 100 12 1 1 1 11 12 1 1 11 100 12 1 1 10 100 12 1 1 1 10 12 1 10 100 12 1 1 1 18 12 1 1 11 100 12 1 1 18 12 1 18 12 1 1 10 100 12 1 1 1 11 100 12 1 1 1 100 1 10 100 12 1 1 1 1 1 1 1 1 1 1 1 1 1 1 1 1 1 1 1 1 1 1 1 1 1 1 100 1 1 1 1 1 1 1 1 1 1 1 16 15 16 1 16 1 15 11 12 16 16 1 15 10 100 12 1 1 1 16 1 15 10 100 12 1 1 1 1 100 1 100 1 1
ciInstanceKlass java/lang/reflect/Type 1 1 17 11 100 12 1 1 1 100 1 1 1 1 1 1 1 1 1
ciInstanceKlass java/lang/invoke/TypeDescriptor 1 0 17 100 1 100 1 1 1 1 1 1 100 1 100 1 1 1 1
ciInstanceKlass java/lang/invoke/TypeDescriptor$OfField 1 0 21 100 1 100 1 100 1 1 1 1 1 1 1 1 1 1 1 1 1 1 1
ciInstanceKlass java/lang/reflect/GenericDeclaration 1 0 30 100 1 100 1 100 1 1 1 1 1 1 1 1 100 1 8 1 1 12 10 1 1 1 8 1 1 1 8 1
ciInstanceKlass java/lang/Module 1 1 1076 10 7 12 1 1 1 9 7 12 1 1 1 10 7 12 1 1 1 9 12 1 9 12 1 1 9 12 1 1 10 12 1 1 10 12 1 10 12 1 1 10 7 12 1 1 1 7 1 10 7 12 1 1 1 10 12 1 1 11 7 12 1 1 1 10 12 1 1 10 12 1 8 1 10 7 12 1 1 1 10 7 12 1 1 1 10 7 12 1 1 1 10 12 1 1 10 12 1 9 12 1 1 10 7 12 1 1 1 9 7 12 1 1 1 7 1 10 8 1 10 12 1 1 10 12 1 10 12 8 1 10 7 12 1 1 1 10 100 12 1 1 1 10 100 12 1 1 1 8 1 10 12 1 8 1 9 12 1 100 1 8 1 10 12 1 10 8 1 8 1 8 1 10 7 12 1 1 1 8 1 10 100 12 1 1 1 8 1 10 12 1 9 12 1 1 11 12 1 9 7 12 1 1 10 7 12 1 1 1 10 7 12 1 1 1 10 12 1 1 8 1 10 12 1 1 10 12 1 10 12 1 1 9 7 12 1 1 1 10 12 1 1 10 12 1 1 9 12 1 10 12 1 10 12 1 9 12 1 1 11 7 12 1 1 10 12 1 1 9 12 1 9 12 1 10 12 1 10 12 1 100 1 8 1 10 10 12 1 1 10 12 1 8 1 10 12 1 1 8 1 8 1 10 12 1 1 10 12 1 10 12 1 1 10 12 1 18 12 1 1 10 12 1 1 11 12 1 9 12 1 11 12 7 1 10 12 1 18 12 1 11 12 1 1 11 12 1 1 11 12 1 10 12 1 1 10 12 1 1 9 12 1 10 12 10 7 12 1 1 10 7 1 18 12 1 1 11 100 12 1 1 1 18 12 1 11 12 1 1 10 100 12 1 1 1 11 12 1 1 10 7 12 1 1 11 12 1 1 10 12 1 1 7 1 11 12 1 7 1 7 1 10 12 1 10 7 12 1 1 1 10 7 12 1 1 1 10 11 7 12 1 8 1 10 12 1 10 12 1 1 10 7 12 1 1 10 12 1 10 12 1 7 1 10 12 1 10 11 12 1 10 12 11 12 1 1 11 7 12 1 1 11 12 1 1 10 12 1 1 9 12 1 1 100 1 10 10 12 1 1 11 100 1 10 12 1 1 11 12 1 10 11 10 12 1 11 10 12 1 1 10 12 1 1 10 12 1 1 10 7 12 1 1 10 12 1 10 12 1 1 10 10 12 1 1 10 12 1 18 12 1 11 12 1 18 12 1 10 12 1 10 12 1 10 12 7 1 10 12 1 10 12 1 10 12 1 9 12 1 7 1 10 10 10 10 12 1 10 12 1 10 12 1 10 12 1 1 10 12 1 1 10 12 1 9 12 1 10 12 1 100 1 8 1 10 12 1 1 10 12 1 10 100 12 1 1 100 1 10 12 1 1 100 1 8 1 100 1 9 100 12 1 1 1 11 100 12 1 1 10 12 1 1 11 12 1 1 18 12 1 1 11 12 1 1 100 1 10 12 1 10 12 1 1 100 1 100 1 10 12 8 1 10 12 1 1 10 12 1 1 10 7 12 1 1 10 12 1 1 10 12 1 10 12 10 12 1 1 100 1 10 10 12 1 1 10 100 12 1 1 1 100 1 10 7 12 1 1 1 10 7 12 1 1 8 1 18 12 1 1 100 1 100 1 9 12 1 1 9 12 1 9 12 1 11 100 12 1 1 1 100 1 11 12 1 1 100 1 10 12 1 8 1 10 12 1 10 12 10 12 1 8 1 10 10 100 12 1 1 10 12 1 1 7 1 10 10 12 1 10 7 12 1 1 9 12 1 9 12 1 9 12 1 9 12 1 9 12 1 10 12 10 12 1 100 1 1 1 1 1 1 1 1 1 1 1 1 1 1 1 1 1 1 1 1 1 1 1 1 1 1 1 1 1 1 1 1 1 1 1 1 1 1 1 1 1 1 1 1 1 1 1 1 1 1 1 1 1 1 1 1 1 1 1 1 1 1 1 1 1 1 1 1 1 1 1 1 1 1 1 1 1 1 1 1 1 1 1 1 1 1 1 1 1 1 1 1 1 1 1 1 1 1 1 1 1 1 1 1 1 1 1 1 100 100 1 1 1 1 1 1 1 1 1 1 1 1 1 1 1 1 1 1 1 1 1 1 1 1 1 1 100 1 7 1 1 1 1 1 1 1 1 1 1 1 1 1 1 1 1 1 1 100 1 1 1 1 1 1 1 1 1 1 1 1 1 1 1 1 1 1 1 1 1 1 1 1 1 1 1 16 15 10 12 16 15 10 12 16 1 16 15 10 12 16 16 15 10 16 1 15 10 12 16 1 15 10 12 16 1 16 1 15 10 12 16 15 10 7 12 1 1 1 15 10 100 12 1 1 1 1 1 1 1 1 1 1 1 1 1 100 1 100 1 1
staticfield java/lang/Module ALL_UNNAMED_MODULE Ljava/lang/Module; java/lang/Module
staticfield java/lang/Module ALL_UNNAMED_MODULE_SET Ljava/util/Set; java/util/ImmutableCollections$Set12
staticfield java/lang/Module EVERYONE_MODULE Ljava/lang/Module; java/lang/Module
staticfield java/lang/Module EVERYONE_SET Ljava/util/Set; java/util/ImmutableCollections$Set12
staticfield java/lang/Module $assertionsDisabled Z 1
ciInstanceKlass java/lang/Math 1 1 480 7 1 7 1 10 100 12 1 1 1 10 7 12 1 1 1 10 12 1 10 12 1 10 12 1 10 12 1 10 12 1 6 0 6 0 10 12 1 10 12 1 10 12 1 10 12 1 10 12 1 10 12 1 1 10 12 1 10 12 1 10 12 1 10 12 1 10 12 1 10 7 12 1 1 1 100 1 3 3 3 10 12 1 1 100 1 5 0 5 0 5 0 5 0 5 0 9 100 12 1 1 1 10 100 12 1 1 1 100 1 8 1 10 12 1 8 1 10 12 1 1 10 12 1 1 100 1 5 0 5 0 100 1 3 5 0 3 5 0 10 12 1 10 12 1 10 12 1 10 12 1 10 12 1 8 1 10 12 1 8 1 10 12 1 1 10 12 1 1 9 12 1 1 9 12 1 100 1 100 1 10 10 12 1 1 8 1 10 12 1 10 12 1 1 10 10 12 1 10 12 1 10 12 1 10 12 1 1 8 1 8 1 10 12 1 1 10 12 1 10 12 10 12 10 12 1 10 12 1 10 12 1 10 12 1 10 12 6 0 10 12 1 9 12 1 1 100 1 10 10 12 1 100 1 10 12 1 10 12 1 1 10 12 1 10 12 1 10 12 10 12 1 1 10 12 1 1 10 12 1 1 10 12 6 0 10 12 1 1 10 12 10 12 1 4 10 12 1 10 12 1 10 12 10 12 1 10 12 1 10 12 1 10 12 1 10 12 1 10 12 1 5 0 6 0 4 6 0 4 6 0 4 10 12 1 6 0 6 0 10 12 1 10 12 8 1 10 12 1 10 12 1 8 1 8 1 10 12 10 12 10 7 12 1 1 1 4 6 0 1 1 1 6 0 1 6 0 1 6 0 1 1 1 1 1 1 1 1 1 1 1 1 1 1 1 1 1 1 1 1 1 1 1 1 1 1 1 1 1 1 1 1 1 1 1 1 1 1 1 1 1 1 1 1 1 1 1 1 1 1 1 1 1 1 1 1 1 1 1 1 1 1 1 1 1 1 1 1 1 1 1 1 1 1 1 1 1 1 1 1 1 1 1 1 1 1 1 1 1 1 1 1 1 1 1 1 1 1 1
staticfield java/lang/Math negativeZeroFloatBits J -2147483648
staticfield java/lang/Math negativeZeroDoubleBits J -9223372036854775808
staticfield java/lang/Math $assertionsDisabled Z 1
ciInstanceKlass jdk/internal/misc/Unsafe 1 1 1248 10 7 12 1 1 1 10 7 12 1 1 9 12 1 1 9 12 1 1 10 12 1 1 10 100 12 1 1 1 10 12 1 1 10 12 1 1 10 12 1 1 10 12 1 1 10 12 1 1 10 12 1 1 10 12 1 1 10 12 1 1 10 12 1 1 10 12 1 1 10 12 1 1 10 12 1 1 10 12 1 1 10 12 1 10 12 1 100 1 10 10 12 1 1 10 12 1 1 5 0 10 12 1 1 10 12 1 1 10 7 12 1 1 1 10 12 1 1 10 12 1 10 12 1 10 12 1 1 10 12 1 1 10 12 1 10 12 1 100 1 100 1 10 8 1 10 12 1 1 10 12 1 8 1 10 12 1 1 10 12 1 10 12 1 10 12 1 1 10 12 1 10 12 1 1 10 12 1 1 10 12 1 10 12 1 10 12 1 10 12 1 1 10 12 1 10 12 1 10 12 1 1 10 12 1 5 0 5 0 5 0 10 12 1 10 12 1 10 12 1 10 12 1 10 12 1 10 12 1 10 12 1 10 12 1 10 12 1 1 10 12 1 10 12 1 100 1 8 1 10 100 1 10 10 12 1 1 10 12 1 1 10 12 1 10 12 1 1 10 12 1 1 10 12 1 10 12 1 1 10 12 1 9 7 12 1 1 9 12 1 100 1 10 10 12 1 1 8 1 10 8 1 8 1 10 12 1 1 9 7 12 1 1 1 9 100 1 9 7 1 9 7 1 9 9 100 1 9 7 1 9 100 1 10 12 1 1 10 12 1 1 10 12 1 1 10 12 1 1 5 0 5 0 9 12 1 1 10 12 1 10 12 1 10 12 1 1 10 12 1 1 10 12 1 8 1 3 10 12 1 1 10 12 1 1 10 12 1 10 12 1 1 10 12 1 1 10 12 1 10 12 1 10 12 1 10 12 1 10 12 1 10 12 1 1 10 12 1 1 10 12 1 10 12 1 10 12 1 10 12 1 10 12 1 10 12 1 1 10 12 1 1 10 12 1 10 12 1 10 12 1 10 12 1 10 12 1 10 12 1 1 10 12 1 1 10 12 1 1 10 12 1 1 10 12 1 10 12 1 10 12 1 10 12 1 10 12 1 10 12 1 10 12 1 1 10 12 1 1 10 12 1 10 12 1 10 12 1 10 12 1 10 12 1 10 12 1 10 12 1 1 10 12 1 1 10 12 1 10 12 1 10 12 1 10 12 1 10 12 1 10 12 1 10 12 1 10 12 1 1 10 12 1 10 12 1 10 12 1 10 12 1 10 12 1 1 10 12 1 10 12 1 10 12 1 10 12 1 10 12 1 10 12 1 10 12 1 10 12 1 1 10 12 1 10 12 1 10 12 1 10 12 1 10 12 1 10 12 1 1 10 12 1 10 12 1 10 12 1 1 10 12 1 10 12 1 10 12 1 10 12 1 10 12 1 10 12 1 10 12 1 10 12 1 10 12 1 10 12 1 10 12 1 10 12 1 10 12 1 10 12 1 10 12 1 10 12 1 10 12 1 10 12 1 10 12 1 10 12 1 10 12 1 10 12 1 10 12 1 100 1 10 100 1 10 9 12 1 5 0 10 12 1 1 5 0 10 12 1 5 0 10 12 1 10 12 1 10 12 1 1 10 12 1 1 10 12 1 10 12 1 10 12 1 10 12 1 1 10 12 1 10 12 1 10 12 1 10 12 1 10 12 1 1 10 12 1 10 12 1 10 12 1 10 12 1 1 10 12 1 10 12 1 10 12 1 1 10 12 1 10 12 1 10 12 1 10 12 1 1 10 12 1 10 10 12 1 1 10 12 1 10 12 1 1 10 12 1 10 12 5 0 5 0 5 0 10 12 1 1 10 12 1 10 12 1 10 12 10 100 12 1 1 8 1 100 1 11 12 1 1 8 1 11 12 1 1 10 100 12 1 1 10 12 1 10 7 1 10 12 1 1 9 12 1 1 7 1 9 12 1 7 1 9 12 1 7 1 9 12 1 7 1 9 12 1 7 1 9 12 1 7 1 9 12 1 7 1 9 12 1 7 1 9 12 1 10 12 1 9 12 1 9 12 1 9 12 1 9 12 1 9 12 1 9 12 1 9 12 1 9 12 1 9 12 1 9 12 1 1 1 5 0 1 1 1 1 1 1 1 1 1 1 1 1 1 1 1 1 1 1 1 1 1 1 1 1 1 1 1 1 1 1 1 1 1 1 1 1 1 1 1 1 1 1 1 1 1 1 1 1 1 1 1 1 1 1 1 1 1 1 1 1 1 1 1 1 1 1 1 1 1 1 1 1 1 1 1 1 1 1 1 1 1 1 1 1 1 1 1 1 1 1 100 1 1 1 1 1 1 1 1 1 1 1 1 1 1 1 1 1 1 1 1 1 1 1 1 1 1 1 1 1 1 1 1 1 1 1 1 1 1 1 1 1 1 1 1 1 1 1 1 1 1 1 1 1 1 1 1 1 1 1 1 1 1 1 1 1 1 1 1 1 1 1 1 1 1 1 1 1 1 1 1 1 1 1 1 1 1 1 1 1 1 1 1 1 1 1 1 1 1 1 1 1 1 1 1 1 1 1 1 1 1 1 1 1 1 1 1 1 1 1 1 1 1 1 1 1 1 1 1 1 1 1 1 1 1 1 1 1 1 1 1 1 1 1 1 1 1 1 1 1 1 1 1 1 1 1 1 1 1 1 1 1 1 1 1 1 1 1 1 1 1 1 1 1 1 1 1 1 1 1 1 1 1 1 1 1 1 1 1 1 1 1 1 1 1 1 1 1 1 1 1 1 1 1 1 1 1 1 1 1 1 1 1 1
staticfield jdk/internal/misc/Unsafe theUnsafe Ljdk/internal/misc/Unsafe; jdk/internal/misc/Unsafe
staticfield jdk/internal/misc/Unsafe ARRAY_BOOLEAN_BASE_OFFSET J 16
staticfield jdk/internal/misc/Unsafe ARRAY_BYTE_BASE_OFFSET J 16
staticfield jdk/internal/misc/Unsafe ARRAY_SHORT_BASE_OFFSET J 16
staticfield jdk/internal/misc/Unsafe ARRAY_CHAR_BASE_OFFSET J 16
staticfield jdk/internal/misc/Unsafe ARRAY_INT_BASE_OFFSET J 16
staticfield jdk/internal/misc/Unsafe ARRAY_LONG_BASE_OFFSET J 16
staticfield jdk/internal/misc/Unsafe ARRAY_FLOAT_BASE_OFFSET J 16
staticfield jdk/internal/misc/Unsafe ARRAY_DOUBLE_BASE_OFFSET J 16
staticfield jdk/internal/misc/Unsafe ARRAY_OBJECT_BASE_OFFSET J 16
staticfield jdk/internal/misc/Unsafe ARRAY_BOOLEAN_INDEX_SCALE I 1
staticfield jdk/internal/misc/Unsafe ARRAY_BYTE_INDEX_SCALE I 1
staticfield jdk/internal/misc/Unsafe ARRAY_SHORT_INDEX_SCALE I 2
staticfield jdk/internal/misc/Unsafe ARRAY_CHAR_INDEX_SCALE I 2
staticfield jdk/internal/misc/Unsafe ARRAY_INT_INDEX_SCALE I 4
staticfield jdk/internal/misc/Unsafe ARRAY_LONG_INDEX_SCALE I 8
staticfield jdk/internal/misc/Unsafe ARRAY_FLOAT_INDEX_SCALE I 4
staticfield jdk/internal/misc/Unsafe ARRAY_DOUBLE_INDEX_SCALE I 8
staticfield jdk/internal/misc/Unsafe ARRAY_OBJECT_INDEX_SCALE I 4
staticfield jdk/internal/misc/Unsafe ADDRESS_SIZE I 8
ciInstanceKlass java/lang/Thread$FieldHolder 1 1 55 10 7 12 1 1 1 9 7 12 1 1 1 9 12 1 1 9 12 1 1 9 12 1 1 9 12 1 1 1 1 1 1 1 1 1 1 1 1 100 1 100 1 1 1 1 100 1 1 1 100 1 100 1 1
ciInstanceKlass java/lang/Thread$Constants 0 0 47 100 1 10 100 12 1 1 1 10 12 1 1 10 12 1 1 10 100 12 1 1 8 1 10 12 1 9 100 12 1 1 1 1 1 1 1 1 1 1 1 1 1 1 1 1 1
ciInstanceKlass java/lang/ThreadGroup 1 1 380 10 7 12 1 1 1 9 7 12 1 1 1 8 1 9 12 1 1 7 1 9 12 1 1 9 12 1 1 10 7 12 1 1 1 10 12 1 1 10 12 1 10 12 1 1 10 12 1 1 10 12 1 10 12 1 10 12 1 10 100 12 1 1 1 10 12 1 1 18 12 1 1 11 100 12 1 1 1 10 12 1 1 10 12 1 1 10 12 1 1 10 100 12 1 1 1 10 12 1 11 12 1 1 11 100 12 1 1 11 12 1 1 10 12 1 1 10 12 1 10 12 1 11 12 1 11 12 1 1 10 12 1 100 1 10 18 12 1 1 11 100 12 1 1 1 11 12 1 1 9 100 12 1 1 1 10 12 1 1 8 1 10 100 12 1 1 1 10 100 12 1 1 1 10 12 1 1 11 12 10 12 1 1 10 12 1 1 11 100 1 9 12 1 100 1 10 8 1 10 12 1 1 10 12 1 1 8 1 10 12 1 10 100 12 1 1 1 10 12 1 1 10 7 1 8 1 10 8 1 10 12 1 10 12 1 8 1 9 12 1 1 9 12 1 10 100 12 1 1 1 100 9 12 1 1 7 1 9 12 1 10 12 10 12 1 1 100 10 12 9 12 1 10 12 1 100 1 10 100 1 10 10 12 1 10 12 1 1 1 1 1 1 1 1 1 1 1 1 1 1 1 1 3 1 1 1 1 1 1 1 1 1 1 1 100 1 1 1 1 1 1 1 1 1 1 1 1 1 1 1 1 1 1 1 1 1 1 1 1 1 1 1 1 1 1 1 1 1 1 1 1 1 1 1 1 16 15 10 12 16 16 15 10 12 16 15 10 100 12 1 1 1 1 1 100 1 100 1 1
staticfield java/lang/ThreadGroup $assertionsDisabled Z 1
ciInstanceKlass java/lang/Thread$UncaughtExceptionHandler 1 0 16 100 1 100 1 1 1 1 1 1 1 1 100 1 1 1
instanceKlass java/lang/ThreadBuilders$BoundVirtualThread
instanceKlass java/lang/VirtualThread
ciInstanceKlass java/lang/BaseVirtualThread 0 0 36 10 100 12 1 1 1 100 1 1 1 1 1 1 1 1 1 1 1 1 1 1 1 1 1 1 1 1 100 1 100 1 1 100 1 1
ciInstanceKlass java/lang/VirtualThread 0 0 928 9 100 12 1 1 1 9 12 1 1 10 100 12 1 1 1 10 100 12 1 1 1 10 100 12 1 1 1 9 12 1 1 100 1 10 12 1 9 12 1 1 18 12 1 1 9 12 1 1 10 12 1 1 100 1 10 12 1 10 12 1 1 10 12 1 1 10 12 1 10 12 1 1 9 12 1 1 10 12 1 10 100 12 1 10 12 1 10 12 1 10 12 1 10 12 1 9 12 1 1 11 100 12 1 1 1 10 10 12 1 11 100 12 1 1 1 10 12 1 100 1 10 12 1 1 100 1 9 12 1 1 5 0 10 100 12 1 1 1 9 12 1 100 1 100 1 10 10 100 12 1 1 1 10 100 12 1 1 1 10 12 1 1 10 12 1 10 12 1 1 10 12 1 10 12 10 12 1 100 1 10 10 12 1 10 12 1 1 9 12 1 1 10 12 1 1 9 12 1 1 10 12 1 9 12 1 10 100 12 1 1 10 9 10 10 12 1 1 10 12 1 1 10 100 12 1 1 10 100 1 10 9 10 100 1 10 12 1 1 10 12 1 10 10 12 1 1 9 12 1 10 12 1 10 12 1 9 12 1 1 10 12 1 10 12 1 10 12 1 1 9 12 1 1 10 12 1 10 12 1 1 10 12 1 10 12 1 1 9 12 1 18 9 100 12 1 1 1 10 12 1 1 9 12 1 10 12 1 10 12 1 1 10 12 1 9 12 1 1 18 12 1 9 12 1 9 12 1 10 12 9 12 1 1 10 100 12 1 1 10 12 1 10 12 1 1 10 100 12 1 1 10 12 1 100 1 8 1 10 12 1 10 12 1 1 10 12 1 10 12 1 10 12 1 10 100 12 1 1 10 12 1 10 12 1 10 12 1 10 12 1 10 100 12 1 1 8 1 10 12 1 10 12 1 10 12 1 10 12 1 1 10 12 1 10 12 10 12 1 100 1 10 10 12 1 10 12 1 1 10 12 1 1 10 12 1 10 12 1 10 12 1 1 10 12 1 1 11 100 12 1 1 11 12 1 10 12 9 100 12 1 1 1 9 12 1 10 12 1 1 9 12 1 9 12 1 9 12 1 9 12 1 100 1 10 10 12 1 1 10 12 1 100 1 100 1 10 8 1 10 12 1 1 10 12 1 10 12 1 10 10 12 1 8 1 10 10 12 1 10 12 1 10 100 12 1 1 8 1 8 1 10 12 1 1 10 10 9 100 12 1 1 1 10 12 1 1 10 12 1 10 10 12 9 12 1 10 12 1 1 10 12 1 9 12 1 10 12 1 1 9 12 1 10 12 1 1 9 12 1 10 12 1 1 18 12 1 1 8 1 10 12 1 1 8 1 8 1 10 100 12 1 1 1 10 100 12 1 1 1 10 12 1 10 12 1 1 10 12 1 18 12 1 1 18 12 1 1 5 0 9 12 1 10 12 1 10 12 1 10 100 1 10 12 1 1 9 12 1 9 12 1 1 10 12 1 1 10 12 1 10 12 10 12 1 1 10 100 12 1 1 10 12 1 1 100 1 8 1 10 10 12 1 8 10 12 1 1 8 8 9 12 1 8 8 10 12 1 10 12 1 1 8 1 18 12 1 10 100 12 1 1 10 12 1 10 12 1 3 1 3 1 3 1 3 1 3 1 3 1 3 1 3 1 3 1 3 1 3 1 3 1 3 3 1 3 3 1 3 3 1 3 3 1 3 1 1 1 1 1 1 1 1 1 1 1 1 1 1 1 1 1 100 1 1 1 1 1 1 1 1 1 1 1 1 1 1 1 1 1 1 1 1 100 1 1 1 1 1 1 1 1 1 1 1 1 1 1 1 1 1 1 1 1 1 1 1 1 1 1 1 1 1 1 1 1 1 100 1 1 1 1 1 1 1 1 1 1 1 1 1 1 1 1 1 1 1 1 1 1 1 1 1 1 1 100 1 1 1 1 1 1 1 1 1 1 1 1 1 1 1 1 1 1 1 1 1 1 100 1 1 16 15 10 12 15 10 12 15 10 12 16 15 10 12 16 15 10 12 16 15 10 12 16 15 10 12 15 10 100 12 1 1 1 1 1 1 1 100 1 1 1 100 1 100 1 1
ciInstanceKlass java/lang/ThreadBuilders$BoundVirtualThread 0 0 132 10 100 12 1 1 1 9 100 12 1 1 1 10 100 12 1 1 1 9 12 1 1 10 12 1 1 10 12 1 1 9 12 1 1 10 100 12 1 1 1 10 12 1 1 100 1 8 1 10 12 1 10 12 1 1 10 12 1 1 10 12 1 1 10 100 12 1 1 1 8 1 10 12 1 8 1 10 12 1 1 10 100 12 1 1 9 100 12 1 1 1 10 12 1 1 10 10 12 1 1 1 1 1 1 1 1 1 1 1 1 1 1 1 1 1 1 1 1 1 1 1 1 1 1 1 1 100 1 1 1 1
instanceKlass lombok/eclipse/agent/PatchDelegate$DelegateRecursion
instanceKlass org/apache/maven/artifact/repository/metadata/RepositoryMetadataDeploymentException
instanceKlass org/apache/maven/artifact/repository/metadata/RepositoryMetadataInstallationException
instanceKlass lombok/eclipse/agent/PatchDelegate$DelegateRecursion
instanceKlass java/lang/Exception
instanceKlass java/lang/Error
ciInstanceKlass java/lang/Throwable 1 1 403 10 7 12 1 1 1 9 7 12 1 1 1 9 12 1 1 9 12 1 9 12 1 1 9 12 1 10 12 1 1 9 12 1 1 10 12 1 1 10 100 12 1 1 1 9 12 1 1 10 12 1 1 10 12 1 100 1 7 1 10 8 1 10 12 1 1 8 1 10 100 12 1 1 10 10 12 1 100 1 8 1 10 10 7 12 1 1 10 12 1 8 1 9 100 12 1 1 1 10 12 1 1 100 1 10 12 10 12 1 100 1 10 10 7 12 1 1 1 11 100 12 1 1 1 10 100 12 1 1 1 10 12 1 1 10 12 1 1 8 1 10 12 1 10 12 1 1 8 1 8 1 10 12 1 1 10 12 1 8 1 8 1 9 12 1 10 100 12 1 1 100 1 10 11 12 1 8 1 8 1 10 7 12 1 1 8 1 10 12 1 8 1 100 1 10 12 1 9 12 1 1 10 12 1 10 7 12 1 9 12 1 1 10 12 1 1 100 1 8 1 10 12 1 10 100 12 1 1 10 12 1 1 100 1 10 100 12 1 1 1 10 12 1 11 100 12 1 1 1 11 100 12 1 1 1 11 12 1 8 1 10 12 1 1 8 1 10 10 9 100 12 1 1 1 8 1 10 12 1 1 11 10 100 1 8 1 10 11 12 1 1 8 1 9 12 1 10 100 12 1 1 11 9 12 1 1 11 12 1 1 100 10 12 1 10 12 1 1 100 1 1 1 1 5 0 1 1 1 1 1 1 1 1 1 1 1 1 100 1 1 1 1 1 1 1 1 1 1 1 1 1 1 1 1 1 1 1 1 1 1 1 1 1 1 1 1 1 1 1 1 1 1 1 1 1 1 1 1 1 1 1 100 1 100 1 1 1 1 1 1 1 1 1 1 1 1 1 1 1 1 1 1
staticfield java/lang/Throwable UNASSIGNED_STACK [Ljava/lang/StackTraceElement; 0 [Ljava/lang/StackTraceElement;
staticfield java/lang/Throwable SUPPRESSED_SENTINEL Ljava/util/List; java/util/Collections$EmptyList
staticfield java/lang/Throwable EMPTY_THROWABLE_ARRAY [Ljava/lang/Throwable; 0 [Ljava/lang/Throwable;
staticfield java/lang/Throwable $assertionsDisabled Z 1
ciInstanceKlass jdk/internal/vm/ContinuationScope 0 0 50 10 100 12 1 1 1 10 100 12 1 1 1 100 1 9 100 12 1 1 1 10 12 1 1 10 100 12 1 1 1 10 12 1 1 10 12 1 1 1 1 1 1 1 1 1 1 1 1 1
ciInstanceKlass jdk/internal/vm/StackChunk 1 1 32 10 100 12 1 1 1 9 100 12 1 1 1 9 12 1 1 9 12 1 1 1 1 1 1 1 1 1 1 1 1 1
ciInstanceKlass java/lang/Boolean 1 1 146 10 7 12 1 1 1 9 7 12 1 1 1 10 12 1 1 10 12 1 8 1 10 7 12 1 1 9 12 1 1 9 12 1 10 12 1 1 10 12 1 1 10 12 1 1 10 12 1 10 7 12 1 1 1 10 12 1 1 9 100 12 1 1 9 12 10 100 12 1 1 1 10 12 1 1 8 1 10 7 12 1 1 1 9 12 1 1 100 1 100 1 100 1 1 1 1 1 1 5 0 1 1 1 1 1 1 1 1 1 1 1 1 1 1 1 1 1 1 1 1 1 1 1 1 1 1 1 1 1 1 1 1 1 1 1 100 1 1 1 1 1 1 1 1 1
staticfield java/lang/Boolean TRUE Ljava/lang/Boolean; java/lang/Boolean
staticfield java/lang/Boolean FALSE Ljava/lang/Boolean; java/lang/Boolean
staticfield java/lang/Boolean TYPE Ljava/lang/Class; java/lang/Class
ciInstanceKlass java/lang/Character 1 1 603 7 1 100 1 100 1 9 12 1 1 8 1 9 12 1 1 100 1 9 12 1 1 10 100 12 1 1 1 10 100 12 1 1 1 10 100 12 1 1 1 10 7 12 1 1 1 9 7 12 1 1 1 10 12 1 10 12 1 1 10 12 1 1 10 7 12 1 1 10 12 1 1 3 3 3 3 3 10 12 1 1 10 12 1 3 11 7 12 1 1 1 11 12 1 1 10 12 1 1 10 12 1 1 100 1 10 10 12 1 3 10 12 1 1 10 12 1 10 12 1 1 100 1 8 1 10 12 1 1 10 12 1 10 12 1 10 12 1 10 100 12 1 1 1 10 12 1 10 12 1 10 12 1 1 10 12 1 10 7 12 1 1 10 10 12 1 10 10 12 1 10 12 1 1 10 12 1 10 10 12 1 10 12 1 10 12 1 10 12 1 10 12 1 10 12 1 10 12 1 10 12 10 10 12 10 10 12 1 10 10 12 1 10 10 12 1 10 10 12 1 10 12 1 10 12 1 10 12 1 10 12 1 10 12 1 10 12 1 10 10 12 1 10 10 12 1 10 10 12 1 1 10 10 12 1 10 5 0 10 12 1 10 12 1 10 10 12 1 10 10 12 1 1 10 10 12 1 10 10 12 1 9 12 1 1 100 1 10 10 12 1 10 12 1 1 3 10 100 12 1 1 1 10 12 1 10 100 12 1 1 100 1 10 10 12 1 1 10 12 1 1 10 12 1 1 8 1 10 12 1 9 100 12 1 1 1 10 12 1 10 10 12 1 10 12 1 1 10 12 1 10 10 12 1 1 10 10 12 1 1 100 1 8 1 10 12 1 1 10 7 12 1 1 1 8 1 10 12 1 1 9 12 1 1 100 1 100 1 100 1 1 1 1 3 1 3 1 3 1 3 1 1 1 1 1 3 1 1 3 1 3 1 3 1 3 1 3 1 3 1 3 1 3 1 3 1 3 1 3 1 3 1 3 1 3 1 3 1 3 1 3 1 3 1 3 1 3 1 3 1 3 1 3 1 3 1 3 1 3 1 3 1 3 1 1 1 1 1 1 1 1 1 1 1 1 1 1 1 1 1 1 1 3 1 1 1 1 1 1 1 3 1 1 3 1 1 1 1 1 3 1 1 5 0 1 1 1 1 1 1 1 1 1 1 1 1 1 1 1 1 1 1 1 1 1 1 1 1 1 1 1 1 1 1 1 1 1 1 1 1 1 1 1 1 1 1 1 1 1 1 1 1 1 1 1 1 1 1 1 1 1 1 1 1 1 1 1 1 1 1 1 1 1 1 1 1 1 1 1 1 1 1 1 1 1 1 1 1 1 1 1 1 1 100 1 100 1 1 1 1 1 1
staticfield java/lang/Character TYPE Ljava/lang/Class; java/lang/Class
staticfield java/lang/Character $assertionsDisabled Z 1
ciInstanceKlass java/lang/Float 1 1 277 7 1 100 1 10 7 12 1 1 1 10 100 12 1 1 1 4 100 1 10 12 1 1 10 12 1 1 8 1 8 1 10 100 12 1 1 1 10 12 1 1 10 12 1 1 10 7 1 4 10 7 12 1 1 9 12 1 1 10 12 1 1 10 12 1 10 10 12 1 1 10 12 1 10 12 1 3 3 100 1 4 4 4 3 10 12 1 1 9 12 1 1 100 1 10 3 3 4 4 10 12 1 3 3 3 10 12 1 1 10 12 1 1 10 12 1 10 100 12 1 1 1 10 12 1 1 10 12 1 1 10 7 12 1 1 1 8 1 10 12 1 1 9 12 1 1 100 1 100 1 100 1 1 1 1 4 1 4 1 1 1 4 1 1 3 1 3 1 3 1 3 1 3 1 1 1 1 5 0 1 1 1 1 1 1 1 1 1 1 7 1 1 1 1 1 1 1 1 1 1 1 1 1 1 1 1 1 1 1 1 1 1 1 1 1 1 1 1 1 1 1 1 1 1 1 1 1 1 1 1 1 1 1 1 1 1 1 1 1 1 1 1 1 1 1 1 1 1 1 1 1 1 1 1 1 1 1 1 1 1 1 1 1 7 1 1 1 1 1 1 1 100 1 100 1 1
staticfield java/lang/Float TYPE Ljava/lang/Class; java/lang/Class
staticfield java/lang/Float $assertionsDisabled Z 1
instanceKlass com/google/gson/internal/LazilyParsedNumber
instanceKlass com/sun/jna/IntegerType
instanceKlass java/util/concurrent/atomic/Striped64
instanceKlass java/math/BigDecimal
instanceKlass java/math/BigInteger
instanceKlass java/util/concurrent/atomic/AtomicLong
instanceKlass java/util/concurrent/atomic/AtomicInteger
instanceKlass java/lang/Long
instanceKlass java/lang/Integer
instanceKlass java/lang/Short
instanceKlass java/lang/Byte
instanceKlass java/lang/Double
instanceKlass java/lang/Float
ciInstanceKlass java/lang/Number 1 1 37 10 7 12 1 1 1 10 100 12 1 1 1 100 1 1 1 1 5 0 1 1 1 1 1 1 1 1 1 1 1 1 1 1 1 1 1
ciInstanceKlass java/lang/Double 1 1 288 7 1 100 1 10 7 12 1 1 1 10 12 1 1 10 100 1 10 12 1 1 10 7 12 1 1 1 6 0 8 1 10 12 1 1 8 1 10 12 1 1 8 1 6 0 10 12 1 1 100 1 5 0 5 0 8 1 8 1 10 100 12 1 1 1 10 100 12 1 1 1 8 1 10 12 1 1 8 1 8 1 8 1 10 12 1 1 10 12 1 10 12 1 1 10 12 1 10 12 1 10 12 1 1 10 12 1 10 7 1 6 0 10 7 12 1 1 9 12 1 1 10 12 1 10 12 1 10 12 1 10 12 1 10 12 1 5 0 10 12 1 1 10 12 1 10 12 1 10 100 12 1 1 1 10 12 1 1 10 12 1 1 8 1 10 7 12 1 1 1 9 12 1 1 100 1 100 1 100 1 1 1 6 0 1 6 0 1 6 0 1 1 1 6 0 1 1 3 1 3 1 3 1 3 1 3 1 1 1 1 5 0 1 1 1 1 1 1 1 1 1 1 1 1 1 1 1 1 7 1 1 1 1 1 1 1 1 1 1 1 1 1 1 1 1 1 1 1 1 1 1 1 1 1 1 1 1 1 1 1 1 1 1 1 1 1 1 1 1 1 1 1 1 1 7 1 1 1 1 1 1 1 100 1 100 1 1
staticfield java/lang/Double TYPE Ljava/lang/Class; java/lang/Class
ciInstanceKlass java/lang/Byte 1 1 212 7 1 100 1 10 7 12 1 1 1 9 12 1 1 8 1 9 12 1 1 100 1 10 12 1 1 10 12 1 1 10 100 12 1 1 1 10 100 12 1 1 1 9 7 12 1 1 1 10 12 1 1 7 1 100 1 10 12 1 1 8 1 10 12 1 1 8 1 10 12 1 10 12 1 10 12 1 10 12 1 1 10 12 1 10 12 1 10 12 1 1 10 8 1 8 1 10 7 1 9 12 1 1 10 12 1 1 10 12 1 1 10 12 1 1 10 12 1 5 0 10 12 1 1 8 1 10 7 12 1 1 1 9 12 1 1 100 1 100 1 1 1 3 1 3 1 1 1 1 3 1 3 1 1 5 0 1 1 1 1 1 1 1 1 1 1 1 1 1 1 1 1 1 1 1 1 1 1 1 1 1 1 1 1 1 1 1 1 1 1 1 1 1 1 1 1 1 1 1 1 1 1 1 1 1 1 1 1 1 1 1
staticfield java/lang/Byte TYPE Ljava/lang/Class; java/lang/Class
ciInstanceKlass java/lang/Short 1 1 220 7 1 100 1 100 1 10 100 12 1 1 1 10 12 1 1 7 1 100 1 10 12 1 1 8 1 10 12 1 1 8 1 10 12 1 10 12 1 10 12 1 10 12 1 1 10 12 1 1 10 12 1 9 12 1 1 8 1 9 12 1 1 100 1 10 12 1 1 10 12 1 10 100 12 1 1 1 10 100 12 1 1 1 9 7 12 1 1 1 10 12 1 10 12 1 1 10 8 1 8 1 10 7 1 9 12 1 1 10 12 1 1 10 12 1 1 10 12 1 1 10 12 1 3 3 5 0 10 12 1 1 8 1 10 7 12 1 1 1 9 12 1 1 100 1 100 1 1 1 3 1 3 1 1 1 1 3 1 3 1 1 5 0 1 1 1 1 1 1 1 1 1 1 1 1 1 1 1 1 1 1 1 1 1 1 1 1 1 1 1 1 1 1 1 1 1 1 1 1 1 1 1 1 1 1 1 1 1 1 1 1 1 1 1 1 1 1 1 1
staticfield java/lang/Short TYPE Ljava/lang/Class; java/lang/Class
ciInstanceKlass java/lang/Integer 1 1 436 7 1 100 1 7 1 7 1 10 12 1 1 9 12 1 1 9 12 1 1 10 100 12 1 1 1 10 12 1 1 10 100 12 1 1 1 10 10 12 1 1 10 100 12 1 1 1 10 12 1 10 12 1 1 10 7 12 1 1 1 10 12 1 1 10 12 1 1 10 12 1 10 7 12 1 1 10 12 1 1 10 12 1 10 12 1 7 1 8 1 10 12 1 8 1 100 1 10 12 1 1 10 12 1 1 8 1 10 12 1 1 8 1 10 12 1 1 10 12 1 1 10 12 1 1 3 3 10 7 12 1 1 1 11 7 1 10 12 1 1 11 10 12 1 1 10 12 1 1 8 1 10 12 1 10 12 1 8 1 100 1 10 12 1 8 1 10 12 1 1 10 12 1 8 1 10 12 1 10 12 1 7 1 9 12 1 1 9 12 1 1 10 12 1 10 7 1 9 12 1 10 12 1 10 12 1 10 12 1 1 10 12 1 1 10 7 12 1 1 1 10 12 1 1 8 1 8 1 10 12 1 1 8 1 8 1 8 1 8 1 8 1 8 1 10 12 1 10 12 1 10 12 1 5 0 3 3 3 3 10 12 1 10 12 1 3 10 12 1 10 100 12 1 1 1 10 12 1 1 10 12 1 1 8 1 10 7 12 1 1 1 9 12 1 1 100 1 100 1 100 1 1 1 1 3 1 1 1 1 1 3 1 3 1 1 5 0 1 1 1 1 1 1 1 1 1 100 1 1 1 1 1 1 1 1 1 1 1 1 1 1 1 1 1 1 1 1 1 1 1 1 1 1 1 1 1 1 1 1 1 1 1 1 1 1 1 1 1 1 1 1 1 1 1 1 1 1 1 1 1 1 1 1 1 1 1 1 1 1 1 1 1 1 1 1 1 1 1 1 1 1 1 1 1 1 1 1 1 1 1 1 1 1 1 1 1 1 1 1 1 7 1 1 1 1 1 1 1 1 1 100 1 100 1 1
staticfield java/lang/Integer TYPE Ljava/lang/Class; java/lang/Class
staticfield java/lang/Integer digits [B 36
ciInstanceKlass java/lang/Long 1 1 498 7 1 100 1 7 1 7 1 10 12 1 1 9 12 1 1 9 7 12 1 1 1 10 7 12 1 1 1 10 12 1 1 10 100 12 1 1 1 10 10 12 10 12 1 10 12 1 10 12 1 5 0 5 0 100 1 10 12 1 1 10 12 1 1 10 12 1 10 12 1 10 12 1 10 12 1 1 10 100 12 1 1 10 12 1 10 12 1 1 10 12 1 1 10 12 1 1 10 12 1 1 10 7 12 1 1 1 10 12 1 1 10 12 1 10 12 1 10 7 12 1 1 10 12 1 1 10 12 1 10 12 1 7 1 8 1 10 12 1 8 1 100 1 10 12 1 10 12 1 1 8 1 10 12 1 1 8 1 10 12 1 1 10 12 1 1 10 12 1 1 5 0 5 0 10 100 12 1 1 1 11 100 1 10 12 1 1 11 10 12 1 1 10 12 1 1 8 1 5 0 10 12 1 1 10 12 1 1 8 1 8 1 10 12 1 8 1 10 12 1 10 12 1 5 0 5 0 9 7 12 1 1 1 10 12 1 10 12 1 1 8 1 8 1 10 12 1 1 8 1 8 1 8 1 8 1 8 1 8 1 10 12 1 10 12 1 10 7 1 9 12 1 1 10 12 1 10 12 1 1 10 12 1 1 10 7 12 1 1 1 10 12 1 1 10 12 1 10 12 1 10 12 1 5 0 5 0 5 0 10 12 1 1 10 12 1 5 0 5 0 10 12 10 12 1 10 100 12 1 1 1 10 12 1 1 10 12 1 1 8 1 10 7 12 1 1 1 9 12 1 1 100 1 100 1 100 1 1 1 1 5 0 1 1 1 1 3 1 3 1 5 0 1 1 1 1 1 1 1 1 1 100 1 1 1 1 1 1 1 1 1 1 1 1 1 1 1 1 1 1 1 1 1 1 1 1 1 1 1 1 1 1 1 1 1 1 1 1 1 1 1 1 1 1 1 1 1 1 1 1 1 1 1 1 1 1 1 1 1 1 1 1 1 1 1 1 1 1 1 1 1 1 1 1 1 1 1 1 1 1 1 1 1 1 1 1 1 1 1 1 1 1 1 1 1 1 1 1 1 1 1 1 7 1 1 1 1 1 1 1 1 1 100 1 100 1 1
staticfield java/lang/Long TYPE Ljava/lang/Class; java/lang/Class
ciInstanceKlass java/lang/Void 1 1 31 10 100 12 1 1 1 8 1 10 7 12 1 1 1 9 7 12 1 1 1 1 1 1 1 1 1 1 1 1 1
staticfield java/lang/Void TYPE Ljava/lang/Class; java/lang/Class
ciInstanceKlass jdk/internal/vm/vector/VectorSupport 0 0 597 100 1 10 100 12 1 1 1 9 12 1 1 10 100 12 1 1 1 100 1 10 12 1 11 100 12 1 1 1 11 100 12 1 1 1 11 100 12 1 1 1 11 100 12 1 1 11 100 12 1 1 11 100 12 1 1 11 100 12 1 1 11 100 12 1 1 11 100 12 1 1 11 100 12 1 1 11 100 12 1 1 1 11 100 12 1 1 11 100 12 1 1 1 11 100 12 1 1 1 11 100 12 1 1 11 100 12 1 1 1 11 100 12 1 1 100 1 10 12 1 1 11 100 12 1 1 11 100 12 1 1 11 100 12 1 1 11 100 1 11 100 12 1 1 11 100 12 1 1 11 100 12 1 1 9 12 1 1 10 100 12 1 1 11 100 12 1 1 10 100 12 1 1 1 10 100 12 1 1 10 12 1 1 10 12 1 1 1 1 1 3 1 3 1 3 1 3 1 3 1 3 1 3 1 3 1 3 1 3 1 3 1 3 1 3 1 3 1 3 1 3 1 3 1 3 1 3 1 3 1 3 1 3 1 3 1 3 1 3 1 3 1 3 1 3 1 3 1 3 1 3 1 3 1 3 1 3 1 3 1 3 1 3 1 3 1 3 1 3 1 3 1 3 1 3 1 3 1 3 1 3 1 3 1 3 1 3 1 3 1 3 1 3 1 3 1 1 1 3 1 3 1 3 1 3 1 3 1 3 1 1 1 1 1 1 1 1 1 1 1 1 1 1 1 1 1 1 1 1 1 1 1 1 1 1 1 1 1 1 1 1 1 1 1 1 1 1 1 1 1 1 1 1 1 1 1 1 1 1 1 1 1 1 1 1 1 1 1 1 1 1 1 1 1 1 1 1 1 1 1 1 1 1 1 1 1 1 1 1 1 1 1 1 1 1 1 1 1 1 1 1 1 1 1 1 1 1 1 1 1 1 1 1 1 1 1 1 1 1 1 1 1 1 1 1 1 1 1 1 1 1 1 1 1 1 1 1 1 1 1 1 1 1 1 1 1 1 1 1 1 1 1 1 1 1 1 1 1 1 1 1 1 1 1 1 1 1 1 1 1 1 1 1 1 1 1 1 1 1 1 1 1 1 1 1 1 1 1 1 1 1 1 1 1 1 1 1 1 1 1 1 1 1 1 1 1 1 1 1 1 1 1 1 1 1 1 1 1 1 1 1 1 1 1 1 1 1 1 1 1 1 1 1 1 1 1 1 1 1 1 1 1 1 1 1 1 1 1 1 1 1 1 1 1 1 1 100 1 100 1 100 1 100 1 100 1 1 1 1 1 1 1 1 1 1 1 1 1 1 1 1 1 1 1 1 1 1 1 1 1 1 1 1 1 1 1
instanceKlass jdk/internal/vm/vector/VectorSupport$VectorShuffle
instanceKlass jdk/internal/vm/vector/VectorSupport$VectorMask
instanceKlass jdk/internal/vm/vector/VectorSupport$Vector
ciInstanceKlass jdk/internal/vm/vector/VectorSupport$VectorPayload 0 0 32 10 100 12 1 1 1 9 100 12 1 1 1 10 100 12 1 1 1 1 1 1 1 1 1 1 1 1 1 1 1 1
ciInstanceKlass jdk/internal/vm/vector/VectorSupport$Vector 0 0 28 10 100 12 1 1 1 100 1 1 1 1 1 1 1 1 1 1 1 1 1 1 1 100 1 1 1 1
ciInstanceKlass jdk/internal/vm/vector/VectorSupport$VectorMask 0 0 28 10 100 12 1 1 1 100 1 1 1 1 1 1 1 1 1 1 1 1 1 1 1 100 1 1 1 1
ciInstanceKlass jdk/internal/vm/vector/VectorSupport$VectorShuffle 0 0 28 10 100 12 1 1 1 100 1 1 1 1 1 1 1 1 1 1 1 1 1 1 1 100 1 1 1 1
ciInstanceKlass jdk/internal/vm/FillerObject 0 0 16 10 100 12 1 1 1 100 1 1 1 1 1 1 1 1
instanceKlass java/lang/ref/PhantomReference
instanceKlass java/lang/ref/FinalReference
instanceKlass java/lang/ref/WeakReference
instanceKlass java/lang/ref/SoftReference
ciInstanceKlass java/lang/ref/Reference 1 1 198 9 7 12 1 1 1 9 7 12 1 1 10 12 1 1 10 12 1 1 9 12 1 1 10 12 1 1 9 12 1 1 9 12 1 1 7 1 10 12 1 10 7 12 1 1 10 12 1 10 12 1 1 10 12 1 7 1 8 1 10 12 1 1 7 1 10 12 1 1 10 12 1 1 10 12 1 7 1 10 12 10 7 12 1 1 1 9 12 1 10 12 1 1 10 12 1 10 12 1 10 12 1 9 12 1 100 1 100 1 10 9 12 1 9 12 1 100 1 10 10 12 1 10 10 7 12 1 1 10 12 1 1 1 1 1 1 1 1 1 1 1 1 1 1 1 1 1 100 1 1 1 100 1 1 1 1 1 1 1 1 1 1 1 1 1 1 1 1 1 1 1 1 1 1 1 1 1 1 1 1 1 1 1 1 1 1 1 1 1 100 1 100 1 100 1 1 1
staticfield java/lang/ref/Reference processPendingLock Ljava/lang/Object; java/lang/Object
staticfield java/lang/ref/Reference $assertionsDisabled Z 1
instanceKlass org/eclipse/sisu/inject/MildElements$Soft
instanceKlass java/io/ClassCache$CacheRef
instanceKlass org/eclipse/sisu/inject/MildKeys$Soft
instanceKlass org/eclipse/core/internal/registry/ReferenceMap$SoftRef
instanceKlass sun/util/locale/provider/LocaleResources$ResourceReference
instanceKlass sun/util/resources/Bundles$BundleReference
instanceKlass java/util/ResourceBundle$BundleReference
instanceKlass sun/security/util/MemoryCache$SoftCacheEntry
instanceKlass jdk/internal/util/SoftReferenceKey
instanceKlass java/lang/invoke/LambdaFormEditor$Transform
ciInstanceKlass java/lang/ref/SoftReference 1 1 50 10 7 12 1 1 1 9 7 12 1 1 1 9 12 1 10 12 1 10 12 1 1 1 1 1 1 1 1 1 1 1 1 1 1 1 1 1 1 1 1 1 1 100 1 1 1 1 1 1
instanceKlass javax/crypto/JceSecurity$WeakIdentityWrapper
instanceKlass org/eclipse/jdt/internal/core/util/WeakHashSetOfCharArray$HashableWeakReference
instanceKlass org/eclipse/jdt/internal/core/util/WeakHashSet$HashableWeakReference
instanceKlass org/eclipse/sisu/inject/MildElements$Weak
instanceKlass com/google/common/collect/MapMakerInternalMap$AbstractWeakKeyEntry
instanceKlass com/google/common/cache/LocalCache$WeakEntry
instanceKlass org/eclipse/sisu/inject/MildKeys$Weak
instanceKlass com/sun/jna/CallbackReference
instanceKlass java/lang/WeakPairMap$WeakRefPeer
instanceKlass java/util/ResourceBundle$KeyElementReference
instanceKlass java/util/logging/LogManager$LoggerWeakRef
instanceKlass java/util/logging/Level$KnownLevel
instanceKlass org/eclipse/osgi/internal/container/KeyBasedLockStore$LockWeakRef
instanceKlass sun/nio/ch/FileLockTable$FileLockReference
instanceKlass java/lang/ThreadLocal$ThreadLocalMap$Entry
instanceKlass jdk/internal/util/WeakReferenceKey
instanceKlass java/util/WeakHashMap$Entry
ciInstanceKlass java/lang/ref/WeakReference 1 1 34 10 7 12 1 1 1 10 12 1 100 1 1 1 1 1 1 1 1 1 1 1 1 1 1 1 1 1 1 1 1 1 1 1
instanceKlass java/lang/ref/Finalizer
ciInstanceKlass java/lang/ref/FinalReference 1 1 50 10 7 12 1 1 1 10 100 12 1 1 1 10 12 1 1 100 1 8 1 10 12 1 1 1 1 1 1 1 1 1 1 1 1 1 1 1 1 1 1 1 1 1 1 1 1 1 100 1
instanceKlass com/sun/jna/internal/Cleaner$CleanerRef
instanceKlass jdk/internal/ref/PhantomCleanable
instanceKlass jdk/internal/ref/Cleaner
ciInstanceKlass java/lang/ref/PhantomReference 1 1 47 10 7 12 1 1 1 10 12 1 1 10 7 12 1 1 1 1 1 1 1 1 1 1 1 1 1 1 1 1 1 1 1 1 1 1 1 1 1 1 1 1 1 1 1 1 1
ciInstanceKlass java/lang/ref/Finalizer 1 1 177 9 7 12 1 1 1 10 7 12 1 1 1 9 12 1 1 9 12 1 1 9 12 1 9 12 1 9 12 1 1 10 12 1 100 1 8 1 10 12 1 10 12 1 1 9 12 1 100 1 10 12 1 100 1 11 100 12 1 1 10 12 1 100 1 10 12 1 10 7 12 1 1 1 10 12 1 1 10 100 12 1 1 8 1 10 12 1 10 12 1 10 12 1 100 1 10 12 1 10 100 12 1 1 1 100 1 10 10 12 1 1 7 1 10 12 1 10 12 1 1 10 12 1 1 10 7 12 1 1 1 7 1 10 7 1 10 10 12 1 1 1 1 1 1 1 1 1 1 1 1 1 1 1 1 1 1 1 1 1 1 1 1 1 1 100 1 1 1 1 1 1 1 1 1 1 1
staticfield java/lang/ref/Finalizer lock Ljava/lang/Object; java/lang/Object
staticfield java/lang/ref/Finalizer ENABLED Z 1
staticfield java/lang/ref/Finalizer $assertionsDisabled Z 1
instanceKlass java/lang/reflect/Executable
instanceKlass java/lang/reflect/Field
ciInstanceKlass java/lang/reflect/AccessibleObject 1 1 374 10 7 12 1 1 1 10 7 12 1 1 1 10 7 12 1 1 1 10 12 1 1 9 12 1 1 7 1 10 7 12 1 1 1 11 12 1 100 1 10 12 1 7 1 100 1 10 12 1 1 10 12 1 1 10 12 1 1 10 12 1 1 10 12 1 1 7 1 10 7 12 1 1 1 10 12 1 1 11 10 7 12 1 1 1 10 12 1 1 10 12 1 10 12 1 10 12 1 1 10 12 1 8 1 7 1 7 1 10 10 12 1 1 8 1 10 12 1 10 12 1 8 1 8 1 8 1 8 1 8 1 8 1 8 1 8 1 8 1 7 1 10 12 1 10 12 1 9 7 12 1 1 1 10 12 1 1 10 12 1 10 100 1 100 1 8 1 10 8 1 10 12 1 8 1 10 12 1 10 12 1 1 10 100 1 8 1 10 11 7 12 1 1 1 10 12 1 1 10 12 1 1 10 12 1 1 9 12 1 1 100 1 10 12 1 7 1 10 12 1 10 12 1 1 10 100 1 10 12 1 10 12 10 12 1 10 12 1 10 12 1 1 10 12 1 9 12 1 10 7 12 1 1 8 1 10 12 1 1 8 1 10 100 12 1 1 1 9 12 1 100 1 10 7 1 10 10 7 12 1 1 1 10 7 12 1 1 1 9 12 1 1 1 1 1 1 1 1 1 1 1 1 1 1 1 1 1 1 1 1 1 1 1 1 1 1 1 1 1 1 1 1 1 1 1 1 1 1 1 1 1 1 1 1 1 1 1 1 1 1 1 1 1 1 1 1 1 1 1 1 1 1 1 1 1 1 1 1 1 1 1 1 1 1 1 1 1 1 1 1 1 1 1
staticfield java/lang/reflect/AccessibleObject reflectionFactory Ljdk/internal/reflect/ReflectionFactory; jdk/internal/reflect/ReflectionFactory
ciInstanceKlass java/lang/reflect/Method 1 1 468 9 7 12 1 1 1 10 7 12 1 1 1 10 7 12 1 1 9 12 1 1 9 12 1 1 10 12 1 1 10 12 1 1 10 12 1 1 10 7 12 1 1 10 7 12 1 1 1 9 12 1 1 9 12 1 9 12 1 1 9 12 1 9 12 1 9 12 1 1 9 12 1 9 12 1 1 9 12 1 9 12 1 100 1 8 1 10 12 1 10 12 1 9 12 1 1 10 7 12 1 1 1 10 12 1 1 10 12 1 1 10 12 1 10 12 1 1 9 7 12 1 1 1 10 12 1 1 10 12 10 7 12 1 1 10 12 1 1 10 12 1 10 12 1 10 12 1 10 7 12 1 1 1 10 12 1 1 9 12 1 10 7 1 10 7 12 1 1 1 10 7 12 1 1 10 12 1 1 10 12 1 1 10 12 1 10 7 12 1 1 1 10 12 1 10 8 1 10 12 1 10 12 1 7 1 8 1 8 1 8 1 10 12 1 10 12 1 1 10 12 1 1 10 10 12 1 1 10 12 1 11 100 1 10 12 1 9 12 1 1 10 12 1 1 10 12 1 10 12 1 1 10 12 1 1 11 7 12 1 1 1 11 12 1 9 12 1 1 10 12 1 10 12 1 10 12 1 10 12 1 10 12 1 10 12 1 9 12 1 1 10 7 12 1 1 1 10 7 12 1 1 10 12 1 1 10 7 12 1 1 1 10 7 12 1 1 1 10 7 12 1 1 1 11 7 12 1 1 1 10 7 12 1 1 1 7 1 100 1 100 1 10 12 1 10 12 1 1 10 12 1 100 1 8 1 10 12 1 10 10 12 1 1 10 12 1 1 10 12 1 1 10 12 1 1 8 1 10 12 1 1 1 1 1 1 1 1 1 1 1 1 1 1 1 1 1 1 1 1 1 1 1 1 1 1 1 1 1 1 1 1 1 1 1 1 1 1 1 1 1 1 1 1 1 1 1 1 1 1 1 1 1 100 1 7 1 7 1 1 1 1 1 1 1 1 1 1 1 1 1 1 1 1 1 1 1 1 1 1 1 1 1 1 1 1 1 1
ciInstanceKlass java/lang/reflect/Member 1 1 37 100 1 10 12 1 1 100 1 100 1 1 1 1 3 1 3 1 1 1 1 1 1 1 1 1 1 1 1 1 1 1 1 1 1 1 1
instanceKlass java/lang/reflect/Constructor
instanceKlass java/lang/reflect/Method
ciInstanceKlass java/lang/reflect/Executable 1 1 587 10 7 12 1 1 1 10 7 12 1 1 1 10 7 12 1 1 1 11 7 12 1 1 1 10 7 12 1 1 1 10 12 1 1 10 7 12 1 1 1 10 7 12 1 1 1 10 12 1 8 1 10 10 12 1 1 10 12 1 1 10 7 12 1 1 1 18 12 1 1 11 7 12 1 1 1 8 1 8 1 8 1 10 7 12 1 1 1 11 12 1 1 7 1 8 1 8 1 10 12 1 100 1 8 1 10 12 1 8 1 11 100 12 1 1 1 100 1 11 7 12 1 1 1 11 12 1 8 1 18 8 1 10 12 1 10 12 1 1 18 8 1 10 12 1 100 1 10 12 1 10 12 1 11 12 1 10 12 1 1 8 1 8 1 10 12 1 1 10 12 1 1 10 10 12 1 9 12 1 1 9 100 12 1 1 1 10 100 12 1 1 1 10 12 1 10 12 1 1 10 7 12 1 1 10 12 1 10 12 1 10 12 1 10 7 12 1 1 100 1 10 100 12 1 1 1 10 12 1 1 10 7 12 1 1 10 12 1 10 12 1 1 9 7 12 1 1 1 10 7 10 12 1 8 1 10 12 1 10 12 1 3 100 1 8 1 10 12 1 10 12 1 10 10 12 1 10 12 1 1 8 1 8 1 8 1 9 12 1 1 9 12 1 10 12 1 100 1 8 1 10 12 1 10 12 1 10 12 1 1 10 12 1 1 10 12 1 10 12 10 12 1 7 1 10 12 1 10 12 1 1 100 1 10 100 12 1 1 1 7 1 10 7 12 1 1 1 10 12 1 1 11 7 12 1 1 10 12 1 10 100 12 1 1 1 10 12 1 1 9 12 1 10 12 1 1 10 12 1 10 12 1 1 9 7 12 1 1 1 10 7 12 1 1 1 10 12 1 10 12 1 1 9 12 1 10 10 10 10 100 12 1 1 1 10 12 1 9 12 1 10 12 1 1 9 12 1 100 1 100 1 1 1 1 1 1 1 1 1 1 1 1 1 1 1 1 1 1 1 1 1 1 1 1 1 1 1 1 1 1 1 1 1 1 1 1 100 1 1 1 1 1 1 1 1 1 1 1 1 1 1 1 1 1 1 1 100 1 1 1 1 1 1 1 1 1 1 1 1 1 1 1 1 1 1 1 1 1 1 1 1 1 1 1 1 1 1 1 1 1 1 1 1 1 1 1 1 1 1 1 100 1 1 1 1 1 1 1 1 1 1 1 1 1 1 1 1 1 1 1 1 1 1 100 1 1 16 15 16 1 16 1 15 10 12 16 15 10 7 12 1 1 1 1 100 1 1 1 100 1 1 100 1 100 1 1
ciInstanceKlass java/lang/reflect/Constructor 1 1 437 10 7 12 1 1 1 10 7 12 1 1 9 7 12 1 1 1 9 12 1 1 10 12 1 1 10 12 1 1 10 12 1 1 10 7 12 1 1 10 7 12 1 1 1 9 12 1 1 9 12 1 1 9 12 1 9 12 1 1 9 12 1 9 12 1 1 9 12 1 1 9 12 1 100 1 8 1 10 12 1 10 12 1 9 12 1 1 10 7 12 1 1 1 10 12 1 1 10 12 1 1 10 12 1 7 1 100 1 8 1 10 10 12 1 10 12 1 10 12 1 1 9 100 12 1 1 1 10 7 12 1 1 10 12 1 1 10 12 1 10 12 1 1 10 7 12 1 1 1 10 100 12 1 1 10 12 1 1 10 12 1 10 100 12 1 1 1 8 1 10 10 12 1 100 1 8 1 10 12 1 10 12 1 1 10 12 1 1 10 12 1 10 12 1 10 12 1 1 10 12 1 1 9 12 1 1 10 12 1 1 10 12 1 1 10 12 1 1 11 7 12 1 1 1 10 12 1 1 10 12 1 10 12 1 10 12 1 8 1 9 12 1 1 10 7 12 1 1 1 10 7 12 1 1 10 12 1 1 10 12 1 1 10 12 1 1 10 12 1 1 10 12 1 9 100 12 1 1 10 12 1 10 12 1 10 12 1 100 1 8 1 10 10 12 1 1 10 12 1 10 10 12 1 1 10 12 1 1 10 100 12 1 1 1 11 100 12 1 1 1 10 12 1 1 9 100 12 1 1 1 10 100 12 1 1 1 10 12 1 1 1 1 1 1 1 1 1 1 1 1 1 1 1 1 1 1 1 1 1 1 1 1 1 1 1 1 1 1 1 1 1 1 1 1 1 1 1 1 1 1 1 1 1 1 1 1 1 1 1 1 1 1 1 1 100 1 100 1 100 1 100 1 1 1 1 1 1 1 1 1 1 1 1 1 1 1 1 1 1 1 1 1 1 1 1 1 1 1 1 1 1 1 1 100 1 1
ciInstanceKlass java/lang/reflect/Field 1 1 454 9 7 12 1 1 1 10 12 1 1 10 7 12 1 1 1 10 7 12 1 1 9 12 1 1 9 12 1 1 10 12 1 1 10 12 1 1 10 12 1 1 10 7 12 1 1 10 7 12 1 1 1 9 12 1 1 9 12 1 9 12 1 9 12 1 1 9 12 1 1 9 12 1 9 12 1 1 100 1 8 1 10 12 1 10 12 1 9 12 1 1 9 12 1 10 7 12 1 1 10 12 1 1 10 12 1 1 10 12 1 9 12 1 1 10 12 1 1 9 100 12 1 1 1 10 7 12 1 1 1 7 1 10 12 1 1 10 12 1 1 10 12 1 10 12 1 10 7 1 10 7 12 1 1 7 1 10 8 1 10 12 1 1 10 12 1 1 8 1 10 12 10 12 1 8 1 8 1 10 11 100 1 9 12 1 10 12 1 1 10 12 1 1 11 7 12 1 1 1 10 12 1 11 12 1 1 11 12 1 1 11 12 1 1 11 12 1 1 11 12 1 1 11 12 1 1 11 12 1 1 11 12 1 1 11 12 1 1 11 12 1 1 11 12 1 1 11 12 1 1 11 12 1 1 11 12 1 1 11 12 1 1 11 12 1 1 11 12 1 1 10 12 1 10 100 12 1 1 10 12 1 10 12 1 10 12 1 10 12 1 1 10 12 1 1 10 12 1 10 7 12 1 1 10 12 1 1 11 7 1 10 12 1 7 1 10 100 12 1 1 1 10 7 12 1 1 1 9 12 1 10 7 12 1 1 1 11 7 12 1 1 1 10 12 1 1 10 12 1 1 9 7 12 1 1 10 7 12 1 1 1 10 12 1 1 100 1 1 1 1 1 1 1 1 1 1 1 1 1 1 1 1 1 1 1 1 1 1 1 1 1 1 1 1 1 1 1 1 1 1 1 1 1 1 1 100 1 1 1 1 1 1 1 1 1 1 1 1 1 1 1 1 1 1 1 1 1 1 1 1 1 1 1 1 1 1 1 1 100 1 1 1 1 1 1 1 1 100 1 1 100 1 1
ciInstanceKlass java/lang/reflect/Parameter 1 1 256 10 7 12 1 1 1 9 7 12 1 1 1 9 12 1 1 9 12 1 1 9 12 1 10 12 1 1 10 12 1 1 10 7 12 1 1 1 100 1 10 10 12 1 1 11 100 12 1 1 1 10 12 1 10 100 12 1 1 1 10 12 1 1 10 12 1 10 12 1 8 1 8 1 10 100 12 1 1 1 10 12 1 10 12 9 100 12 1 1 1 9 100 12 1 1 1 10 12 1 1 10 12 1 1 10 100 12 1 1 1 10 12 1 8 1 10 12 1 9 12 1 1 10 12 1 1 9 12 1 1 10 12 1 1 10 12 1 1 10 12 1 1 10 12 1 10 10 12 1 10 100 12 1 1 1 10 12 1 1 11 100 12 1 1 10 100 12 1 1 100 1 10 100 12 1 1 1 10 12 1 1 10 12 1 1 10 12 1 1 10 12 1 1 9 12 1 100 1 10 11 12 1 11 12 1 1 100 1 1 1 1 1 1 1 1 1 1 1 1 1 1 1 1 1 1 1 1 1 1 1 1 1 1 1 1 1 1 1 1 1 1 1 1 1 1 1 100 1 1 1 1 1 100 1 1
ciInstanceKlass java/lang/reflect/RecordComponent 1 1 196 10 100 12 1 1 1 9 100 12 1 1 1 9 12 1 1 9 12 1 10 12 1 1 10 12 1 1 10 100 12 1 1 1 10 12 1 1 9 12 1 1 10 12 1 1 10 12 1 1 10 12 1 10 100 12 1 1 10 100 12 1 1 9 12 1 1 10 100 12 1 1 1 11 100 12 1 1 1 10 9 100 12 1 1 1 10 100 12 1 1 1 9 12 1 1 10 100 12 1 1 1 10 12 1 1 11 100 12 1 1 10 100 12 1 1 100 1 9 12 1 9 12 1 1 9 12 1 10 100 12 1 1 1 10 12 1 1 10 12 1 1 100 1 10 10 12 1 10 12 1 1 8 1 10 12 1 10 12 1 9 12 1 100 1 1 1 1 1 1 1 1 1 1 1 1 1 1 1 1 1 1 1 1 1 1 100 1 1 1 1 1 1 100 1 1
ciInstanceKlass java/lang/StringBuffer 1 1 487 10 7 12 1 1 1 10 12 1 10 12 1 10 12 1 1 9 7 12 1 1 1 10 12 1 1 10 12 1 10 12 1 1 9 12 1 1 10 12 1 10 12 1 1 10 12 1 1 10 12 1 10 12 1 1 10 12 1 10 12 1 1 10 12 1 1 10 7 12 1 1 1 10 12 1 1 10 12 1 10 12 1 10 12 1 10 12 1 10 12 1 10 12 1 10 12 1 10 12 1 10 12 1 10 12 1 10 12 1 10 12 1 10 12 1 10 12 1 1 10 12 1 10 12 1 1 10 12 1 1 10 10 12 1 1 10 12 1 10 12 1 10 12 1 10 12 1 10 12 1 10 12 1 10 12 10 12 1 10 12 1 10 12 1 10 12 1 1 10 12 1 10 12 1 10 10 12 1 1 10 12 1 10 12 1 10 12 1 8 1 10 12 1 10 10 100 12 1 1 1 10 10 12 1 1 9 12 1 1 10 100 12 1 1 10 100 1 8 10 100 12 1 1 1 8 10 12 1 8 1 10 12 1 10 12 1 10 100 12 1 1 1 10 100 12 1 1 1 7 1 10 12 100 1 8 1 10 10 12 1 1 10 12 1 1 10 12 1 10 12 1 10 12 1 1 10 12 1 10 12 1 10 12 1 10 12 1 10 12 1 10 12 10 12 1 10 12 1 10 12 1 10 12 1 10 12 1 10 12 1 10 12 1 10 12 1 10 12 1 10 12 1 10 12 10 12 10 12 1 10 12 1 10 12 1 10 12 10 12 1 10 12 1 10 12 1 10 12 1 10 12 1 10 12 1 10 12 1 10 12 1 10 12 1 10 12 1 10 12 1 7 1 10 12 1 9 7 12 1 1 1 9 7 1 9 12 1 1 100 1 100 1 100 1 100 1 1 1 1 5 0 1 1 1 1 1 1 1 1 1 1 1 1 1 1 1 1 1 1 1 1 1 1 1 1 1 1 1 1 1 1 1 1 1 1 1 1 1 1 1 1 1 1 1 1 1 1 1 1 1 1 1 1 1 1 1 1 1 1 1 1 100 1 1 1 1 1 100 1 1 1 1 1 1 1 1 1 1 1 1 1 1 1 1 1 1
staticfield java/lang/StringBuffer serialPersistentFields [Ljava/io/ObjectStreamField; 3 [Ljava/io/ObjectStreamField;
instanceKlass java/lang/StringBuilder
instanceKlass java/lang/StringBuffer
ciInstanceKlass java/lang/AbstractStringBuilder 1 1 662 7 1 10 7 12 1 1 1 9 7 12 1 1 1 9 12 1 9 12 1 1 9 12 1 1 10 7 12 1 1 1 10 12 1 1 100 1 3 3 10 12 1 10 12 1 1 10 12 1 1 11 7 1 100 1 100 1 10 8 1 10 12 1 10 12 1 10 12 1 1 10 12 1 10 12 1 9 12 1 10 12 1 9 12 1 1 10 7 12 1 1 1 10 10 12 1 10 12 1 10 12 1 1 9 12 1 100 1 8 1 10 12 1 10 12 1 1 8 1 10 7 12 1 1 1 10 12 1 1 8 1 10 7 12 1 1 1 100 1 8 1 10 100 1 10 12 1 10 12 1 1 10 7 12 1 1 1 10 12 1 1 10 12 1 1 10 12 1 1 10 12 1 1 10 7 12 1 1 1 10 12 1 100 1 10 10 7 12 1 1 1 9 12 1 1 9 12 1 10 12 1 1 10 10 12 1 1 10 12 1 1 10 12 1 1 10 12 1 1 10 12 1 1 10 12 1 1 10 12 1 1 10 12 1 10 10 10 12 1 10 12 1 1 10 8 1 10 12 1 1 10 12 1 10 12 1 10 12 1 10 10 7 12 1 1 1 10 12 1 1 10 12 1 10 12 1 10 12 1 10 12 7 1 9 12 1 1 9 12 1 10 12 1 1 100 1 9 12 1 9 12 10 12 1 10 12 1 1 10 12 1 1 10 12 1 10 12 1 1 10 12 1 10 12 1 1 10 12 1 1 10 10 7 12 1 1 1 10 12 1 10 12 1 10 12 1 1 10 12 1 10 12 1 1 10 12 1 10 12 1 10 12 1 10 12 1 10 12 1 10 12 1 10 12 1 10 12 1 1 10 12 1 10 12 1 10 12 10 12 1 1 18 12 1 1 100 1 10 100 12 1 1 1 18 10 12 1 1 10 12 1 1 10 12 1 10 12 1 10 12 1 1 10 12 1 10 12 1 1 11 12 1 1 10 12 1 10 12 1 1 10 12 1 10 12 1 10 12 1 10 5 0 10 100 1 8 1 10 10 12 1 1 10 100 12 1 1 1 10 12 1 10 12 1 1 100 1 10 12 100 1 10 100 1 10 10 7 12 1 1 100 1 1 1 1 1 1 1 1 1 1 1 100 1 1 1 1 1 1 1 1 1 1 1 1 1 1 1 1 1 1 1 1 1 1 1 1 1 1 1 1 1 1 1 1 1 1 1 1 1 1 1 1 1 1 1 1 1 1 1 1 1 1 1 1 100 1 1 1 1 1 1 1 1 1 1 1 1 1 1 1 1 1 1 1 1 1 1 1 1 1 1 1 1 1 1 1 1 1 1 1 1 1 1 1 1 1 1 1 1 1 1 1 1 1 1 1 1 1 1 1 1 1 1 1 1 1 1 1 100 1 1 1 1 1 1 100 1 1 1 1 1 1 100 1 1 16 1 15 10 12 16 15 10 12 15 10 100 12 1 1 1 1 1 1 1 100 1 100 1 1
staticfield java/lang/AbstractStringBuilder EMPTYVALUE [B 0
staticfield java/lang/AbstractStringBuilder $assertionsDisabled Z 1
ciInstanceKlass java/lang/StringBuilder 1 1 425 10 7 12 1 1 1 10 12 1 10 12 1 10 12 1 1 10 7 12 1 1 1 10 7 12 1 1 1 10 12 1 10 12 1 10 12 1 10 12 1 10 12 1 10 12 1 10 12 1 10 12 1 10 12 1 10 12 1 10 12 1 10 12 1 10 12 1 10 12 1 1 10 12 1 10 12 1 1 10 12 1 1 10 12 1 10 12 1 10 12 1 10 12 1 10 12 1 10 12 1 10 12 1 10 12 10 12 1 10 12 1 10 12 1 10 12 1 1 10 12 1 10 12 1 10 12 10 12 1 1 10 12 1 10 12 1 10 12 1 1 8 1 10 12 1 10 100 12 1 1 1 9 12 1 1 10 12 1 10 12 1 10 12 1 1 9 12 1 1 10 100 12 1 1 1 10 100 1 10 12 1 1 10 100 12 1 1 10 12 1 10 12 1 1 100 1 100 1 8 1 10 10 12 1 1 10 12 1 10 12 1 10 12 1 1 10 12 1 10 12 1 10 12 1 10 12 1 10 12 1 10 12 10 12 1 10 12 1 10 12 1 10 12 1 10 12 1 10 12 1 10 12 1 10 12 1 10 12 1 1 10 12 1 1 10 12 1 10 12 1 10 12 1 10 12 10 12 10 12 1 10 12 1 10 12 1 10 12 10 12 1 10 12 1 10 12 1 10 12 1 10 12 1 10 12 1 10 12 1 10 12 1 10 12 1 1 10 12 1 10 12 1 1 10 12 1 10 12 1 1 10 12 1 10 12 1 1 10 12 1 10 12 1 10 12 1 10 10 10 12 1 100 1 100 1 100 1 100 1 1 1 1 5 0 1 1 1 1 1 1 1 1 1 1 1 1 1 1 1 1 1 1 1 1 1 1 1 1 1 1 1 1 1 1 1 1 1 1 1 1 1 1 1 1 1 1 1 1 100 1 1 1 100 1 1 1 1 1 1 1 1 1 1 1
ciInstanceKlass java/security/CodeSource 1 1 396 10 7 12 1 1 1 9 7 12 1 1 1 9 12 1 1 9 12 1 1 9 12 1 1 10 7 12 1 1 1 9 12 1 1 10 7 12 1 1 10 7 10 100 12 1 1 1 10 12 1 1 10 12 1 1 7 1 10 10 7 12 1 1 1 10 7 12 1 1 1 10 12 1 1 7 1 10 12 1 1 10 12 1 1 10 12 1 1 10 12 1 10 10 100 1 10 12 1 1 10 100 12 1 1 1 10 12 1 1 10 12 1 10 12 1 8 1 10 12 1 10 12 1 10 12 1 1 10 12 1 8 1 10 12 1 1 10 100 1 10 10 12 1 1 8 1 10 12 1 10 12 1 10 12 1 8 1 8 1 9 12 1 1 100 1 8 1 10 12 1 10 12 1 1 8 1 10 12 1 8 1 8 1 8 1 10 100 12 1 1 10 12 1 1 10 12 1 10 12 1 1 10 12 1 1 10 12 1 1 100 1 100 1 10 12 1 10 12 10 12 1 1 10 100 12 1 1 10 12 1 100 1 10 12 10 100 12 1 1 1 10 8 1 10 12 1 10 12 1 1 100 1 10 12 1 1 100 1 100 1 8 1 8 1 10 10 12 1 1 10 100 12 1 1 1 100 1 10 12 10 12 1 1 11 100 12 1 1 10 10 12 1 11 10 12 1 8 1 100 1 10 12 1 10 12 1 1 10 12 1 11 12 1 1 100 1 1 1 1 5 0 1 1 1 1 1 1 1 1 1 1 1 1 1 1 1 1 1 1 1 1 1 1 1 1 1 1 1 1 1 1 1 1 1 1 1 1 1 1 1 1 1 1 1 1 1 1 1 1 1 1 1 1 1 1 1 1 1 1 1 1 1 1 1 1 1 1 100 1 1 1 1 1 1 1
instanceKlass org/eclipse/osgi/internal/loader/ModuleClassLoader$GenerationProtectionDomain
ciInstanceKlass java/security/ProtectionDomain 1 1 141 10 7 12 1 1 1 9 7 12 1 1 1 9 12 1 1 9 12 1 1 10 7 12 1 1 7 1 9 12 1 9 12 1 1 7 1 9 12 1 1 9 12 1 10 100 12 1 1 10 100 12 1 1 1 10 12 1 1 10 12 1 8 1 100 1 8 1 10 12 1 10 11 12 1 1 10 100 12 1 1 1 10 12 1 1 8 1 11 8 1 10 12 1 8 1 8 1 8 1 10 12 1 8 1 8 1 1 1 1 1 1 1 1 100 1 1 100 1 1 1 1 1 1 1 1 1 1 1 1 1 1 1 1 1 1 1 100 1 1 1
instanceKlass java/net/URLClassLoader
instanceKlass jdk/internal/loader/BuiltinClassLoader
ciInstanceKlass java/security/SecureClassLoader 1 1 99 10 7 12 1 1 1 7 1 10 12 1 9 7 12 1 1 1 10 12 1 10 12 1 10 12 1 1 10 12 1 1 10 12 1 7 1 10 7 1 10 12 1 7 1 10 12 1 11 7 12 1 1 1 7 1 11 12 1 10 12 1 1 1 1 1 1 1 1 1 1 1 1 1 1 1 1 1 1 1 1 1 1 1 1 1 1 1 1 1 1 1 1 1 1 1 1 1 1
ciInstanceKlass java/net/URL 1 1 736 10 7 12 1 1 1 10 12 1 10 7 12 1 1 9 12 1 1 9 12 1 10 12 1 1 9 12 1 1 10 7 12 1 1 1 8 1 10 12 1 1 7 1 10 10 12 1 1 8 1 10 12 1 1 9 12 1 7 1 8 1 10 12 1 10 12 1 8 1 9 12 1 10 12 1 1 9 12 1 10 12 1 10 12 1 9 12 1 9 12 1 8 1 9 12 1 10 12 1 1 8 1 9 12 1 1 10 12 1 1 10 7 12 1 1 1 8 1 10 12 1 7 1 10 12 1 10 12 1 10 12 1 10 12 1 1 10 12 1 1 8 1 10 12 1 1 10 12 1 8 1 9 12 1 8 1 10 12 1 10 7 12 1 1 1 100 1 10 12 1 10 12 1 1 10 7 12 1 1 1 100 1 8 1 10 10 12 1 8 1 10 12 1 1 10 12 1 10 12 1 10 12 1 10 12 1 10 12 1 10 12 1 8 1 10 12 1 8 1 10 10 100 1 10 10 12 1 8 1 10 7 12 1 1 1 10 12 1 9 12 1 1 10 12 1 10 100 12 1 1 1 100 1 10 12 1 10 12 1 10 12 1 10 12 1 10 12 1 10 12 10 10 12 1 8 1 100 1 10 100 12 1 1 1 10 12 1 1 10 12 1 10 12 1 1 8 1 9 100 12 1 1 1 10 100 12 1 1 1 10 12 1 10 12 1 10 7 12 1 1 1 10 12 1 1 10 12 1 9 12 1 1 9 12 1 1 100 1 8 1 10 9 12 1 1 10 7 12 1 1 8 1 10 7 12 1 1 8 1 10 12 1 1 10 12 1 8 1 8 1 10 7 12 1 1 1 100 1 10 7 12 1 1 1 10 12 1 10 12 1 9 7 12 1 1 1 10 7 12 1 1 10 12 1 1 10 12 1 8 1 7 1 10 7 12 1 1 1 10 12 1 1 11 7 12 1 1 11 12 1 10 12 1 10 12 1 8 9 100 12 1 1 1 10 12 1 1 10 12 1 10 12 1 1 10 7 12 1 1 11 7 1 10 12 1 10 12 1 9 12 1 10 12 1 1 10 100 12 1 1 10 100 12 1 1 1 8 10 100 12 1 1 100 1 10 8 8 10 12 1 8 8 8 100 1 10 12 1 9 12 1 1 10 12 1 10 12 1 1 10 12 1 10 12 10 12 1 1 10 12 1 1 10 10 10 12 1 10 12 1 10 12 1 10 12 1 10 12 1 10 10 12 1 100 1 8 1 10 10 10 12 1 1 10 12 1 10 12 1 1 8 1 7 1 10 10 7 1 10 12 1 9 7 12 1 1 1 9 12 1 1 7 1 10 10 7 12 1 1 1 100 1 1 1 1 1 5 0 1 1 1 1 1 1 1 1 1 1 1 1 1 1 1 1 1 1 1 1 1 1 1 1 1 1 1 1 1 1 1 1 1 1 1 1 1 1 1 1 1 1 1 1 1 1 100 1 1 1 1 1 1 1 1 1 1 1 1 1 1 1 1 1 1 1 1 1 1 1 1 1 1 1 1 1 1 1 1 1 1 1 1 100 1 1 1 1 1 1 1 1 1 1 1 1 1 1 1 1 1 1 1 1 1 1 1 100 1 1 1 1 1 1 1 1 1 1 1 1 1 1 1 1 1 1 1
staticfield java/net/URL defaultFactory Ljava/net/URLStreamHandlerFactory; java/net/URL$DefaultFactory
staticfield java/net/URL handlers Ljava/util/Hashtable; java/util/Hashtable
staticfield java/net/URL streamHandlerLock Ljava/lang/Object; java/lang/Object
staticfield java/net/URL serialPersistentFields [Ljava/io/ObjectStreamField; 7 [Ljava/io/ObjectStreamField;
ciInstanceKlass java/util/jar/Manifest 1 1 320 10 7 12 1 1 1 7 1 10 9 7 12 1 1 1 7 1 10 9 12 1 1 9 12 1 1 10 12 1 10 12 1 1 10 12 1 1 10 12 1 1 10 12 1 1 11 7 1 11 12 1 1 10 12 1 1 10 100 12 1 1 1 100 1 100 1 10 8 1 10 12 1 1 10 12 1 1 10 12 1 10 12 1 11 100 1 10 12 1 10 12 1 1 11 12 1 1 10 12 1 11 12 1 1 11 100 12 1 1 1 11 100 12 1 1 11 12 1 1 100 1 10 12 1 8 1 11 12 1 7 1 10 12 1 1 11 12 1 10 12 1 10 12 1 10 9 7 12 1 1 1 10 12 1 1 10 100 12 1 10 12 1 10 12 1 9 100 12 1 1 1 8 1 10 12 1 8 1 8 1 7 1 10 12 1 10 12 1 10 12 1 1 100 1 8 1 10 12 1 1 8 1 10 10 12 1 1 8 1 10 12 1 1 10 7 12 1 1 1 10 12 1 10 11 12 1 1 10 12 1 1 10 7 12 1 1 1 10 12 1 1 10 12 1 10 12 1 1 11 10 12 1 11 10 12 1 100 1 1 1 1 1 1 1 1 1 1 1 1 1 1 1 1 1 1 1 1 1 1 1 1 1 1 1 1 1 1 1 1 1 1 1 100 1 1 1 1 1 1 1 1 1 1 1 1 1 1 100 1 1 1 1 1 1 1 1 1 1 1
ciInstanceKlass java/io/ByteArrayInputStream 1 1 135 10 7 12 1 1 1 9 7 12 1 1 1 9 12 1 1 9 12 1 9 12 1 10 100 12 1 1 1 10 7 12 1 1 1 10 7 12 1 1 1 10 100 12 1 1 1 10 12 1 1 10 100 12 1 1 1 100 1 100 1 100 1 3 10 100 1 10 100 12 1 1 1 9 12 1 1 100 1 10 10 7 12 1 1 1 1 1 1 1 1 1 1 1 1 1 1 1 1 1 1 1 1 1 1 1 1 1 1 1 1 1 1 1 1 1 1 1 100 1 100 1 1 1 1 1 1 1 1 1 1 1 1 1 1
staticfield java/io/ByteArrayInputStream $assertionsDisabled Z 1
instanceKlass java/nio/DoubleBuffer
instanceKlass java/nio/FloatBuffer
instanceKlass java/nio/ShortBuffer
instanceKlass java/nio/IntBuffer
instanceKlass java/nio/LongBuffer
instanceKlass java/nio/CharBuffer
instanceKlass java/nio/ByteBuffer
ciInstanceKlass java/nio/Buffer 1 1 259 100 1 10 7 12 1 1 1 9 7 12 1 1 1 9 12 1 9 12 1 1 9 12 1 9 12 1 1 10 12 1 1 10 12 1 1 10 12 100 1 100 1 10 8 1 10 12 1 1 10 12 1 8 1 8 1 10 12 1 1 10 12 1 8 1 9 12 1 1 100 1 8 1 10 12 1 8 1 8 1 9 12 10 12 1 8 1 8 1 8 1 10 12 1 8 1 8 1 8 1 100 1 10 100 1 10 100 1 10 9 12 1 1 10 7 12 1 1 1 100 1 10 12 1 1 10 12 1 10 100 12 1 1 10 7 12 1 1 1 10 7 12 1 1 1 9 12 1 1 10 7 12 1 1 1 9 12 1 1 7 1 10 10 12 1 1 7 1 10 10 7 12 1 1 1 1 1 3 1 1 1 1 1 1 1 1 1 1 1 1 1 1 100 1 1 1 1 1 1 1 100 1 1 1 1 1 1 1 1 1 1 1 1 1 1 1 1 1 1 1 1 1 1 1 1 1 1 1 1 1 1 1 1 1 1 1 1 1 1 1 1 1 1 100 1 100 1 100 1 100 1 100 1 100 1 100 1 1
staticfield java/nio/Buffer UNSAFE Ljdk/internal/misc/Unsafe; jdk/internal/misc/Unsafe
staticfield java/nio/Buffer SCOPED_MEMORY_ACCESS Ljdk/internal/misc/ScopedMemoryAccess; jdk/internal/misc/ScopedMemoryAccess
staticfield java/nio/Buffer IOOBE_FORMATTER Ljava/util/function/BiFunction; jdk/internal/util/Preconditions$4
staticfield java/nio/Buffer $assertionsDisabled Z 1
ciInstanceKlass java/lang/AssertionStatusDirectives 0 0 24 10 100 12 1 1 1 100 1 1 1 1 1 1 1 1 1 1 1 1 1 1 1 1
instanceKlass javax/crypto/KDF$Delegate
instanceKlass org/eclipse/jdt/core/manipulation/internal/javadoc/CoreJavadocAccess$SuperclassReferenceMethodData
instanceKlass jdk/net/UnixDomainPrincipal
instanceKlass org/eclipse/jdt/internal/compiler/ast/Pattern$TestContextRecord
instanceKlass org/eclipse/jdt/internal/compiler/ast/SwitchStatement$SwitchTranslator$StringSwitchTranslator$StringCaseConstant
instanceKlass org/eclipse/jdt/internal/compiler/ast/SwitchStatement$SingletonBootstrap
instanceKlass org/eclipse/jdt/internal/compiler/parser/JavadocTagConstants$LevelTags
instanceKlass org/eclipse/jdt/internal/core/builder/ClasspathJar$PackageCacheEntry
instanceKlass org/eclipse/jdt/internal/core/JavadocContents$Range
instanceKlass org/eclipse/jdt/internal/compiler/util/CharArray
instanceKlass org/eclipse/jdt/internal/compiler/CompilerConfiguration
instanceKlass org/eclipse/jdt/internal/core/JarPackageFragmentRootInfo$PackageContent
instanceKlass org/eclipse/jdt/internal/core/JrtPackageFragmentRoot$JrtModuleKey
instanceKlass java/text/DecimalFormat$NumericPosition
instanceKlass java/lang/reflect/Executable$ParameterData
instanceKlass org/eclipse/jdt/internal/core/JavaModelManager$SecondaryTypesCache
instanceKlass org/eclipse/m2e/core/embedder/ArtifactRepositoryRef
instanceKlass org/eclipse/m2e/core/project/configurator/ProjectConfigurationRequest
instanceKlass org/eclipse/m2e/core/embedder/ArtifactKey
instanceKlass org/eclipse/m2e/core/embedder/MavenConfigurationChangeEvent
instanceKlass org/eclipse/m2e/core/embedder/MavenSettingsLocations
instanceKlass jdk/internal/classfile/impl/StackCounter$Target
instanceKlass java/lang/reflect/Proxy$ProxyBuilder$ProxyClassContext
instanceKlass sun/util/locale/LanguageTag
instanceKlass java/util/Formatter$FixedString
instanceKlass org/eclipse/equinox/launcher/Main$Identifier
instanceKlass java/lang/invoke/StringConcatFactory$InlineHiddenClassStrategy$MethodHandlePair
instanceKlass sun/security/pkcs/SignerInfo$AlgorithmInfo
instanceKlass sun/security/pkcs/PKCS9Attribute$AttributeInfo
instanceKlass jdk/internal/classfile/impl/AbstractInstruction$SwitchCaseImpl
instanceKlass jdk/internal/classfile/impl/StackMapDecoder$StackMapFrameImpl
instanceKlass jdk/internal/classfile/impl/StackMapDecoder$ObjectVerificationTypeInfoImpl
instanceKlass jdk/internal/misc/ThreadTracker$ThreadRef
instanceKlass java/lang/ClassValue$Version
instanceKlass java/security/SecureClassLoader$CodeSourceKey
instanceKlass java/util/zip/ZipFile$EntryPos
instanceKlass sun/nio/fs/WindowsPathParser$Result
instanceKlass jdk/internal/module/ModuleReferenceImpl$CachedHash
instanceKlass java/util/stream/Collectors$CollectorImpl
instanceKlass java/lang/invoke/MethodHandles$Lookup$ClassDefiner
instanceKlass jdk/internal/classfile/impl/ClassHierarchyImpl$ClassHierarchyInfoImpl
instanceKlass java/lang/classfile/ClassHierarchyResolver$1Factory
instanceKlass jdk/internal/classfile/impl/RawBytecodeHelper$CodeRange
instanceKlass jdk/internal/classfile/impl/StackMapGenerator$Type
instanceKlass jdk/internal/classfile/impl/Util$1WithCodeMethodHandler
instanceKlass jdk/internal/classfile/impl/DirectCodeBuilder$DeferredLabel
instanceKlass java/lang/invoke/InvokerBytecodeGenerator$ClassData
instanceKlass jdk/internal/classfile/impl/AnnotationImpl
instanceKlass jdk/internal/reflect/ReflectionFactory$Config
instanceKlass jdk/internal/foreign/abi/UpcallLinker$CallRegs
instanceKlass jdk/internal/foreign/abi/VMStorage
ciInstanceKlass java/lang/Record 1 1 22 10 7 12 1 1 1 100 1 1 1 1 1 1 1 1 1 1 1 1 1 1
ciInstanceKlass java/util/concurrent/ConcurrentHashMap 1 1 1219 100 1 7 1 10 7 12 1 1 1 10 12 1 1 9 12 1 1 3 10 7 12 1 1 1 3 100 1 10 7 12 1 1 1 100 1 10 100 12 1 1 1 100 1 11 12 1 1 11 12 1 11 12 1 1 9 12 1 1 9 12 1 9 12 1 1 10 7 12 1 1 1 7 1 10 12 1 1 10 12 1 1 10 7 12 1 1 1 4 10 12 1 11 7 12 1 1 10 12 1 10 12 1 1 100 1 10 5 0 10 12 1 9 12 1 10 12 1 1 5 0 10 12 1 10 12 1 9 12 1 1 10 12 1 1 9 12 1 9 12 1 1 10 12 1 1 9 12 1 10 12 1 1 9 12 1 1 10 12 1 1 100 1 10 100 1 10 12 1 10 12 1 1 10 12 1 1 10 12 1 1 10 12 1 10 12 1 1 10 12 1 1 100 1 10 12 1 1 7 1 100 1 8 1 10 12 1 10 12 1 1 10 12 1 1 10 10 12 1 11 12 1 1 11 7 12 1 1 1 11 7 12 1 1 1 11 12 1 7 1 11 12 1 11 12 1 10 12 1 1 10 12 1 1 9 12 1 1 10 100 12 1 1 1 9 10 12 1 1 9 12 1 10 12 1 1 5 0 9 12 1 1 7 1 10 12 1 9 12 1 1 7 1 10 12 1 9 12 1 7 1 10 100 1 10 10 12 1 1 8 1 10 12 1 10 12 1 1 11 100 1 10 12 1 10 100 12 1 1 1 8 1 10 100 12 1 1 1 8 1 10 12 1 8 1 10 12 1 10 12 1 1 10 100 12 1 1 10 12 1 10 12 1 10 12 1 9 12 1 9 10 12 1 9 12 1 11 100 12 1 1 1 11 7 12 1 1 1 100 1 10 12 11 100 12 1 1 10 11 7 12 1 10 12 1 100 1 10 12 1 100 1 10 10 9 7 12 1 1 1 3 10 100 12 1 1 9 12 1 10 12 1 1 9 12 1 1 9 12 1 10 12 1 1 10 100 12 1 1 9 12 1 9 7 12 1 1 10 12 1 1 10 12 1 3 9 12 1 9 12 1 10 12 1 1 7 1 9 3 100 1 10 12 1 9 12 1 10 12 1 9 12 1 10 12 1 9 12 1 10 100 12 1 1 1 100 10 12 1 100 1 5 0 10 100 12 1 1 100 1 10 12 1 1 10 12 1 10 12 1 100 1 10 12 1 10 100 1 100 1 10 10 12 1 10 100 1 10 12 1 10 100 1 10 12 1 10 100 1 10 12 1 1 100 1 10 12 1 10 10 12 1 100 1 10 12 1 10 10 12 1 100 1 10 12 1 10 100 1 10 12 1 10 100 1 10 12 1 10 100 1 10 12 1 10 100 1 10 12 1 10 100 1 10 12 1 10 100 1 10 12 1 10 100 1 10 12 1 10 100 1 10 10 100 1 10 10 100 1 10 10 100 1 10 12 1 10 100 1 10 12 1 10 100 1 10 12 1 10 100 1 10 12 1 10 100 1 10 12 1 10 100 1 10 10 100 1 10 10 100 1 10 10 100 1 10 12 1 10 100 1 10 12 1 10 100 1 10 12 1 10 100 1 10 12 1 10 100 1 10 12 1 10 10 12 1 10 12 1 7 1 7 1 10 12 1 9 12 1 1 9 12 1 1 10 12 1 1 8 10 12 1 1 8 8 8 8 7 10 12 1 1 10 12 1 1 100 1 8 1 10 7 1 100 1 100 1 1 1 5 0 1 1 3 1 3 1 1 1 1 3 1 3 1 3 1 1 1 1 1 3 1 3 1 3 1 1 1 1 1 1 1 1 1 1 1 1 1 1 1 1 1 1 1 1 1 1 1 1 1 1 1 100 1 1 1 1 1 1 1 1 1 1 1 1 1 1 1 1 1 1 1 1 1 1 1 1 1 1 1 1 1 1 1 1 1 1 1 1 1 1 1 1 1 1 1 1 1 1 1 1 1 1 1 1 1 1 1 1 1 1 1 1 1 1 1 1 1 1 1 1 1 1 1 1 1 1 1 1 1 1 1 1 1 1 1 1 100 1 1 1 1 1 1 1 1 1 1 1 100 1 1 1 1 1 1 1 1 1 1 1 1 1 1 1 1 1 1 1 1 1 1 1 1 1 1 1 1 1 1 1 1 1 1 1 1 1 1 1 1 1 1 1 1 1 1 1 1 1 1 1 1 1 1 1 1 1 1 1 1 1 1 1 1 1 1 1 1 1 1 1 1 1 1 1 1 1 1 1 1 1 1 1 1 1 1 1 1 1 1 1 1 1 1 1 1 1 1 1 1 1 1 1 1 1 1 1 1 1 1 1 1 1 1 1 1 1 1 1 1 1 1 1 1 1 1 1 1 1 1 1 1 1 1 1 1 1 1 1 1 1 1 1 1 1 1 1 1 1 1 1 1 1 1 1 1 1 1 1 1 1 1 1 1 1 1 1 1 1 1 1 1 1 1 1 1 1 1 1 1 1 1 1 1 1 1 1 1 1 1 1 1 1 1 1 1 1 1 1 1 1 1 1 1 1 1 1 1 1 1 1 1 1 1 1 1 1 1 1 1 1 1 1 100 1 100 1 100 1 100 1 100 1 100 1 100 1 100 1 100 1 1 1 1 1 1 1 1 1 1 1 1 1 1 1 1 1 1 1 1 1 1 1 1 1 1 1 1 1 1 1 1 1 1 1 1 1 1 1 1 1 1 1 1 1 1 1 1 1 1 1 1 1 1 1 1 1 1
staticfield java/util/concurrent/ConcurrentHashMap serialPersistentFields [Ljava/io/ObjectStreamField; 3 [Ljava/io/ObjectStreamField;
staticfield java/util/concurrent/ConcurrentHashMap U Ljdk/internal/misc/Unsafe; jdk/internal/misc/Unsafe
staticfield java/util/concurrent/ConcurrentHashMap SIZECTL J 44
staticfield java/util/concurrent/ConcurrentHashMap TRANSFERINDEX J 56
staticfield java/util/concurrent/ConcurrentHashMap BASECOUNT J 48
staticfield java/util/concurrent/ConcurrentHashMap CELLSBUSY J 60
staticfield java/util/concurrent/ConcurrentHashMap CELLVALUE J 144
staticfield java/util/concurrent/ConcurrentHashMap ABASE J 16
staticfield java/util/concurrent/ConcurrentHashMap ASHIFT I 2
instanceKlass org/eclipse/sisu/wire/EntryMapAdapter
instanceKlass com/google/common/collect/Maps$ViewCachingAbstractMap
instanceKlass com/google/common/collect/MapMakerInternalMap
instanceKlass org/eclipse/sisu/wire/MergedProperties
instanceKlass com/google/gson/internal/LinkedTreeMap
instanceKlass com/google/common/cache/LocalCache
instanceKlass org/apache/felix/resolver/util/ArrayMap
instanceKlass java/util/concurrent/ConcurrentSkipListMap
instanceKlass org/eclipse/osgi/internal/framework/FilterImpl$DictionaryMap
instanceKlass org/eclipse/osgi/internal/framework/FilterImpl$ServiceReferenceMap
instanceKlass org/eclipse/osgi/internal/serviceregistry/ShrinkableValueCollectionMap
instanceKlass java/util/Collections$SingletonMap
instanceKlass java/util/TreeMap
instanceKlass java/util/IdentityHashMap
instanceKlass java/util/EnumMap
instanceKlass java/util/WeakHashMap
instanceKlass java/util/Collections$EmptyMap
instanceKlass sun/util/PreHashedMap
instanceKlass java/util/HashMap
instanceKlass java/util/ImmutableCollections$AbstractImmutableMap
instanceKlass java/util/concurrent/ConcurrentHashMap
ciInstanceKlass java/util/AbstractMap 1 1 198 10 7 12 1 1 1 10 7 12 1 1 1 11 7 12 1 1 1 10 11 12 1 1 11 7 12 1 1 1 11 12 1 1 7 1 11 12 1 10 12 1 1 11 12 1 100 1 10 11 12 1 11 7 1 10 12 1 1 11 12 1 9 12 1 1 7 1 10 12 1 9 12 1 1 7 1 10 11 11 12 1 1 11 12 1 100 1 100 1 11 12 1 8 1 7 1 10 10 12 1 1 8 1 10 12 1 10 12 1 1 10 12 1 1 1 1 1 1 1 1 1 1 1 1 1 1 1 1 1 1 1 1 1 1 1 1 1 1 1 1 1 1 1 1 1 1 1 1 1 1 1 1 100 1 1 1 1 1 1 1 100 1 1 1 1 1 1 1 1 1 7 1 1 1 1 1 1 1 1 1 100 1 100 1 100 1 100 1 100 1 1 1 1 1 1 1 1
ciInstanceKlass java/util/concurrent/ConcurrentMap 1 1 201 11 100 12 1 1 1 10 100 12 1 1 11 12 1 1 11 100 12 1 1 1 11 100 12 1 1 1 11 12 1 1 100 1 11 12 1 11 12 1 100 1 11 100 12 1 1 1 18 12 1 11 12 1 1 11 100 12 1 1 11 12 1 1 11 100 12 1 11 12 1 1 11 12 1 1 100 1 100 1 1 1 1 1 1 1 1 1 1 1 1 1 1 1 1 1 1 1 1 1 1 1 1 1 1 1 1 1 1 1 1 1 1 1 1 1 1 1 1 1 1 1 1 1 1 1 1 1 1 1 1 1 1 1 1 1 1 1 1 16 15 11 12 15 10 100 12 1 1 1 1 1 100 1 100 1 1 1 100 1 8 1 1 12 10 1 8 1 1 1 8 1 8 1 1 8 1 1 1 8 1 1 1 8 1 1 8 1 8 1 1 1 8 1 1 8 1 1 1 8 1
ciInstanceKlass java/util/Collection 1 1 115 11 7 12 1 1 1 7 1 11 7 12 1 1 1 10 7 12 1 1 1 11 12 1 1 11 7 12 1 1 1 11 12 1 1 11 100 12 1 1 1 11 12 1 1 10 100 12 1 1 1 11 12 1 10 7 12 1 1 1 100 1 100 1 1 1 1 1 1 1 1 1 1 1 1 1 1 1 1 1 1 1 1 1 1 1 1 1 1 1 1 1 1 1 1 1 1 1 1 1 1 1 1 1 1 1 1 1 1 1 1 1 1 1 1
instanceKlass jdk/internal/loader/ClassLoaders$BootClassLoader
instanceKlass jdk/internal/loader/ClassLoaders$PlatformClassLoader
instanceKlass jdk/internal/loader/ClassLoaders$AppClassLoader
ciInstanceKlass jdk/internal/loader/BuiltinClassLoader 1 1 652 9 7 12 1 1 1 10 7 12 1 1 1 10 7 12 1 1 1 9 12 1 1 9 12 1 1 7 1 10 12 1 9 12 1 10 12 1 9 12 1 10 7 12 1 1 1 10 7 12 1 1 1 10 7 12 1 1 1 11 7 12 1 1 1 100 1 100 1 10 10 12 1 1 8 1 10 12 1 10 12 7 1 10 12 1 10 12 1 1 11 7 12 1 1 1 11 7 12 1 1 1 11 12 1 1 7 1 8 1 8 1 10 9 12 1 1 10 7 12 1 1 11 12 1 1 10 12 1 1 10 12 1 1 10 12 1 1 11 7 12 1 1 1 10 7 12 1 1 7 1 10 7 12 1 1 1 10 7 12 1 1 1 10 12 1 10 12 1 100 1 8 1 10 12 1 1 10 8 1 10 12 1 1 10 12 1 1 10 12 1 1 11 7 12 1 1 11 12 1 7 1 10 11 12 1 1 11 10 12 1 1 7 1 10 12 1 10 7 12 1 10 12 1 11 12 1 1 11 7 1 11 12 1 7 1 10 12 1 1 100 1 100 1 11 12 1 1 10 12 1 10 12 10 12 1 10 7 12 1 1 1 7 1 10 10 12 1 1 10 12 1 1 10 12 1 1 10 12 1 9 12 1 1 100 1 10 10 12 1 1 10 12 1 1 10 12 1 10 12 10 12 1 1 10 12 1 1 10 12 1 1 10 12 1 10 12 1 1 10 12 1 1 10 12 1 10 12 1 1 10 12 1 7 1 10 12 10 7 12 1 1 1 10 12 1 11 12 1 7 1 10 12 1 7 1 100 1 10 12 1 10 12 1 11 12 1 1 10 12 1 1 10 12 1 1 10 12 1 1 10 12 1 1 10 12 1 10 12 1 10 12 1 10 12 1 8 1 10 12 1 1 10 7 12 1 1 10 12 1 100 1 8 1 8 1 10 10 12 1 8 1 8 1 10 7 12 1 1 1 11 7 12 1 1 1 9 7 12 1 1 1 10 7 12 1 1 1 9 12 1 9 12 1 9 12 1 9 12 1 9 12 1 9 12 1 10 7 12 1 1 1 8 1 10 12 1 7 1 10 11 12 1 1 10 12 10 12 1 10 12 1 100 1 10 12 1 10 12 1 11 11 12 1 10 7 12 1 1 10 7 12 1 1 8 1 10 7 12 1 1 10 12 1 1 1 1 1 1 1 1 1 1 1 1 1 1 1 1 1 1 1 1 1 1 1 1 1 1 1 1 1 1 1 1 1 1 1 1 1 1 1 1 1 1 1 1 1 1 1 1 1 1 1 1 1 1 1 100 1 1 1 1 1 1 1 1 1 1 1 1 1 100 1 100 1 1 1 1 1 1 1 1 1 1 1 1 1 1 1 1 1 1 1 1 1 1 1 1 1 1 1 1 1 1 1 1 1 1 1 1 1 1 1 1 1 1 1 1 1 1 1 100 1 1 1 100 1 1 1 1 1
staticfield jdk/internal/loader/BuiltinClassLoader packageToModule Ljava/util/Map; java/util/concurrent/ConcurrentHashMap
staticfield jdk/internal/loader/BuiltinClassLoader $assertionsDisabled Z 1
ciInstanceKlass jdk/internal/loader/ClassLoaders$AppClassLoader 1 1 57 8 1 10 7 12 1 1 1 10 7 12 1 1 1 10 12 1 1 10 7 12 1 1 1 100 1 10 12 1 1 1 1 1 1 1 1 1 1 1 1 1 1 1 1 1 1 1 1 1 1 1 1 100 1 1 1
ciInstanceKlass jdk/internal/loader/ClassLoaders$PlatformClassLoader 1 1 42 8 1 10 7 12 1 1 1 10 7 12 1 1 1 100 1 10 12 1 100 1 1 1 1 1 1 1 1 1 1 1 1 1 1 100 1 1 1 100 1 1
ciInstanceKlass java/lang/ArithmeticException 1 1 26 10 100 12 1 1 1 10 12 1 100 1 1 1 1 5 0 1 1 1 1 1 1 1 1 1
instanceKlass sun/security/pkcs11/wrapper/PKCS11Exception
instanceKlass com/sun/jdi/InvocationException
instanceKlass com/sun/jdi/InvalidTypeException
instanceKlass com/sun/jdi/IncompatibleThreadStateException
instanceKlass com/sun/jdi/connect/IllegalConnectorArgumentsException
instanceKlass com/sun/jdi/connect/VMStartException
instanceKlass com/sun/jdi/ClassNotLoadedException
instanceKlass com/sun/jdi/AbsentInformationException
instanceKlass com/microsoft/java/debug/core/DebugException
instanceKlass org/eclipse/jdt/core/util/ClassFormatException
instanceKlass org/eclipse/jdt/internal/compiler/lookup/InferenceFailureException
instanceKlass lombok/eclipse/agent/PatchDelegate$CantMakeDelegates
instanceKlass org/eclipse/jface/text/BadPartitioningException
instanceKlass org/eclipse/jface/text/BadPositionCategoryException
instanceKlass org/eclipse/core/commands/common/CommandException
instanceKlass sun/nio/fs/WindowsException
instanceKlass org/apache/commons/codec/EncoderException
instanceKlass org/apache/commons/codec/DecoderException
instanceKlass org/apache/maven/cli/MavenCli$ExitException
instanceKlass org/apache/maven/model/resolution/InvalidRepositoryException
instanceKlass org/apache/maven/model/resolution/UnresolvableModelException
instanceKlass org/apache/maven/toolchain/building/ToolchainsBuildingException
instanceKlass org/apache/maven/lifecycle/internal/builder/BuilderNotFoundException
instanceKlass org/apache/maven/lifecycle/NoGoalSpecifiedException
instanceKlass org/apache/maven/configuration/BeanConfigurationException
instanceKlass org/apache/maven/repository/metadata/MetadataGraphTransformationException
instanceKlass org/apache/maven/toolchain/MisconfiguredToolchainException
instanceKlass org/apache/http/HttpException
instanceKlass org/apache/maven/BuildFailureException
instanceKlass org/apache/maven/plugin/version/PluginVersionNotFoundException
instanceKlass org/apache/maven/plugin/InvalidPluginException
instanceKlass org/apache/maven/model/building/ModelBuildingException
instanceKlass org/apache/maven/project/interpolation/ModelInterpolationException
instanceKlass org/codehaus/plexus/interpolation/InterpolationException
instanceKlass org/apache/maven/artifact/versioning/InvalidVersionSpecificationException
instanceKlass org/apache/maven/repository/ArtifactDoesNotExistException
instanceKlass org/apache/maven/repository/ArtifactTransferFailedException
instanceKlass org/apache/maven/repository/metadata/GraphConflictResolutionException
instanceKlass org/apache/maven/repository/metadata/MetadataResolutionException
instanceKlass org/apache/maven/lifecycle/MissingProjectException
instanceKlass org/apache/maven/lifecycle/LifecycleExecutionException
instanceKlass org/codehaus/plexus/configuration/PlexusConfigurationException
instanceKlass org/codehaus/plexus/component/composition/CycleDetectedInComponentGraphException
instanceKlass org/apache/maven/repository/legacy/resolver/conflict/ConflictResolverNotFoundException
instanceKlass org/apache/maven/project/DependencyResolutionException
instanceKlass org/apache/maven/lifecycle/LifecycleNotFoundException
instanceKlass org/apache/maven/lifecycle/LifecyclePhaseNotFoundException
instanceKlass org/apache/maven/artifact/repository/metadata/RepositoryMetadataReadException
instanceKlass org/apache/maven/artifact/repository/metadata/RepositoryMetadataResolutionException
instanceKlass org/apache/maven/artifact/repository/metadata/RepositoryMetadataStoreException
instanceKlass org/codehaus/plexus/personality/plexus/lifecycle/phase/InitializationException
instanceKlass org/codehaus/plexus/component/repository/exception/ComponentLifecycleException
instanceKlass org/apache/maven/wagon/WagonException
instanceKlass org/apache/maven/artifact/installer/ArtifactInstallationException
instanceKlass org/apache/maven/artifact/deployer/ArtifactDeploymentException
instanceKlass org/apache/maven/plugin/prefix/NoPluginFoundForPrefixException
instanceKlass org/apache/maven/MavenExecutionException
instanceKlass org/apache/maven/repository/legacy/metadata/ArtifactMetadataRetrievalException
instanceKlass org/sonatype/plexus/components/sec/dispatcher/SecDispatcherException
instanceKlass org/sonatype/plexus/components/cipher/PlexusCipherException
instanceKlass org/apache/maven/plugin/AbstractMojoExecutionException
instanceKlass com/google/common/collect/RegularImmutableMap$BucketOverflowException
instanceKlass com/google/inject/internal/ErrorsException
instanceKlass com/google/inject/internal/InternalProvisionException
instanceKlass org/codehaus/plexus/context/ContextException
instanceKlass org/codehaus/plexus/util/xml/pull/XmlPullParserException
instanceKlass org/apache/commons/cli/ParseException
instanceKlass org/eclipse/equinox/security/storage/StorageException
instanceKlass javax/xml/transform/TransformerException
instanceKlass org/eclipse/jface/text/templates/TemplateException
instanceKlass lombok/eclipse/agent/PatchDelegate$CantMakeDelegates
instanceKlass org/eclipse/jface/text/BadLocationException
instanceKlass org/eclipse/jdt/core/compiler/InvalidInputException
instanceKlass org/eclipse/jdt/internal/compiler/classfmt/ClassFormatException
instanceKlass java/text/ParseException
instanceKlass org/codehaus/plexus/component/configurator/expression/ExpressionEvaluationException
instanceKlass org/codehaus/plexus/PlexusContainerException
instanceKlass org/apache/maven/cli/internal/ExtensionResolutionException
instanceKlass org/codehaus/plexus/classworlds/ClassWorldException
instanceKlass org/apache/maven/plugin/PluginConfigurationException
instanceKlass org/apache/maven/plugin/PluginManagerException
instanceKlass org/apache/maven/plugin/version/PluginVersionResolutionException
instanceKlass org/apache/maven/settings/building/SettingsBuildingException
instanceKlass org/codehaus/plexus/component/configurator/ComponentConfigurationException
instanceKlass org/apache/maven/plugin/InvalidPluginDescriptorException
instanceKlass org/apache/maven/plugin/MojoNotFoundException
instanceKlass org/apache/maven/plugin/PluginDescriptorParsingException
instanceKlass org/apache/maven/plugin/PluginResolutionException
instanceKlass org/apache/maven/artifact/resolver/AbstractArtifactResolutionException
instanceKlass org/apache/maven/artifact/InvalidRepositoryException
instanceKlass org/apache/maven/execution/MavenExecutionRequestPopulationException
instanceKlass org/apache/maven/project/ProjectBuildingException
instanceKlass org/eclipse/aether/RepositoryException
instanceKlass org/codehaus/plexus/component/repository/exception/ComponentLookupException
instanceKlass org/apache/maven/project/DuplicateProjectException
instanceKlass org/codehaus/plexus/util/dag/CycleDetectedException
instanceKlass ch/qos/logback/core/util/DynamicClassLoadingException
instanceKlass ch/qos/logback/core/util/IncompatibleClassException
instanceKlass ch/qos/logback/core/joran/spi/JoranException
instanceKlass java/util/concurrent/ExecutionException
instanceKlass java/util/concurrent/TimeoutException
instanceKlass org/osgi/service/application/ApplicationException
instanceKlass java/lang/CloneNotSupportedException
instanceKlass org/eclipse/core/runtime/CoreException
instanceKlass org/osgi/service/prefs/BackingStoreException
instanceKlass org/apache/felix/scr/impl/inject/methods/SuitableMethodNotAccessibleException
instanceKlass org/xml/sax/SAXException
instanceKlass javax/xml/parsers/ParserConfigurationException
instanceKlass org/osgi/service/resolver/ResolutionException
instanceKlass java/security/GeneralSecurityException
instanceKlass org/eclipse/osgi/container/ModuleContainer$ResolutionLockException
instanceKlass java/security/PrivilegedActionException
instanceKlass org/osgi/framework/InvalidSyntaxException
instanceKlass java/lang/InterruptedException
instanceKlass org/osgi/framework/BundleException
instanceKlass java/net/URISyntaxException
instanceKlass java/lang/instrument/UnmodifiableClassException
instanceKlass java/io/IOException
instanceKlass java/lang/ReflectiveOperationException
instanceKlass java/lang/RuntimeException
ciInstanceKlass java/lang/Exception 1 1 40 10 7 12 1 1 1 10 12 1 10 12 1 10 12 1 10 12 1 100 1 1 1 1 5 0 1 1 1 1 1 1 1 1 1 1 1 1 1 1
instanceKlass java/security/ProviderException
instanceKlass com/microsoft/java/builder/jdtbuilder/MissingSourceFileException
instanceKlass com/microsoft/java/builder/jdtbuilder/ImageBuilderInternalException
instanceKlass lombok/core/AnnotationValues$AnnotationValueDecodeFail
instanceKlass org/jsoup/UncheckedIOException
instanceKlass org/jsoup/SerializationException
instanceKlass org/apache/commons/lang3/exception/CloneFailedException
instanceKlass com/sun/jdi/InvalidStackFrameException
instanceKlass com/sun/jdi/InternalException
instanceKlass io/reactivex/exceptions/OnErrorNotImplementedException
instanceKlass io/reactivex/exceptions/CompositeException
instanceKlass com/sun/jdi/VMDisconnectedException
instanceKlass com/sun/jdi/ObjectCollectedException
instanceKlass com/google/common/util/concurrent/UncheckedTimeoutException
instanceKlass org/eclipse/jdt/internal/codeassist/complete/CompletionNodeDetector$StopTraversal
instanceKlass org/eclipse/jdt/internal/compiler/parser/SourceTypeConverter$AnonymousMemberFound
instanceKlass org/eclipse/jdt/internal/corext/fix/VariableDeclarationFixCore$VariableDeclarationFinder$1SearchException
instanceKlass org/eclipse/jdt/internal/core/manipulation/dom/ASTResolving$AllBindingsVisitor$VisitCancelledException
instanceKlass org/eclipse/jdt/internal/corext/dom/AbortSearchException
instanceKlass org/eclipse/jdt/internal/core/builder/AbortIncrementalBuildException
instanceKlass org/eclipse/jdt/internal/compiler/lookup/Scope$MethodClashException
instanceKlass org/eclipse/jdt/internal/compiler/ast/LambdaExpression$CopyFailureException
instanceKlass org/eclipse/jdt/internal/compiler/ast/LambdaExpression$1NotPertientToApplicability
instanceKlass lombok/core/AnnotationValues$AnnotationValueDecodeFail
instanceKlass org/eclipse/jdt/internal/compiler/flow/UnconditionalFlowInfo$AssertionFailedException
instanceKlass org/eclipse/jdt/internal/compiler/problem/ShouldNotImplement
instanceKlass java/nio/file/ProviderNotFoundException
instanceKlass java/nio/file/FileSystemAlreadyExistsException
instanceKlass java/nio/file/FileSystemNotFoundException
instanceKlass java/util/concurrent/CompletionException
instanceKlass com/microsoft/gradle/bs/importer/model/NamedPipeConnectionException
instanceKlass org/eclipse/jdt/internal/core/search/matching/MatchLocator$WrappedCoreException
instanceKlass com/google/inject/internal/aop/GlueException
instanceKlass org/apache/maven/artifact/InvalidArtifactRTException
instanceKlass com/google/inject/OutOfScopeException
instanceKlass java/lang/annotation/IncompleteAnnotationException
instanceKlass org/eclipse/lsp4j/jsonrpc/JsonRpcException
instanceKlass org/eclipse/lsp4j/jsonrpc/MessageIssueException
instanceKlass com/google/inject/CreationException
instanceKlass com/google/inject/ConfigurationException
instanceKlass com/google/inject/ProvisionException
instanceKlass org/eclipse/lsp4j/jsonrpc/ResponseErrorException
instanceKlass com/google/gson/JsonParseException
instanceKlass java/io/UncheckedIOException
instanceKlass org/gradle/api/UncheckedIOException
instanceKlass org/eclipse/buildship/core/internal/GradlePluginsRuntimeException
instanceKlass com/sun/jna/LastErrorException
instanceKlass org/eclipse/text/edits/MalformedTreeException
instanceKlass org/w3c/dom/DOMException
instanceKlass org/eclipse/jdt/internal/codeassist/select/SelectionNodeFound
instanceKlass org/eclipse/jdt/internal/core/DeltaProcessor$1FoundRelevantDeltaException
instanceKlass org/eclipse/jdt/internal/compiler/lookup/ReferenceBinding$DysfunctionalInterfaceException
instanceKlass org/eclipse/jdt/internal/codeassist/complete/InvalidCursorLocation
instanceKlass org/eclipse/jdt/internal/codeassist/complete/CompletionNodeFound
instanceKlass org/eclipse/jdt/internal/compiler/problem/AbortCompilation
instanceKlass org/eclipse/jdt/internal/compiler/lookup/SourceTypeCollisionException
instanceKlass org/eclipse/jdt/internal/core/builder/MissingSourceFileException
instanceKlass org/eclipse/jdt/internal/core/builder/ImageBuilderInternalException
instanceKlass java/lang/NegativeArraySizeException
instanceKlass org/eclipse/jdt/internal/core/ClasspathEntry$AssertionFailedException
instanceKlass com/google/common/cache/CacheLoader$InvalidCacheLoadException
instanceKlass com/google/common/util/concurrent/UncheckedExecutionException
instanceKlass java/time/DateTimeException
instanceKlass ch/qos/logback/core/LogbackException
instanceKlass org/objectweb/asm/tree/UnsupportedClassVersionException
instanceKlass java/lang/reflect/UndeclaredThrowableException
instanceKlass org/eclipse/core/internal/events/BuildManager$JobManagerSuspendedException
instanceKlass org/eclipse/core/internal/localstore/IsSynchronizedVisitor$ResourceChangedException
instanceKlass org/eclipse/core/internal/dtree/ObjectNotFoundException
instanceKlass org/eclipse/core/internal/utils/WrappedRuntimeException
instanceKlass org/eclipse/core/runtime/OperationCanceledException
instanceKlass org/eclipse/equinox/internal/provisional/frameworkadmin/FrameworkAdminRuntimeException
instanceKlass org/osgi/util/promise/FailedPromisesException
instanceKlass org/eclipse/core/runtime/InvalidRegistryObjectException
instanceKlass java/util/concurrent/RejectedExecutionException
instanceKlass org/eclipse/core/runtime/AssertionFailedException
instanceKlass org/osgi/service/component/ComponentException
instanceKlass java/util/MissingResourceException
instanceKlass org/osgi/framework/hooks/weaving/WeavingException
instanceKlass java/lang/reflect/InaccessibleObjectException
instanceKlass java/util/ConcurrentModificationException
instanceKlass org/osgi/framework/ServiceException
instanceKlass java/lang/TypeNotPresentException
instanceKlass org/eclipse/osgi/framework/util/ThreadInfoReport
instanceKlass org/eclipse/osgi/storage/Storage$StorageException
instanceKlass java/util/NoSuchElementException
instanceKlass java/lang/SecurityException
instanceKlass java/lang/invoke/WrongMethodTypeException
instanceKlass java/lang/UnsupportedOperationException
instanceKlass java/lang/IllegalStateException
instanceKlass java/lang/IllegalArgumentException
instanceKlass java/lang/IndexOutOfBoundsException
instanceKlass java/lang/ArithmeticException
instanceKlass java/lang/NullPointerException
instanceKlass java/lang/IllegalCallerException
instanceKlass java/lang/IllegalMonitorStateException
instanceKlass java/lang/ArrayStoreException
instanceKlass java/lang/ClassCastException
ciInstanceKlass java/lang/RuntimeException 1 1 40 10 7 12 1 1 1 10 12 1 10 12 1 10 12 1 10 12 1 100 1 1 1 1 5 0 1 1 1 1 1 1 1 1 1 1 1 1 1 1
ciInstanceKlass java/lang/ArrayIndexOutOfBoundsException 1 1 45 10 7 12 1 1 1 10 12 1 100 1 10 8 1 10 12 1 1 10 12 1 10 12 1 1 100 1 1 1 1 5 0 1 1 1 1 1 1 1 1 1 1 1 1
ciInstanceKlass java/lang/ArrayStoreException 1 1 26 10 100 12 1 1 1 10 12 1 100 1 1 1 1 5 0 1 1 1 1 1 1 1 1 1
ciInstanceKlass java/lang/ClassCastException 1 1 26 10 7 12 1 1 1 10 12 1 100 1 1 1 1 5 0 1 1 1 1 1 1 1 1 1
ciInstanceKlass java/lang/ClassNotFoundException 1 1 96 7 1 10 7 12 1 1 1 10 12 1 10 12 1 1 10 100 12 1 1 1 8 1 10 100 12 1 1 1 10 7 12 1 1 10 100 12 1 1 1 10 100 12 1 1 1 10 12 1 1 7 1 10 12 1 9 12 1 1 1 1 1 5 0 1 1 1 1 1 1 1 1 1 1 1 1 1 1 1 1 1 1 100 1 1 1 1 1 1 1 1 1 1 1 1
staticfield java/lang/ClassNotFoundException serialPersistentFields [Ljava/io/ObjectStreamField; 1 [Ljava/io/ObjectStreamField;
instanceKlass java/lang/InstantiationException
instanceKlass java/lang/IllegalAccessException
instanceKlass java/lang/reflect/InvocationTargetException
instanceKlass java/lang/NoSuchFieldException
instanceKlass java/lang/NoSuchMethodException
instanceKlass java/lang/ClassNotFoundException
ciInstanceKlass java/lang/ReflectiveOperationException 1 1 34 10 7 12 1 1 1 10 12 1 10 12 1 10 12 1 100 1 1 1 1 5 0 1 1 1 1 1 1 1 1 1 1 1
ciInstanceKlass java/lang/IllegalCallerException 0 0 35 10 100 12 1 1 1 10 12 1 10 12 1 10 12 1 100 1 1 1 1 5 0 1 1 1 1 1 1 1 1 1 1 1 1
ciInstanceKlass java/lang/IllegalMonitorStateException 1 1 26 10 100 12 1 1 1 10 12 1 100 1 1 1 1 5 0 1 1 1 1 1 1 1 1 1
ciInstanceKlass java/lang/BootstrapMethodError 0 0 45 10 100 12 1 1 1 10 12 1 10 12 1 10 100 12 1 1 1 10 100 12 1 1 1 1 1 1 5 0 1 1 1 1 1 1 1 1 1 1 1 100 1 1 1
instanceKlass java/io/IOError
instanceKlass org/apache/maven/BuildAbort
instanceKlass javax/xml/parsers/FactoryConfigurationError
instanceKlass com/google/common/util/concurrent/ExecutionError
instanceKlass java/util/ServiceConfigurationError
instanceKlass java/lang/ThreadDeath
instanceKlass java/lang/AssertionError
instanceKlass java/lang/VirtualMachineError
instanceKlass java/lang/LinkageError
ciInstanceKlass java/lang/Error 1 1 58 10 7 12 1 1 1 9 12 1 1 10 100 12 1 1 1 10 100 12 1 1 1 10 12 1 10 12 1 10 12 1 10 12 1 100 1 1 1 1 5 0 1 1 1 1 1 1 1 1 100 1 1 1 1 1 1 1
instanceKlass java/lang/ClassCircularityError
instanceKlass java/lang/VerifyError
instanceKlass java/lang/ExceptionInInitializerError
instanceKlass java/lang/ClassFormatError
instanceKlass java/lang/UnsatisfiedLinkError
instanceKlass java/lang/IncompatibleClassChangeError
instanceKlass java/lang/BootstrapMethodError
instanceKlass java/lang/NoClassDefFoundError
ciInstanceKlass java/lang/LinkageError 1 1 31 10 7 12 1 1 1 10 12 1 10 12 1 100 1 1 1 1 5 0 1 1 1 1 1 1 1 1 1 1 1
ciInstanceKlass java/lang/NullPointerException 1 1 52 10 7 12 1 1 1 10 12 1 9 7 12 1 1 1 10 12 1 1 9 12 1 1 10 12 1 1 10 12 1 1 1 1 5 0 1 1 1 1 1 1 1 1 100 1 100 1 100 1 1 1
ciInstanceKlass java/lang/InternalError 1 1 34 10 7 12 1 1 1 10 12 1 10 12 1 10 12 1 100 1 1 1 1 5 0 1 1 1 1 1 1 1 1 1 1 1
instanceKlass java/lang/StackOverflowError
instanceKlass java/lang/OutOfMemoryError
instanceKlass java/lang/InternalError
ciInstanceKlass java/lang/VirtualMachineError 1 1 34 10 7 12 1 1 1 10 12 1 10 12 1 10 12 1 100 1 1 1 1 5 0 1 1 1 1 1 1 1 1 1 1 1
ciInstanceKlass java/lang/NoClassDefFoundError 1 1 26 10 7 12 1 1 1 10 12 1 100 1 1 1 1 5 0 1 1 1 1 1 1 1 1 1
ciInstanceKlass java/lang/OutOfMemoryError 1 1 26 10 100 12 1 1 1 10 12 1 100 1 1 1 1 5 0 1 1 1 1 1 1 1 1 1
ciInstanceKlass java/lang/StackOverflowError 1 1 26 10 100 12 1 1 1 10 12 1 100 1 1 1 1 5 0 1 1 1 1 1 1 1 1 1
ciInstanceKlass java/lang/StackTraceElement 1 1 235 10 7 12 1 1 1 10 7 12 1 1 9 12 1 1 9 12 1 1 9 12 1 9 12 1 8 1 10 100 12 1 1 1 7 1 9 12 1 8 1 9 12 1 9 12 1 9 12 1 1 10 12 1 1 10 12 1 8 1 10 7 12 1 1 1 7 1 10 12 1 10 12 1 1 10 12 1 10 12 1 1 10 12 1 10 12 1 10 10 12 1 8 1 10 12 1 10 12 1 1 10 12 1 1 10 12 1 10 12 1 10 12 1 9 12 1 1 10 7 12 1 1 1 10 12 1 1 7 1 10 12 1 1 10 7 12 1 1 10 7 12 1 1 1 10 7 12 1 1 10 7 12 1 1 10 10 12 1 1 10 12 1 1 10 12 1 1 10 12 1 100 1 1 1 1 1 1 1 3 1 3 1 1 5 0 1 1 1 1 1 1 1 1 1 1 1 1 1 1 1 1 1 1 1 1 1 1 1 1 1 1 1 1 1 100 1 100 1 1 1 1 1 1 1 100 1 1 1 1 1 1 1 1 1
instanceKlass java/util/concurrent/locks/AbstractQueuedLongSynchronizer
instanceKlass java/util/concurrent/locks/AbstractQueuedSynchronizer
ciInstanceKlass java/util/concurrent/locks/AbstractOwnableSynchronizer 1 1 32 10 7 12 1 1 1 9 7 12 1 1 1 100 1 1 1 1 5 0 1 1 1 1 1 1 1 1 1 1 1 1
ciInstanceKlass jdk/internal/vm/Continuation 1 1 551 9 7 12 1 1 1 9 12 1 9 12 1 9 12 1 100 1 100 1 10 12 1 1 8 1 10 12 1 1 10 12 1 10 12 1 1 10 12 1 9 7 12 1 1 1 11 100 12 1 1 1 10 100 1 9 12 1 1 9 12 1 1 10 8 1 10 12 1 9 12 1 1 10 11 12 1 1 100 1 10 100 12 1 1 1 10 12 1 1 10 12 1 10 12 1 1 11 12 1 1 9 12 1 1 10 12 1 1 18 12 1 1 10 100 12 1 1 1 100 1 10 12 1 11 100 12 1 1 1 10 12 1 9 12 1 10 12 1 1 100 1 8 1 10 12 1 10 12 1 1 9 12 1 1 11 12 1 1 9 12 1 1 8 1 10 11 12 1 1 11 12 1 1 10 12 1 1 10 12 1 1 9 12 1 10 12 1 10 10 12 1 8 1 10 12 1 8 1 8 1 10 7 12 1 1 1 10 100 12 1 1 1 10 12 1 9 12 1 11 12 1 100 1 10 12 1 10 12 1 1 9 12 1 1 100 1 10 12 1 1 9 12 1 1 10 12 1 10 12 1 11 100 12 1 1 10 7 1 10 12 1 8 1 10 12 1 1 9 12 1 1 10 7 12 1 1 8 1 8 1 8 1 8 1 10 12 1 1 10 12 1 10 12 1 10 12 1 10 12 1 1 10 12 1 1 8 1 9 12 1 10 12 1 1 9 12 1 1 10 12 1 1 9 12 1 8 1 10 100 12 1 1 1 10 12 1 8 1 100 1 8 1 10 9 12 1 1 8 1 10 100 12 1 1 10 100 12 1 1 8 1 8 1 10 12 10 12 1 1 10 100 1 10 100 12 1 1 1 18 11 100 12 1 1 1 18 12 1 11 12 1 1 100 1 10 7 12 1 1 10 12 1 1 8 10 12 1 1 10 7 12 1 1 1 10 7 12 1 1 10 12 1 8 1 10 12 1 100 1 100 1 10 12 1 1 1 1 1 1 1 1 1 1 1 1 1 1 1 1 1 1 1 1 1 1 1 1 1 1 1 1 1 1 1 1 1 1 1 1 1 1 1 1 1 1 1 1 1 1 1 1 1 1 1 1 1 1 1 1 1 1 1 1 1 1 1 1 1 1 1 1 1 1 1 1 1 1 1 1 100 1 1 16 1 15 10 12 16 15 11 100 12 1 1 1 16 1 16 1 15 10 12 16 15 10 100 12 1 1 1 1 1 1 1 1 100 1 100 1 1
staticfield jdk/internal/vm/Continuation U Ljdk/internal/misc/Unsafe; jdk/internal/misc/Unsafe
staticfield jdk/internal/vm/Continuation MOUNTED_OFFSET J 13
staticfield jdk/internal/vm/Continuation PRESERVE_SCOPED_VALUE_CACHE Z 1
staticfield jdk/internal/vm/Continuation JLA Ljdk/internal/access/JavaLangAccess; java/lang/System$1
staticfield jdk/internal/vm/Continuation $assertionsDisabled Z 1
ciInstanceKlass jdk/internal/misc/UnsafeConstants 1 1 34 10 100 12 1 1 1 9 7 12 1 1 1 9 12 1 9 12 1 1 9 12 1 9 12 1 1 1 1 1 1 1 1 1
staticfield jdk/internal/misc/UnsafeConstants ADDRESS_SIZE0 I 8
staticfield jdk/internal/misc/UnsafeConstants PAGE_SIZE I 4096
staticfield jdk/internal/misc/UnsafeConstants BIG_ENDIAN Z 0
staticfield jdk/internal/misc/UnsafeConstants UNALIGNED_ACCESS Z 1
staticfield jdk/internal/misc/UnsafeConstants DATA_CACHE_LINE_FLUSH_SIZE I 0
ciInstanceKlass java/lang/invoke/MethodHandleImpl 1 1 1424 10 7 12 1 1 1 7 1 10 7 12 1 1 1 10 7 12 1 1 1 100 1 10 8 1 10 12 1 1 10 12 1 10 12 1 1 10 7 12 1 1 1 9 7 12 1 1 1 10 100 12 1 1 1 100 1 10 12 1 1 10 12 1 1 10 12 1 1 10 7 12 1 1 1 9 7 12 1 1 1 10 7 12 1 1 1 100 1 10 9 12 1 1 9 12 1 10 12 1 1 10 12 1 10 12 1 1 10 12 1 1 10 12 1 1 8 1 8 1 10 12 1 1 10 12 1 1 10 12 1 1 10 12 1 1 10 12 1 10 12 1 1 10 7 12 1 1 1 10 12 1 7 1 10 7 12 1 1 1 10 12 1 1 10 12 1 1 11 7 12 1 1 1 11 7 12 1 1 11 12 1 1 7 1 11 12 1 10 12 1 1 10 12 1 1 11 12 1 10 7 12 1 1 10 12 1 1 10 7 12 1 1 10 12 1 10 12 1 1 10 7 12 1 1 1 10 7 12 1 1 1 10 12 1 1 10 12 1 1 9 7 12 1 1 1 10 10 12 1 1 10 12 1 1 10 10 12 1 1 10 12 1 1 10 7 12 1 1 1 10 12 1 1 10 12 1 10 12 1 10 7 12 1 1 1 10 7 12 1 1 1 10 12 1 1 10 12 1 10 12 1 10 12 1 10 12 1 1 10 12 1 10 12 1 1 10 12 1 10 12 1 8 1 100 1 10 12 1 10 12 1 1 10 12 1 10 12 1 1 10 12 1 1 7 1 10 12 1 100 1 8 1 10 12 1 10 7 12 1 1 1 8 1 10 12 1 10 7 12 1 1 1 100 1 9 7 1 10 12 1 1 10 12 1 1 9 12 1 10 12 1 1 10 7 12 1 1 10 12 1 1 10 12 1 1 10 12 1 10 12 1 7 1 10 12 1 1 9 12 1 1 10 12 1 9 7 12 1 1 1 11 7 12 1 1 7 1 9 12 1 7 1 10 12 1 10 12 1 1 7 1 10 12 1 1 10 12 1 1 10 7 12 1 1 1 10 12 1 1 10 12 1 10 12 1 1 10 12 1 10 12 1 1 10 12 1 7 1 9 7 12 1 1 1 10 12 1 10 12 1 9 7 12 1 1 1 10 12 1 1 10 12 1 1 10 12 1 10 7 12 1 1 10 100 12 1 1 1 9 12 1 10 12 1 9 12 10 12 1 10 12 1 10 12 1 10 12 1 1 10 12 1 10 12 1 1 10 12 1 10 12 1 1 10 12 1 1 10 12 1 1 10 12 1 10 12 1 10 12 1 1 10 12 1 10 7 12 1 1 10 12 1 10 100 12 1 1 8 1 10 8 1 100 1 10 9 12 1 100 1 10 12 1 8 1 10 10 12 1 10 10 12 1 1 10 12 1 1 10 12 1 10 12 1 100 1 8 1 10 12 1 10 100 12 1 1 1 10 12 1 1 10 12 1 10 12 1 7 1 10 12 1 10 12 1 10 12 1 1 7 1 10 12 1 10 7 12 1 1 10 12 1 9 12 1 10 12 1 1 10 12 1 1 100 1 10 10 12 1 8 1 8 1 9 12 1 8 1 8 1 8 1 9 12 1 10 12 1 1 9 12 1 1 10 12 1 8 1 9 7 1 10 12 1 1 10 12 1 8 1 8 1 8 1 100 1 100 1 8 8 1 8 1 100 1 8 1 100 1 10 12 1 7 1 10 10 7 12 1 1 1 10 12 1 10 12 10 12 1 10 12 1 11 100 12 1 1 1 18 12 1 11 100 12 1 1 1 18 18 12 1 11 12 1 1 10 12 1 1 10 12 1 10 12 1 11 12 1 9 12 1 9 12 10 10 12 1 1 9 12 1 1 11 12 1 1 18 12 1 1 11 12 1 1 11 12 1 1 10 12 1 11 100 1 10 12 1 10 12 1 10 12 1 9 12 1 9 12 10 12 1 10 7 12 1 1 1 10 12 1 10 12 1 1 10 12 1 10 12 9 12 1 1 10 12 1 10 12 1 1 9 12 1 9 12 1 10 12 1 10 12 1 1 10 12 1 100 1 10 12 1 9 12 1 1 11 100 1 9 12 1 9 12 11 12 1 9 12 1 10 12 10 12 1 1 10 12 1 1 9 7 12 1 1 10 12 1 10 12 1 10 12 1 1 100 1 10 12 1 10 12 1 1 100 1 10 12 1 1 10 12 1 1 100 1 10 12 1 1 10 12 1 1 10 12 1 10 12 1 10 12 1 9 12 1 10 12 1 10 12 1 1 9 7 12 1 1 1 8 10 12 1 1 8 1 10 12 1 8 1 8 1 8 1 8 1 8 1 8 1 100 1 8 1 8 1 10 12 1 9 12 1 10 12 1 1 1 1 1 3 1 1 3 1 3 1 3 1 3 1 3 1 3 1 3 1 3 1 1 1 1 1 1 1 1 1 3 1 3 1 1 1 1 1 1 1 1 1 1 1 1 1 1 1 1 1 1 1 1 1 1 1 1 1 1 1 1 1 1 1 1 1 1 1 1 1 1 1 1 1 1 1 1 1 1 1 1 1 1 1 1 1 1 1 1 1 1 1 1 1 1 1 1 1 1 1 1 1 1 1 1 1 1 1 1 1 1 1 1 1 1 1 1 1 1 1 1 1 1 1 1 1 1 1 1 1 1 1 1 1 1 1 100 1 1 1 1 1 1 1 1 1 1 1 1 1 1 1 1 1 1 1 1 1 1 1 1 1 1 1 1 1 1 1 1 1 1 1 1 1 1 1 1 1 1 1 1 1 1 1 1 1 1 1 1 1 1 1 1 1 1 1 1 1 1 1 1 1 1 1 1 1 1 1 1 1 1 1 1 1 1 1 1 1 1 1 1 1 1 1 1 1 1 1 1 1 1 1 1 1 1 1 1 1 1 1 1 1 1 1 1 1 1 1 1 1 1 1 1 1 1 1 1 1 1 1 1 1 1 1 1 1 1 1 1 1 1 1 1 1 1 1 1 1 1 1 1 1 1 1 1 1 1 1 1 1 1 1 1 1 1 1 1 1 1 1 1 1 1 1 1 1 100 1 100 1 100 1 100 1 100 1 100 1 100 1 1 16 15 10 12 16 15 16 16 1 15 10 12 16 16 15 10 12 16 15 10 100 12 1 1 1 1 1 1 1 1 1 1 1 1 1 1 1 1 1 1 1 1 1 1 1 1
staticfield java/lang/invoke/MethodHandleImpl ARRAYS [Ljava/lang/invoke/MethodHandle; 256 [Ljava/lang/invoke/MethodHandle;
staticfield java/lang/invoke/MethodHandleImpl NFS [Ljava/lang/invoke/LambdaForm$NamedFunction; 7 [Ljava/lang/invoke/LambdaForm$NamedFunction;
staticfield java/lang/invoke/MethodHandleImpl HANDLES [Ljava/lang/invoke/MethodHandle; 9 [Ljava/lang/invoke/MethodHandle;
staticfield java/lang/invoke/MethodHandleImpl $assertionsDisabled Z 1
instanceKlass java/lang/invoke/DelegatingMethodHandle
instanceKlass java/lang/invoke/BoundMethodHandle
instanceKlass java/lang/invoke/DirectMethodHandle
ciInstanceKlass java/lang/invoke/MethodHandle 1 1 734 100 1 9 7 12 1 1 1 10 7 12 1 1 1 10 7 12 1 1 1 7 1 7 1 10 12 1 1 9 12 1 1 10 12 1 10 12 1 1 10 12 1 1 10 7 12 1 1 1 10 12 1 1 10 12 1 1 11 100 12 1 1 1 10 12 1 1 10 12 1 10 12 1 9 12 1 1 9 12 1 1 10 7 12 1 1 1 10 12 1 10 12 1 1 10 12 1 10 12 1 100 1 100 1 10 8 1 10 12 1 1 10 12 1 8 1 10 12 1 1 10 12 1 10 7 12 1 1 1 10 12 1 1 10 12 1 1 10 12 1 1 10 7 12 1 1 1 10 12 1 1 10 12 1 1 10 12 1 10 12 1 1 10 7 12 1 1 10 7 12 1 1 10 12 1 10 12 1 10 12 1 1 10 12 1 1 10 12 1 1 10 12 1 1 10 7 12 1 1 1 10 7 12 1 1 1 10 12 1 1 10 12 1 1 10 12 1 1 8 1 10 7 12 1 1 1 8 1 10 12 1 10 12 1 1 10 12 1 1 10 12 1 8 1 10 12 1 1 8 1 10 12 1 8 1 10 100 12 1 1 1 9 12 1 1 100 1 10 9 100 12 1 1 1 9 100 1 8 1 10 12 1 1 10 12 1 10 12 1 1 10 12 1 10 12 1 1 10 12 1 10 12 1 1 10 12 1 10 12 1 1 10 12 1 1 8 1 10 12 1 1 8 1 10 12 1 10 12 1 1 10 12 1 10 12 1 10 12 1 1 9 100 12 1 1 1 10 12 1 1 11 12 1 10 12 1 10 12 1 1 10 100 12 1 1 100 1 11 12 1 10 100 1 11 12 1 100 1 10 12 1 11 12 1 9 100 12 1 1 1 11 12 1 1 11 100 12 1 1 1 10 12 1 1 9 12 1 11 12 1 9 12 1 9 12 1 9 12 1 11 12 1 1 9 12 1 9 12 1 9 12 1 9 12 1 9 12 1 9 12 1 9 12 1 8 1 10 12 1 10 12 1 8 1 10 12 1 10 12 1 10 12 1 1 10 10 10 7 12 1 1 10 12 1 1 100 1 7 1 8 1 8 1 10 10 12 1 1 10 12 1 10 12 1 100 1 10 100 12 1 1 1 10 9 7 12 1 1 1 10 12 1 1 10 12 1 1 8 1 8 1 10 100 12 1 1 9 12 1 9 12 1 1 9 12 1 1 10 12 1 7 1 10 12 1 10 12 1 1 9 12 1 1 9 12 1 1 10 7 12 1 1 1 11 7 12 1 1 9 12 1 10 12 1 1 9 12 1 10 12 1 8 10 12 1 1 8 1 1 1 1 1 1 1 1 7 1 1 1 1 1 1 1 1 1 1 1 1 1 1 1 1 1 1 1 1 1 1 1 1 1 1 1 1 1 1 1 1 100 1 1 1 1 1 1 1 1 1 1 1 1 1 1 1 1 1 1 1 1 1 1 1 1 1 1 1 1 1 1 1 1 1 1 1 1 1 1 1 1 1 1 1 1 1 1 1 1 1 1 1 1 1 1 1 1 1 1 1 1 1 1 1 1 1 1 1 1 1 1 1 1 1 1 1 1 1 1 1 1 1 1 1 1 1 1 100 1 1 100 1 100 1 100 1 1 100 1 1 100 1 1 1 1
staticfield java/lang/invoke/MethodHandle FORM_OFFSET J 20
staticfield java/lang/invoke/MethodHandle UPDATE_OFFSET J 13
staticfield java/lang/invoke/MethodHandle $assertionsDisabled Z 1
ciInstanceKlass java/lang/invoke/MethodType 1 1 724 7 1 10 7 12 1 1 1 9 12 1 1 9 12 1 1 9 12 1 1 10 7 12 1 1 1 9 7 12 1 1 8 1 10 100 12 1 1 1 9 7 1 9 7 1 10 12 1 1 100 1 10 8 1 10 12 1 1 10 12 1 10 12 1 1 100 1 8 1 10 12 1 100 1 10 10 12 1 10 12 1 1 10 12 1 1 11 7 12 1 1 1 9 12 1 11 12 1 1 7 10 12 1 1 10 12 1 1 7 1 7 1 10 7 12 1 1 1 10 12 1 10 12 1 9 12 1 1 10 7 12 1 1 10 12 1 1 10 7 12 1 1 1 10 7 12 1 1 1 10 12 1 9 12 1 1 10 12 1 1 10 12 1 1 10 12 1 1 10 12 1 1 10 12 1 1 10 12 1 10 12 1 10 12 1 1 10 12 1 8 1 8 1 10 12 1 1 9 12 1 1 100 1 10 10 12 1 1 10 12 1 10 12 1 1 10 12 1 1 10 12 1 10 12 1 10 12 1 8 1 10 12 1 1 10 100 12 1 1 1 10 12 1 10 12 1 1 10 12 1 10 12 1 10 12 1 1 10 12 1 10 12 1 9 12 1 10 12 1 10 10 12 1 1 10 12 1 9 12 1 1 10 12 1 1 11 12 1 1 10 12 1 1 10 12 1 10 12 1 100 1 8 1 8 1 8 1 10 12 1 10 12 1 10 12 1 1 10 10 12 1 11 12 1 1 11 12 1 10 100 12 1 1 1 9 12 1 10 12 1 10 12 1 1 10 12 1 1 10 12 1 10 12 1 10 100 12 1 1 1 10 12 1 1 10 12 1 10 12 1 10 12 1 10 9 12 1 1 7 1 10 12 1 10 100 12 1 1 1 10 12 1 1 10 100 12 1 1 1 10 12 1 1 8 1 10 7 12 1 1 1 11 12 1 1 9 12 1 1 10 12 1 1 10 12 1 10 12 1 1 10 12 1 1 10 100 12 1 1 10 12 1 10 12 100 1 11 100 12 1 1 10 12 1 11 12 1 10 100 12 1 1 10 12 1 1 10 12 1 1 9 12 1 1 9 100 12 1 1 1 10 100 12 1 1 1 9 12 1 10 100 12 1 1 10 12 1 100 10 12 1 10 12 1 1 10 12 1 7 1 10 10 12 1 1 7 1 7 1 9 12 1 1 100 1 100 1 100 1 1 1 5 0 1 1 1 1 1 1 1 3 1 3 1 3 1 1 1 1 1 1 1 1 1 1 1 1 1 1 1 1 1 1 1 1 1 1 1 1 1 1 1 1 1 1 1 1 1 1 1 1 1 1 1 1 1 1 1 1 1 1 1 1 1 1 1 1 1 1 1 1 1 1 1 1 1 1 1 1 1 1 1 1 1 1 1 1 1 1 1 1 1 1 1 1 1 1 1 1 1 1 1 1 1 1 1 1 1 1 1 1 1 1 1 1 1 1 1 1 1 1 1 1 1 1 1 1 1 1 1 1 1 1 1 1 1 1 1 1 1 1 1 1 7 1 7 1 1 1 1 1 1 1 1 1 1 1 1 1 100 1 1 1 1 7 1 1 1 7 1 1 1 1 1 1 1 1 1 1 1 1 1 1 1 1 1 1 100 1 1 100 1 1
staticfield java/lang/invoke/MethodType internTable Ljdk/internal/util/ReferencedKeySet; jdk/internal/util/ReferencedKeySet
staticfield java/lang/invoke/MethodType NO_PTYPES [Ljava/lang/Class; 0 [Ljava/lang/Class;
staticfield java/lang/invoke/MethodType objectOnlyTypes [Ljava/lang/invoke/MethodType; 20 [Ljava/lang/invoke/MethodType;
staticfield java/lang/invoke/MethodType METHOD_HANDLE_ARRAY [Ljava/lang/Class; 1 [Ljava/lang/Class;
staticfield java/lang/invoke/MethodType serialPersistentFields [Ljava/io/ObjectStreamField; 0 [Ljava/io/ObjectStreamField;
staticfield java/lang/invoke/MethodType $assertionsDisabled Z 1
ciInstanceKlass java/lang/invoke/TypeDescriptor$OfMethod 1 0 43 100 1 100 1 100 1 1 1 1 1 1 1 1 1 1 1 1 1 1 1 1 1 1 1 1 1 1 1 1 1 1 1 1 1 1 1 1 1 1 100 1 1
instanceKlass javax/net/ssl/SSLEngineResult$HandshakeStatus
instanceKlass sun/security/ssl/Finished$VerifyDataScheme
instanceKlass sun/security/validator/CADistrustPolicy
instanceKlass sun/security/provider/certpath/OCSP$RevocationStatus$CertStatus
instanceKlass sun/security/provider/certpath/ResponderId$Type
instanceKlass java/security/cert/CRLReason
instanceKlass sun/security/provider/certpath/OCSPResponse$ResponseStatus
instanceKlass sun/security/ssl/SSLTrafficKeyDerivation$KeySchedule
instanceKlass sun/security/ssl/SSLTrafficKeyDerivation
instanceKlass sun/security/ssl/SSLSecretDerivation$SecretSchedule
instanceKlass com/sun/crypto/provider/HKDFKeyDerivation$SupportedHmac
instanceKlass sun/security/ssl/ContentType
instanceKlass sun/security/ssl/SSLKeyExchange$T12KeyAgreement
instanceKlass sun/security/ssl/PskKeyExchangeModesExtension$PskKeyExchangeMode
instanceKlass sun/security/ssl/ECPointFormatsExtension$ECPointFormat
instanceKlass sun/security/ssl/CertStatusExtension$CertStatusRequestType
instanceKlass sun/security/ssl/SSLExtension
instanceKlass sun/security/ssl/SignatureScheme$SigAlgParamSpec
instanceKlass sun/security/ssl/SignatureScheme
instanceKlass sun/security/ssl/ClientAuthType
instanceKlass sun/security/ssl/SSLHandshake
instanceKlass java/net/Proxy$Type
instanceKlass sun/net/www/protocol/http/HttpURLConnection$TunnelState
instanceKlass sun/security/ssl/NamedGroup
instanceKlass sun/security/ssl/NamedGroup$NamedGroupSpec
instanceKlass sun/security/ssl/CipherSuite$KeyExchange
instanceKlass sun/security/ssl/CipherSuite$MacAlg
instanceKlass sun/security/ssl/CipherSuite$HashAlg
instanceKlass sun/security/ssl/CipherType
instanceKlass sun/security/ssl/SSLCipher
instanceKlass sun/security/ssl/CipherSuite
instanceKlass java/security/CryptoPrimitive
instanceKlass sun/security/ssl/SSLScope
instanceKlass sun/security/ssl/ProtocolVersion
instanceKlass org/eclipse/jdt/internal/corext/fix/LambdaExpressionAndMethodRefFixCore$ActionType
instanceKlass org/eclipse/jdt/internal/corext/refactoring/code/makestatic/ContextCalculator$SelectionInputType
instanceKlass org/eclipse/lsp4j/SignatureHelpTriggerKind
instanceKlass org/apache/commons/lang3/text/translate/NumericEntityUnescaper$OPTION
instanceKlass org/jsoup/parser/HtmlTreeBuilderState
instanceKlass org/jsoup/parser/TokeniserState
instanceKlass org/jsoup/nodes/Document$QuirksMode
instanceKlass org/jsoup/nodes/Document$OutputSettings$Syntax
instanceKlass org/jsoup/nodes/Entities$EscapeMode
instanceKlass org/jsoup/parser/Token$TokenType
instanceKlass com/overzealous/remark/Options$FencedCodeBlocks
instanceKlass com/overzealous/remark/Options$Tables
instanceKlass com/overzealous/remark/Options$InWordEmphasis
instanceKlass org/apache/commons/lang3/JavaVersion
instanceKlass com/microsoft/java/debug/core/protocol/Requests$Command
instanceKlass com/microsoft/java/debug/core/adapter/formatter/NumericFormatEnum
instanceKlass com/microsoft/java/debug/core/adapter/LaunchMode
instanceKlass io/reactivex/internal/disposables/DisposableHelper
instanceKlass java/net/StandardProtocolFamily
instanceKlass com/microsoft/java/debug/core/protocol/Requests$ShortenApproach
instanceKlass com/microsoft/java/debug/core/protocol/Requests$CONSOLE
instanceKlass javax/lang/model/SourceVersion
instanceKlass com/microsoft/java/debug/core/DebugSettings$Switch
instanceKlass com/microsoft/java/debug/core/DebugSettings$AsyncMode
instanceKlass com/microsoft/java/debug/core/DebugSettings$HotCodeReplace
instanceKlass org/eclipse/jdt/ls/core/internal/corext/template/java/PostfixTemplate
instanceKlass org/eclipse/jdt/ls/core/internal/corext/template/java/CodeSnippetTemplate
instanceKlass org/eclipse/lsp4j/InsertTextFormat
instanceKlass org/eclipse/lsp4j/CompletionTriggerKind
instanceKlass org/eclipse/jdt/ls/core/internal/text/correction/RefactorProposalUtility$InitializeScope
instanceKlass org/eclipse/lsp4j/DocumentHighlightKind
instanceKlass org/eclipse/jdt/ls/core/internal/managers/ProjectsManager$CHANGE_TYPE
instanceKlass org/eclipse/lsp4j/FileChangeType
instanceKlass org/eclipse/lsp4j/TextDocumentSaveReason
instanceKlass org/eclipse/jdt/internal/formatter/Token$WrapMode
instanceKlass org/eclipse/jdt/ls/core/internal/JDTUtils$LocationType
instanceKlass org/eclipse/jdt/ls/core/internal/codemanipulation/GenerateGetterSetterOperation$AccessorKind
instanceKlass org/eclipse/lsp4j/InlayHintKind
instanceKlass org/eclipse/jdt/core/dom/rewrite/ImportRewrite$TypeLocation
instanceKlass com/microsoft/jdtls/ext/core/model/NodeKind
instanceKlass org/eclipse/jdt/ls/core/internal/managers/InternalBuildSupports
instanceKlass org/eclipse/lsp4j/DiagnosticSeverity
instanceKlass org/eclipse/lsp4j/CodeActionTriggerKind
instanceKlass org/eclipse/jdt/internal/compiler/ast/FakedTrackingVariable$IteratorForReporting$Stage
instanceKlass org/eclipse/jdt/internal/compiler/lookup/TypeConstants$DangerousMethod
instanceKlass org/eclipse/jdt/internal/compiler/ast/NullAnnotationMatching$Severity
instanceKlass org/eclipse/jdt/internal/compiler/parser/Parser$CaseLabelKind
instanceKlass org/eclipse/jdt/internal/compiler/ast/Annotation$AnnotationTargetAllowed
instanceKlass org/eclipse/jdt/internal/compiler/codegen/OperandStack$OperandCategory
instanceKlass org/eclipse/jdt/internal/compiler/ast/MessageSend$AssertUtil
instanceKlass org/eclipse/jdt/internal/compiler/ast/ConstructorDeclaration$AnalysisMode
instanceKlass org/eclipse/jdt/internal/compiler/ast/LambdaExpression$CompatibilityResult
instanceKlass org/eclipse/jdt/internal/compiler/lookup/TypeConstants$BoundCheckStatus
instanceKlass lombok/eclipse/agent/PatchDelegate$DelegateReceiver
instanceKlass org/eclipse/jdt/internal/compiler/lookup/BinaryTypeBinding$ExternalAnnotationStatus
instanceKlass org/eclipse/jdt/internal/compiler/env/IModuleAwareNameEnvironment$LookupStrategy
instanceKlass org/eclipse/jdt/internal/compiler/env/IUpdatableModule$UpdateKind
instanceKlass org/eclipse/jdt/internal/compiler/lookup/LookupEnvironment$CompleteTypeBindingsSteps
instanceKlass org/eclipse/jdt/internal/core/CompilationGroup
instanceKlass org/eclipse/jdt/internal/compiler/lookup/Scope$MatchPhase
instanceKlass org/eclipse/jdt/internal/core/JavaModelManager$ArchiveValidity
instanceKlass org/eclipse/jdt/internal/compiler/parser/Parser$LocalTypeKind
instanceKlass org/eclipse/jdt/internal/compiler/ast/ExpressionContext
instanceKlass org/eclipse/jdt/internal/compiler/ast/TypeReference$AnnotationPosition
instanceKlass lombok/core/AST$Kind
instanceKlass lombok/eclipse/TransformationState
instanceKlass lombok/core/configuration/CapitalizationStrategy
instanceKlass lombok/core/configuration/NullCheckExceptionType
instanceKlass lombok/core/configuration/CallSuperType
instanceKlass lombok/core/configuration/FlagUsageType
instanceKlass org/eclipse/jdt/internal/compiler/impl/JavaFeature
instanceKlass org/eclipse/jdt/internal/compiler/parser/Scanner$ScanContext
instanceKlass org/eclipse/osgi/container/Module$StopOptions
instanceKlass org/eclipse/jdt/internal/compiler/parser/TerminalToken
instanceKlass org/eclipse/lsp4j/jsonrpc/messages/ResponseErrorCode
instanceKlass java/nio/file/FileVisitResult
instanceKlass java/nio/file/FileTreeWalker$EventType
instanceKlass java/nio/file/FileVisitOption
instanceKlass org/eclipse/lsp4j/WorkDoneProgressKind
instanceKlass org/eclipse/jdt/ls/core/internal/semantictokens/TokenModifier
instanceKlass org/eclipse/jdt/ls/core/internal/semantictokens/TokenType
instanceKlass org/eclipse/lsp4j/TextDocumentSyncKind
instanceKlass com/google/common/base/CaseFormat
instanceKlass org/eclipse/lsp4j/DiagnosticTag
instanceKlass org/eclipse/lsp4j/PrepareSupportDefaultBehavior
instanceKlass org/eclipse/lsp4j/CompletionItemKind
instanceKlass org/eclipse/lsp4j/CompletionItemTag
instanceKlass org/eclipse/lsp4j/InsertTextMode
instanceKlass org/eclipse/lsp4j/SymbolTag
instanceKlass org/eclipse/lsp4j/SymbolKind
instanceKlass org/eclipse/sisu/inject/QualifyingStrategy
instanceKlass com/google/inject/internal/InjectorImpl$JitLimitation
instanceKlass org/eclipse/sisu/bean/DeclaredMembers$View
instanceKlass com/google/inject/internal/Initializer$InjectableReferenceState
instanceKlass sun/misc/Unsafe$MemoryAccessOption
instanceKlass com/google/common/collect/MapMakerInternalMap$Strength
instanceKlass org/apache/maven/settings/building/SettingsProblem$Severity
instanceKlass org/eclipse/aether/metadata/Metadata$Nature
instanceKlass org/apache/maven/model/building/ModelProblem$Version
instanceKlass org/apache/maven/building/Problem$Severity
instanceKlass org/apache/maven/plugin/internal/DefaultPluginValidationManager$ValidationReportLevel
instanceKlass org/apache/maven/plugin/PluginValidationManager$IssueLocality
instanceKlass org/apache/maven/classrealm/ClassRealmRequest$RealmType
instanceKlass org/apache/maven/execution/ExecutionEvent$Type
instanceKlass org/apache/maven/artifact/ArtifactScopeEnum
instanceKlass com/google/inject/spi/InjectionPoint$Position
instanceKlass com/google/common/util/concurrent/AbstractFutureState$VarHandleAtomicHelperMaker
instanceKlass java/lang/annotation/ElementType
instanceKlass com/google/inject/internal/InternalFlags$ColorizeOption
instanceKlass com/google/inject/internal/InternalFlags$BytecodeGenOption
instanceKlass com/google/inject/internal/InternalFlags$NullableProvidesOption
instanceKlass com/google/inject/internal/InternalFlags$CustomClassLoadingOption
instanceKlass com/google/inject/internal/InternalFlags$IncludeStackTraceOption
instanceKlass com/google/inject/Key$NullAnnotationStrategy
instanceKlass org/eclipse/jdt/ls/core/internal/BuildWorkspaceStatus
instanceKlass sun/reflect/annotation/TypeAnnotation$TypeAnnotationTarget
instanceKlass org/eclipse/jdt/ls/core/internal/ServiceStatus
instanceKlass com/google/inject/Stage
instanceKlass org/eclipse/sisu/space/BeanScanning
instanceKlass com/google/gson/ReflectionAccessFilter$FilterResult
instanceKlass com/google/gson/stream/JsonToken
instanceKlass com/google/gson/Strictness
instanceKlass com/google/gson/ToNumberPolicy
instanceKlass com/google/gson/FieldNamingPolicy
instanceKlass com/google/gson/LongSerializationPolicy
instanceKlass org/eclipse/buildship/core/internal/util/gradle/PublishedGradleVersions$LookupStrategy
instanceKlass org/eclipse/buildship/core/internal/CoreTraceScopes
instanceKlass org/eclipse/jdt/ls/core/internal/DiagnosticsState$ErrorLevel
instanceKlass org/eclipse/jdt/ls/core/internal/preferences/CodeGenerationTemplate
instanceKlass org/eclipse/jdt/ls/core/internal/preferences/Preferences$SearchScope
instanceKlass org/eclipse/jdt/ls/core/internal/handlers/ProjectEncodingMode
instanceKlass org/eclipse/jdt/ls/core/internal/handlers/InlayHintsParameterMode
instanceKlass org/eclipse/jdt/ls/core/internal/handlers/CompletionGuessMethodArgumentsMode
instanceKlass org/eclipse/jdt/ls/core/internal/handlers/CompletionMatchCaseMode
instanceKlass org/eclipse/jdt/ls/core/internal/preferences/Preferences$FeatureStatus
instanceKlass lombok/eclipse/agent/PatchDelegate$DelegateReceiver
instanceKlass ch/qos/logback/core/spi/FilterReply
instanceKlass org/apache/maven/model/building/ModelProblem$Severity
instanceKlass com/google/common/cache/LocalCache$EntryFactory
instanceKlass com/google/common/cache/CacheBuilder$NullListener
instanceKlass com/google/common/cache/CacheBuilder$OneWeigher
instanceKlass com/google/common/cache/LocalCache$Strength
instanceKlass org/eclipse/m2e/core/internal/preferences/ProblemSeverity
instanceKlass org/eclipse/m2e/core/lifecyclemapping/model/PluginExecutionAction
instanceKlass org/slf4j/helpers/Reporter$Level
instanceKlass org/slf4j/helpers/Reporter$TargetChoice
instanceKlass ch/qos/logback/classic/spi/Configurator$ExecutionStatus
instanceKlass org/apache/felix/resolver/PermutationType
instanceKlass org/apache/felix/scr/impl/inject/field/FieldHandler$METHOD_TYPE
instanceKlass java/security/DrbgParameters$Capability
instanceKlass java/nio/file/StandardCopyOption
instanceKlass java/math/RoundingMode
instanceKlass java/lang/reflect/ProxyGenerator$PrimitiveTypeInfo
instanceKlass java/lang/annotation/RetentionPolicy
instanceKlass java/util/Comparators$NaturalOrderComparator
instanceKlass org/apache/felix/scr/impl/inject/ValueUtils$ValueType
instanceKlass org/apache/felix/scr/impl/manager/RegistrationManager$RegState
instanceKlass org/apache/felix/scr/impl/manager/AbstractComponentManager$State
instanceKlass org/osgi/util/promise/PromiseFactory$Option
instanceKlass org/apache/felix/scr/impl/metadata/ReferenceMetadata$ReferenceScope
instanceKlass org/apache/felix/scr/impl/metadata/ServiceMetadata$Scope
instanceKlass org/apache/felix/scr/impl/metadata/DSVersion
instanceKlass com/sun/org/apache/xerces/internal/impl/XMLScanner$NameType
instanceKlass com/sun/org/apache/xerces/internal/util/Status
instanceKlass javax/xml/catalog/CatalogFeatures$State
instanceKlass javax/xml/catalog/CatalogFeatures$Feature
instanceKlass jdk/xml/internal/JdkProperty$ImplPropMap
instanceKlass jdk/xml/internal/JdkXmlFeatures$XmlFeature
instanceKlass jdk/xml/internal/XMLSecurityPropertyManager$Property
instanceKlass jdk/xml/internal/FeaturePropertyBase$State
instanceKlass jdk/xml/internal/JdkProperty$State
instanceKlass jdk/xml/internal/XMLSecurityManager$Processor
instanceKlass jdk/xml/internal/XMLSecurityManager$Limit
instanceKlass org/apache/felix/scr/impl/logger/InternalLogger$Level
instanceKlass sun/util/locale/provider/LocaleProviderAdapter$Type
instanceKlass java/lang/StackStreamFactory$WalkerState
instanceKlass java/lang/StackWalker$ExtendedOption
instanceKlass java/time/format/TextStyle
instanceKlass java/time/format/ResolverStyle
instanceKlass java/time/format/SignStyle
instanceKlass java/time/format/DateTimeFormatterBuilder$SettingsParser
instanceKlass java/time/temporal/JulianFields$Field
instanceKlass java/time/temporal/IsoFields$Unit
instanceKlass java/time/temporal/IsoFields$Field
instanceKlass java/time/zone/ZoneOffsetTransitionRule$TimeDefinition
instanceKlass java/time/DayOfWeek
instanceKlass java/time/Month
instanceKlass aQute/bnd/header/Attrs$Type
instanceKlass org/apache/aries/spifly/ProviderBundleTrackerCustomizer$DiscoveryMode
instanceKlass org/eclipse/osgi/container/ModuleContainerAdaptor$ContainerEvent
instanceKlass org/eclipse/osgi/container/Module$StartOptions
instanceKlass java/lang/StackWalker$Option
instanceKlass org/eclipse/equinox/plurl/impl/PlurlImpl$SetFactories
instanceKlass org/eclipse/osgi/container/ModuleDatabase$Sort
instanceKlass org/eclipse/osgi/container/Module$Settings
instanceKlass org/eclipse/osgi/container/ModuleContainerAdaptor$ModuleEvent
instanceKlass org/eclipse/osgi/storage/ContentProvider$Type
instanceKlass org/eclipse/osgi/container/Module$State
instanceKlass org/osgi/service/log/LogLevel
instanceKlass sun/util/logging/PlatformLogger$Level
instanceKlass jdk/internal/logger/BootstrapLogger$LoggingBackend
instanceKlass java/nio/file/AccessMode
instanceKlass java/util/stream/MatchOps$MatchKind
instanceKlass java/util/Locale$Category
instanceKlass java/nio/file/attribute/PosixFilePermission
instanceKlass jdk/internal/icu/util/CodePointTrie$ValueWidth
instanceKlass jdk/internal/icu/util/CodePointTrie$Type
instanceKlass java/text/Normalizer$Form
instanceKlass java/time/temporal/ChronoUnit
instanceKlass java/time/temporal/ChronoField
instanceKlass sun/security/util/DisabledAlgorithmConstraints$Constraint$Operator
instanceKlass java/lang/System$Logger$Level
instanceKlass java/lang/invoke/MethodHandles$Lookup$ClassOption
instanceKlass java/lang/classfile/ClassFile$StackMapsOption
instanceKlass java/lang/classfile/attribute/StackMapFrameInfo$SimpleVerificationTypeInfo
instanceKlass sun/security/rsa/RSAUtil$KeyType
instanceKlass sun/security/util/KnownOIDs
instanceKlass java/security/Security$SecPropLoader$LoadingMode
instanceKlass lombok/patcher/StackRequest
instanceKlass java/util/regex/Pattern$Qtype
instanceKlass java/lang/invoke/MethodHandleImpl$ArrayAccess
instanceKlass jdk/internal/util/OperatingSystem
instanceKlass java/util/concurrent/TimeUnit
instanceKlass java/nio/file/LinkOption
instanceKlass sun/nio/fs/WindowsPathType
instanceKlass java/nio/file/StandardOpenOption
instanceKlass jdk/internal/vm/Continuation$Pinned
instanceKlass java/util/stream/Collector$Characteristics
instanceKlass java/util/stream/StreamShape
instanceKlass java/lang/classfile/Opcode$Kind
instanceKlass java/lang/classfile/Opcode
instanceKlass java/lang/invoke/VarHandle$AccessType
instanceKlass java/lang/invoke/VarHandle$AccessMode
instanceKlass java/lang/invoke/MethodHandleImpl$Intrinsic
instanceKlass java/lang/classfile/AttributeMapper$AttributeStability
instanceKlass jdk/internal/classfile/impl/AbstractPoolEntry$Utf8EntryImpl$State
instanceKlass java/lang/classfile/TypeKind
instanceKlass java/lang/invoke/LambdaForm$BasicType
instanceKlass java/lang/invoke/LambdaForm$Kind
instanceKlass java/lang/constant/DirectMethodHandleDesc$Kind
instanceKlass sun/invoke/util/Wrapper
instanceKlass java/util/stream/StreamOpFlag$Type
instanceKlass java/util/stream/StreamOpFlag
instanceKlass java/lang/reflect/AccessFlag$Location
instanceKlass java/lang/reflect/AccessFlag
instanceKlass java/lang/module/ModuleDescriptor$Modifier
instanceKlass java/io/File$PathStatus
instanceKlass jdk/internal/module/ModuleBootstrap$IllegalNativeAccess
instanceKlass java/lang/reflect/ClassFileFormatVersion
instanceKlass java/lang/Thread$State
instanceKlass java/lang/module/ModuleDescriptor$Requires$Modifier
ciInstanceKlass java/lang/Enum 1 1 204 9 7 12 1 1 1 9 12 1 1 10 7 12 1 1 1 9 12 1 10 7 12 1 1 1 100 1 10 10 12 1 1 10 12 1 100 1 10 10 7 12 1 1 10 12 1 1 18 12 1 1 10 100 12 1 1 1 10 12 1 1 11 7 12 1 1 1 100 1 8 1 10 12 1 100 1 100 1 10 8 1 10 12 1 1 10 12 1 1 8 1 10 12 1 10 100 1 8 1 10 10 12 1 1 10 100 12 1 1 1 100 1 100 1 100 1 1 1 1 1 1 1 1 1 1 1 1 1 1 1 1 1 1 1 1 1 1 1 1 1 1 1 1 1 1 1 1 1 1 1 1 1 1 1 1 1 1 1 1 1 1 1 3 1 1 1 1 100 1 100 1 1 100 1 1 1 1 1 1 1 1 1 1 1 16 15 10 12 16 15 10 100 12 1 1 1 1 1 100 1 100 1 1
ciInstanceKlass java/lang/invoke/LambdaForm 1 1 1030 7 1 100 1 10 7 12 1 1 1 9 12 1 1 9 12 1 9 12 1 9 12 1 1 9 12 1 1 9 12 1 1 9 12 1 1 9 12 1 1 9 12 1 10 7 12 1 1 9 12 1 10 12 1 1 100 1 10 10 12 1 1 10 12 1 10 12 1 10 12 1 1 10 12 1 9 12 1 9 12 1 10 12 1 1 9 7 12 1 1 1 9 7 12 1 1 9 12 1 1 10 12 1 9 12 1 10 100 12 1 1 1 10 12 1 1 100 1 10 12 1 1 9 7 12 1 1 1 10 100 12 1 1 1 10 12 1 10 12 1 1 7 1 10 12 1 10 12 1 10 12 1 1 10 12 1 1 10 12 1 10 12 1 10 12 1 10 12 1 10 12 1 1 8 1 10 12 1 10 12 1 10 10 12 1 8 1 8 1 9 12 1 9 12 1 1 10 12 1 1 9 12 1 1 10 7 12 1 1 1 10 12 1 1 10 12 1 10 12 1 1 10 12 1 7 1 10 12 1 10 100 12 1 1 1 9 12 1 10 12 1 8 1 8 1 8 1 8 1 8 1 8 1 8 1 8 1 10 12 1 9 12 1 7 1 10 12 1 1 9 12 1 1 10 12 1 1 10 12 1 1 10 12 10 12 1 10 12 1 1 10 12 1 1 10 12 1 1 10 10 12 1 1 10 12 1 1 7 1 8 1 10 12 1 1 10 12 1 10 12 1 1 10 8 1 10 12 1 1 8 1 8 1 8 1 10 12 1 10 12 1 10 12 1 1 10 100 12 1 1 1 10 7 12 1 1 1 10 12 1 1 9 12 1 1 8 1 10 100 12 1 1 1 10 7 12 1 1 10 12 1 10 12 1 1 10 12 1 1 9 12 1 8 10 12 1 1 100 1 10 12 1 1 10 12 1 9 7 12 1 1 9 100 12 1 1 1 8 1 10 100 12 1 1 10 12 1 1 100 1 100 1 10 10 12 1 1 10 12 1 1 8 1 8 1 100 1 8 1 10 12 10 12 1 10 12 1 10 12 1 10 12 1 1 9 100 12 1 1 10 12 1 8 1 8 1 10 12 1 10 12 1 1 8 1 8 1 8 1 100 1 8 1 100 1 8 1 100 1 8 1 10 12 1 8 1 9 10 100 12 1 1 1 10 12 1 9 12 1 1 10 12 1 10 10 12 1 10 12 1 10 12 1 10 12 1 1 10 12 1 10 12 1 1 10 12 1 1 10 12 1 1 10 12 1 1 8 1 100 10 12 1 10 12 1 9 12 1 1 10 7 12 1 1 8 1 8 1 100 1 8 1 8 1 8 1 8 1 8 1 8 1 8 1 8 1 10 12 1 1 10 12 1 1 10 12 1 10 12 1 10 12 1 10 12 1 8 1 8 1 8 1 10 12 1 8 1 10 12 1 8 1 8 1 8 1 8 1 8 1 10 12 1 10 12 1 10 12 1 1 10 7 12 1 1 1 10 12 1 10 12 1 10 12 1 10 12 1 10 12 1 9 12 1 1 8 1 10 12 1 1 9 12 1 9 12 1 1 10 12 1 1 9 12 1 1 9 12 1 10 12 1 1 9 12 1 1 7 1 10 7 12 1 1 1 9 7 12 1 1 1 10 7 12 1 1 1 10 12 1 1 10 12 1 1 10 12 1 9 12 1 10 12 1 9 12 1 10 12 1 10 12 1 8 1 10 12 1 9 12 1 1 7 1 10 7 12 1 1 1 100 1 10 12 1 9 12 1 10 12 1 10 12 1 10 12 1 1 10 12 1 9 7 12 1 1 10 12 1 1 10 12 1 10 12 1 9 12 1 9 9 12 1 7 9 12 1 1 10 12 1 1 9 12 1 10 12 1 10 7 1 9 1 1 1 1 3 1 3 1 1 3 1 3 1 1 1 1 1 1 1 1 1 1 1 1 1 1 1 1 1 1 1 1 1 1 1 1 1 1 1 1 1 1 1 1 1 1 1 1 1 1 1 1 1 1 1 1 1 100 1 1 1 1 1 1 1 1 1 1 1 1 1 1 1 1 1 1 1 1 1 1 1 1 1 1 1 1 1 1 1 1 1 1 1 1 1 1 1 1 1 1 1 1 1 1 1 1 1 1 1 1 1 1 1 1 1 1 1 1 1 1 1 1 1 1 1 100 1 1 1 1 1 1 1 1 1 1 1 1 1 1 1 1 1 1 1 1 1 1 1 1 1 1 1 1 1 1 1 1 1 1 1 1 100 1 1 1 1 1 1 1 1 1 1 1 1 1 1 100 1 1 1 100 1 1 100 1 1 1 1 1 1 1 1 1 1 1 1
staticfield java/lang/invoke/LambdaForm DEFAULT_CUSTOMIZED Ljava/lang/invoke/MethodHandle; 
staticfield java/lang/invoke/LambdaForm DEFAULT_KIND Ljava/lang/invoke/LambdaForm$Kind; java/lang/invoke/LambdaForm$Kind
staticfield java/lang/invoke/LambdaForm COMPILE_THRESHOLD I 0
staticfield java/lang/invoke/LambdaForm INTERNED_ARGUMENTS [[Ljava/lang/invoke/LambdaForm$Name; 5 [[Ljava/lang/invoke/LambdaForm$Name;
staticfield java/lang/invoke/LambdaForm IMPL_NAMES Ljava/lang/invoke/MemberName$Factory; java/lang/invoke/MemberName$Factory
staticfield java/lang/invoke/LambdaForm LF_identity [Ljava/lang/invoke/LambdaForm; 6 [Ljava/lang/invoke/LambdaForm;
staticfield java/lang/invoke/LambdaForm NF_identity [Ljava/lang/invoke/LambdaForm$NamedFunction; 6 [Ljava/lang/invoke/LambdaForm$NamedFunction;
staticfield java/lang/invoke/LambdaForm LF_constant [Ljava/lang/invoke/LambdaForm; 5 [Ljava/lang/invoke/LambdaForm;
staticfield java/lang/invoke/LambdaForm createIdentityFormLock Ljava/lang/Object; java/lang/Object
staticfield java/lang/invoke/LambdaForm DEBUG_NAME_COUNTERS Ljava/util/HashMap; 
staticfield java/lang/invoke/LambdaForm DEBUG_NAMES Ljava/util/HashMap; 
staticfield java/lang/invoke/LambdaForm TRACE_INTERPRETER Z 0
staticfield java/lang/invoke/LambdaForm $assertionsDisabled Z 1
instanceKlass jdk/internal/reflect/DirectMethodHandleAccessor
ciInstanceKlass jdk/internal/reflect/MethodAccessorImpl 1 1 38 10 7 12 1 1 1 10 100 12 1 1 1 100 1 1 1 1 1 1 1 100 1 100 1 1 1 1 1 1 1 1 1 1 1 1 1 1
ciInstanceKlass jdk/internal/reflect/MethodAccessor 1 0 17 100 1 100 1 1 1 1 100 1 100 1 1 1 1 1 1
ciInstanceKlass jdk/internal/reflect/CallerSensitive 1 0 17 100 1 100 1 100 1 1 1 1 1 1 1 1 1 1 1
ciInstanceKlass jdk/internal/reflect/DirectConstructorHandleAccessor$NativeAccessor 1 1 44 10 7 12 1 1 1 9 7 12 1 1 1 10 12 1 1 1 1 1 1 1 1 1 1 1 1 1 1 1 1 1 100 1 100 1 1 1 1 1 100 1 1 1
ciInstanceKlass jdk/internal/reflect/ConstructorAccessor 1 0 16 100 1 100 1 1 1 1 100 1 100 1 100 1 1 1
instanceKlass jdk/internal/reflect/DirectConstructorHandleAccessor
instanceKlass jdk/internal/reflect/DirectConstructorHandleAccessor$NativeAccessor
ciInstanceKlass jdk/internal/reflect/ConstructorAccessorImpl 1 1 27 10 7 12 1 1 1 100 1 100 1 1 1 1 1 1 1 1 1 100 1 100 1 100 1 1 1
ciInstanceKlass jdk/internal/reflect/ConstantPool 1 1 142 10 100 12 1 1 1 9 7 12 1 1 1 10 12 1 1 10 12 1 1 10 12 1 10 12 1 1 10 12 1 1 10 12 1 10 12 1 1 10 12 1 10 12 1 1 10 12 1 10 12 1 10 12 1 10 12 1 1 10 12 1 1 10 12 1 1 10 12 1 1 10 12 1 10 12 1 1 10 100 12 1 1 1 8 11 7 12 1 1 1 10 7 12 1 1 1 1 1 1 1 1 1 1 1 1 1 1 1 1 1 1 1 1 1 1 1 1 1 1 1 1 1 1 1 1 1 1 1 1 1 1 1 1 1 1 1 1 1 1 1 1
instanceKlass java/lang/invoke/VolatileCallSite
instanceKlass java/lang/invoke/MutableCallSite
instanceKlass java/lang/invoke/ConstantCallSite
ciInstanceKlass java/lang/invoke/CallSite 1 1 297 10 7 12 1 1 1 10 7 12 1 1 1 9 12 1 1 10 7 12 1 1 1 10 12 1 100 1 10 12 1 1 10 12 1 1 9 100 12 1 1 1 10 100 12 1 1 10 12 1 1 100 1 100 1 10 10 100 12 1 1 1 10 12 1 1 8 1 10 12 1 10 12 1 1 10 12 1 10 12 1 1 10 12 1 1 10 10 100 12 1 1 10 12 1 1 9 12 1 9 100 12 1 1 1 8 1 10 7 12 1 1 1 10 12 1 1 100 1 10 12 1 1 9 12 1 8 1 100 1 10 12 1 10 12 1 100 1 8 1 10 10 12 1 10 12 1 1 100 1 10 12 1 1 10 12 1 10 12 1 10 12 1 1 10 12 1 1 9 12 1 1 8 10 12 1 1 9 12 1 1 100 1 10 10 12 1 10 100 12 1 1 1 10 12 1 1 10 12 1 1 10 12 1 10 7 12 1 1 1 100 1 8 1 10 10 12 10 12 1 1 100 1 100 1 100 1 8 1 10 12 1 10 7 12 1 1 1 1 1 1 1 1 1 1 1 1 1 1 1 1 1 1 1 1 1 1 1 1 1 1 1 1 1 1 1 1 1 1 1 1 1 1 1 1 1 1 1 1 1 1 1 1 1 1 1 1 1 1 1 1 100 1 100 1 1 1
staticfield java/lang/invoke/CallSite $assertionsDisabled Z 1
ciInstanceKlass java/lang/invoke/ConstantCallSite 1 1 65 10 7 12 1 1 1 9 7 12 1 1 1 9 12 1 1 10 7 12 1 1 1 10 12 1 100 1 10 12 9 12 1 1 100 1 10 10 12 1 1 10 12 1 1 1 1 1 1 1 1 1 1 1 1 1 100 1 1 1 1 1 1 1 1
staticfield java/lang/invoke/ConstantCallSite UNSAFE Ljdk/internal/misc/Unsafe; jdk/internal/misc/Unsafe
instanceKlass java/lang/invoke/DirectMethodHandle$StaticAccessor
instanceKlass java/lang/invoke/DirectMethodHandle$Special
instanceKlass java/lang/invoke/DirectMethodHandle$Interface
instanceKlass java/lang/invoke/DirectMethodHandle$Constructor
instanceKlass java/lang/invoke/DirectMethodHandle$Accessor
ciInstanceKlass java/lang/invoke/DirectMethodHandle 1 1 929 7 1 100 1 7 1 7 1 10 7 12 1 1 1 10 7 12 1 1 1 100 1 10 12 1 10 12 1 1 10 7 12 1 1 10 12 1 1 10 12 1 10 12 1 7 1 10 12 1 1 10 12 1 1 10 12 1 10 12 1 1 10 7 12 1 1 1 10 12 1 9 7 12 1 1 1 100 1 10 9 12 1 1 9 12 1 10 12 1 10 12 1 10 12 1 1 10 12 1 10 12 1 10 12 1 10 7 12 1 1 1 10 12 1 10 12 1 1 8 1 10 12 1 1 7 1 10 12 1 7 1 10 10 12 1 10 12 1 10 12 1 10 7 12 1 1 1 10 12 1 1 7 1 10 12 1 10 12 1 7 1 10 12 1 10 12 1 1 10 12 1 1 10 12 8 10 7 12 1 1 1 10 12 1 10 12 1 10 12 1 1 10 12 1 9 7 12 1 1 1 7 1 10 12 1 10 7 12 1 1 1 10 12 1 10 12 1 1 9 12 1 1 7 1 10 8 1 10 12 1 1 10 12 1 1 8 1 10 12 1 10 12 1 10 10 12 1 10 12 1 10 12 1 10 12 1 10 12 1 1 10 12 1 10 12 1 10 12 1 1 10 10 7 12 1 1 1 10 12 1 10 12 1 1 10 12 1 10 12 1 1 8 1 9 7 12 1 1 1 8 1 9 12 1 9 12 1 8 1 9 12 1 9 12 1 8 1 9 12 1 9 12 1 8 1 10 12 1 10 12 1 1 10 7 12 1 1 1 10 12 1 10 12 1 1 9 12 1 1 7 1 10 12 1 1 100 1 10 7 12 1 1 1 10 12 1 1 10 12 1 1 7 1 10 12 1 1 10 12 1 10 12 1 1 7 1 10 12 1 1 10 12 1 10 12 1 10 12 1 1 10 12 1 9 12 1 1 10 7 1 9 12 1 10 12 1 7 1 7 1 7 1 10 7 12 1 1 1 9 12 1 1 10 7 12 1 1 1 10 7 12 1 1 10 12 10 12 1 7 1 10 12 1 10 12 1 1 8 1 9 12 1 9 12 1 10 12 1 1 9 12 1 1 10 7 12 1 1 1 9 12 1 1 9 12 1 1 10 12 1 10 12 1 10 12 1 10 12 1 1 10 12 1 9 12 1 9 12 1 10 12 1 10 12 1 10 12 1 10 12 1 1 10 12 1 1 9 12 1 1 10 12 1 1 9 7 12 1 1 1 9 12 1 9 12 1 9 12 1 9 12 1 9 12 1 9 12 1 9 12 1 9 12 1 9 12 1 9 12 1 9 12 1 9 12 1 9 12 1 9 12 1 9 12 1 9 12 1 9 12 1 9 12 1 9 12 1 9 12 1 9 12 1 9 12 1 9 12 1 9 12 1 100 1 10 12 1 8 1 8 1 8 1 8 1 8 1 8 1 8 1 8 1 8 1 10 12 1 10 12 1 8 1 8 1 8 1 9 12 1 1 9 12 1 1 10 12 1 10 12 1 1 10 12 1 1 9 7 1 10 12 1 10 12 10 12 1 10 12 1 10 12 1 10 8 1 8 1 8 1 8 1 10 12 1 1 9 12 1 1 10 12 1 10 100 12 1 1 1 8 9 12 1 1 10 12 1 1 8 1 8 8 9 12 1 8 1 8 8 8 8 8 1 8 10 12 1 7 1 10 12 1 8 1 8 1 10 12 1 10 12 1 10 12 1 9 12 1 10 12 1 1 7 1 1 1 1 3 1 3 1 3 1 3 1 3 1 3 1 3 1 3 1 1 1 1 1 1 1 1 1 1 3 1 3 1 3 1 1 3 1 3 1 1 1 1 1 1 1 1 1 1 1 1 1 1 1 1 1 1 1 1 1 1 1 1 1 1 1 1 1 1 1 1 1 1 1 1 1 1 1 1 1 1 1 1 1 1 1 1 1 1 1 1 1 1 1 1 1 1 1 1 1 1 100 1 1 1 1 1 1 1 1 1 100 1 1 1 1 1 1 1 1 1 1 1 1 1 1 1 1 1 1 1 1 1 1 1 1 1 1 1 1 1 1 1 1 1 1 1 1 1 1 1 1 1 1 1 1 1 1 1 1 1 1 1 1 1
staticfield java/lang/invoke/DirectMethodHandle IMPL_NAMES Ljava/lang/invoke/MemberName$Factory; java/lang/invoke/MemberName$Factory
staticfield java/lang/invoke/DirectMethodHandle FT_UNCHECKED_REF I 8
staticfield java/lang/invoke/DirectMethodHandle FT_CHECKED_REF I 9
staticfield java/lang/invoke/DirectMethodHandle ACCESSOR_FORMS [Ljava/lang/invoke/LambdaForm; 120 [Ljava/lang/invoke/LambdaForm;
staticfield java/lang/invoke/DirectMethodHandle ALL_WRAPPERS [Lsun/invoke/util/Wrapper; 10 [Lsun/invoke/util/Wrapper;
staticfield java/lang/invoke/DirectMethodHandle NFS [Ljava/lang/invoke/LambdaForm$NamedFunction; 12 [Ljava/lang/invoke/LambdaForm$NamedFunction;
staticfield java/lang/invoke/DirectMethodHandle OBJ_OBJ_TYPE Ljava/lang/invoke/MethodType; java/lang/invoke/MethodType
staticfield java/lang/invoke/DirectMethodHandle LONG_OBJ_TYPE Ljava/lang/invoke/MethodType; java/lang/invoke/MethodType
staticfield java/lang/invoke/DirectMethodHandle $assertionsDisabled Z 1
ciInstanceKlass java/lang/invoke/MutableCallSite 0 0 61 10 100 12 1 1 1 10 12 1 9 100 12 1 1 1 10 12 1 10 12 1 1 9 100 12 1 1 1 10 100 12 1 1 1 10 100 12 1 1 1 1 1 1 1 1 1 1 1 1 1 1 1 1 1 1 1 1 100 1 1
ciInstanceKlass java/lang/invoke/VolatileCallSite 0 0 37 10 100 12 1 1 1 10 12 1 10 100 12 1 1 1 10 12 1 10 12 1 1 1 1 1 1 1 1 1 1 1 1 1 1 1 1
instanceKlass java/lang/invoke/VarHandleLongs$FieldInstanceReadOnly
instanceKlass java/lang/invoke/VarHandleBooleans$FieldInstanceReadOnly
instanceKlass java/lang/invoke/VarHandleReferences$FieldInstanceReadOnly
instanceKlass java/lang/invoke/VarHandleInts$FieldInstanceReadOnly
instanceKlass java/lang/invoke/VarHandleByteArrayAsDoubles$ByteArrayViewVarHandle
instanceKlass java/lang/invoke/VarHandleByteArrayAsFloats$ByteArrayViewVarHandle
instanceKlass java/lang/invoke/VarHandleByteArrayAsChars$ByteArrayViewVarHandle
instanceKlass java/lang/invoke/VarHandleByteArrayAsShorts$ByteArrayViewVarHandle
instanceKlass java/lang/invoke/VarHandleByteArrayAsLongs$ByteArrayViewVarHandle
instanceKlass java/lang/invoke/VarHandleByteArrayAsInts$ByteArrayViewVarHandle
instanceKlass java/lang/invoke/VarHandleReferences$Array
instanceKlass java/lang/invoke/LazyInitializingVarHandle
instanceKlass java/lang/invoke/VarHandleReferences$FieldStaticReadOnly
ciInstanceKlass java/lang/invoke/VarHandle 1 1 474 10 7 12 1 1 1 10 7 12 1 1 9 12 1 1 9 12 1 1 10 12 1 1 8 1 10 12 1 1 10 7 12 1 1 1 10 12 1 1 10 100 12 1 1 1 9 100 12 1 1 1 10 12 1 1 10 7 12 1 1 1 10 12 1 1 9 12 1 10 12 1 9 12 1 1 10 7 12 1 1 10 12 1 9 7 12 1 1 1 9 12 1 1 10 12 1 1 100 1 100 1 10 8 1 10 12 1 1 10 12 1 8 1 10 12 1 10 12 1 9 12 1 1 9 12 1 10 12 1 10 12 1 1 10 12 1 10 10 100 12 1 1 1 10 12 1 1 10 12 1 1 10 100 12 1 1 1 10 100 12 1 1 1 10 100 12 1 1 1 9 12 1 1 9 10 12 1 10 12 1 1 10 12 1 1 10 12 1 10 100 12 1 1 1 9 12 1 1 10 12 1 1 9 12 1 10 12 1 10 12 1 10 100 12 1 1 100 1 10 9 7 12 1 1 1 9 12 1 1 10 7 12 1 1 1 10 12 1 10 12 1 10 12 1 10 12 1 10 12 1 10 12 1 1 8 10 12 1 1 7 1 10 12 1 1 100 1 1 1 1 1 1 1 1 1 1 1 1 1 1 1 1 1 1 1 1 1 1 1 1 1 1 1 1 1 1 1 1 1 1 1 1 1 1 1 1 1 1 1 1 1 1 1 1 1 1 1 1 1 1 1 1 1 1 1 1 1 1 1 1 1 100 1 1 1 1 1 1 1 1 100 1 1 1 1 1 1 1 1 1 1 1 1 100 1 100 1 1 100 1 100 1 100 1 100 1 100 1 100 1 100 1 100 1 100 1 100 1 100 1 100 1 100 1 100 1 100 1 100 1 100 1 100 1 100 1 100 1 100 1 100 1 100 1 100 1 100 1 100 1 100 1 100 1 100 1 100 1 100 1 100 1 100 1 100 1 100 1 100 1 1 1 1 1 1 100 1 1 1 100 1 1 100 1 100 1 100 1 100 1 100 1 100 1 1 1 1 100 1 100 1 100 1 100 1 100 1 100 1 100 1 100 1
staticfield java/lang/invoke/VarHandle VFORM_OFFSET J 16
staticfield java/lang/invoke/VarHandle $assertionsDisabled Z 1
ciInstanceKlass java/lang/invoke/MemberName 1 1 730 7 1 7 1 100 1 9 12 1 1 10 7 12 1 1 1 9 12 1 1 10 12 1 1 10 12 1 1 10 12 1 1 10 12 1 10 12 1 1 10 7 12 1 1 1 10 12 1 9 7 12 1 1 10 12 1 100 1 100 1 10 12 1 8 1 10 12 1 1 10 12 1 10 12 1 1 10 12 1 9 12 1 1 8 1 10 100 12 1 1 1 7 1 10 10 12 1 1 100 1 100 1 10 12 1 9 12 1 1 100 1 8 1 10 12 1 10 12 1 10 12 1 10 12 1 10 12 1 1 10 12 1 10 12 1 10 12 1 1 8 1 8 1 10 12 1 8 1 9 12 1 1 3 10 12 1 10 12 1 10 12 1 10 10 7 12 1 1 1 10 12 1 10 12 1 10 12 1 10 12 1 7 1 8 10 12 1 1 10 12 1 1 8 1 9 100 1 8 9 100 1 10 12 1 1 10 12 1 10 12 1 8 1 10 12 1 1 10 12 1 10 12 1 10 12 1 10 12 1 1 100 1 10 12 1 1 10 12 1 8 1 10 12 1 10 12 1 8 1 10 12 1 1 10 12 1 1 7 1 10 12 1 1 10 12 8 1 8 1 100 1 10 12 1 10 100 12 1 1 1 100 1 10 12 10 12 1 10 12 1 10 12 1 10 12 1 10 10 12 1 10 12 1 10 12 1 3 10 12 1 3 10 12 1 3 3 3 3 3 3 10 12 1 3 9 12 1 10 12 1 1 3 10 12 1 10 10 7 12 1 1 1 10 12 1 1 10 7 12 1 1 10 10 12 1 10 12 1 1 10 12 1 10 10 12 1 1 10 12 1 10 12 1 10 12 1 100 1 10 10 10 12 100 1 10 10 10 12 1 1 10 12 1 1 10 10 12 1 8 10 7 1 10 12 1 10 7 1 10 12 1 10 12 1 10 12 1 10 10 12 1 10 12 1 1 10 12 1 1 10 12 1 10 12 1 10 12 1 100 1 10 12 1 1 100 1 8 1 10 7 1 10 12 1 10 12 10 12 1 1 10 12 1 10 12 1 8 1 8 1 8 1 8 1 10 12 1 10 12 1 10 7 12 1 1 1 8 1 8 1 10 12 1 8 1 10 10 10 12 1 10 12 1 8 1 8 1 10 10 12 1 8 1 10 100 12 1 1 1 8 1 100 1 10 12 1 10 12 1 1 10 12 1 8 1 8 1 8 1 8 1 100 1 10 8 1 8 1 8 1 8 1 10 12 1 100 1 100 1 100 1 10 100 1 10 100 1 10 100 12 1 1 1 9 7 12 1 1 1 100 1 100 1 1 1 1 1 1 1 3 1 3 1 3 1 3 1 3 1 3 1 1 1 1 1 1 1 1 3 1 3 1 1 1 1 1 1 1 1 1 1 1 1 1 1 1 1 1 1 1 1 1 1 1 1 100 1 1 1 1 1 1 1 1 1 1 1 1 1 1 1 1 1 1 1 1 1 1 1 1 1 1 1 1 1 1 1 1 1 1 1 1 1 1 1 1 1 1 1 1 1 1 1 1 1 1 1 1 1 1 1 1 1 1 1 1 1 1 1 1 1 1 1 1 1 1 1 1 1 1 1 1 100 1 1 1 1 1 1 1 1 1 1 1 1 1 1 1 1
staticfield java/lang/invoke/MemberName $assertionsDisabled Z 1
ciInstanceKlass java/lang/invoke/ResolvedMethodName 1 1 25 10 100 12 1 1 1 9 7 12 1 1 1 1 1 1 1 1 1 1 1 1 1 1 1
ciInstanceKlass java/lang/invoke/MethodHandleNatives 1 1 689 100 1 10 7 12 1 1 1 9 7 12 1 1 1 10 12 1 1 100 1 10 10 12 1 1 10 12 1 10 12 1 8 1 8 1 8 1 8 1 8 1 8 1 8 1 8 1 8 1 8 1 10 12 1 1 7 1 10 7 12 1 1 1 10 100 12 1 1 1 7 1 10 10 12 1 1 8 1 10 12 1 8 1 10 12 1 1 8 1 10 12 1 1 9 100 12 1 1 1 8 1 10 100 12 1 1 1 100 1 10 12 100 1 100 1 8 1 7 1 10 10 12 1 7 1 9 7 12 1 1 10 12 1 1 10 12 1 10 7 12 1 1 1 10 12 1 1 9 12 1 8 1 10 12 1 1 10 12 1 8 1 10 12 1 1 7 1 10 12 1 10 7 12 1 1 1 10 12 1 10 12 1 1 10 12 1 1 8 1 10 12 1 1 8 1 10 12 1 8 1 8 1 8 1 100 1 10 12 1 8 1 10 100 12 1 1 1 10 12 1 1 10 100 12 1 1 10 10 12 1 1 10 12 1 10 100 12 1 1 1 100 1 8 1 10 100 12 1 1 1 7 1 8 1 10 12 1 8 1 8 1 8 1 8 1 8 1 10 12 1 1 10 12 1 1 10 12 1 10 12 1 1 10 12 1 1 7 1 10 12 1 100 1 100 1 10 12 1 10 12 1 8 1 8 1 10 10 12 1 1 10 12 1 1 8 1 10 100 12 1 1 8 1 8 1 10 12 1 1 10 7 12 1 1 1 100 1 10 12 1 1 7 1 9 12 1 1 10 7 12 1 1 1 10 10 12 1 9 12 1 10 12 1 9 12 1 9 12 1 10 12 1 1 10 12 1 10 12 1 1 7 1 7 1 10 12 1 1 10 12 1 10 12 1 1 10 7 12 1 1 1 10 12 1 8 1 10 12 1 10 12 1 10 12 1 1 10 12 1 10 7 12 1 1 1 10 12 1 1 100 1 8 1 10 9 7 12 1 1 1 10 12 1 1 10 12 1 1 100 1 10 12 1 1 10 12 1 1 100 1 100 1 10 10 100 1 100 1 10 100 1 10 10 12 1 1 10 100 1 10 12 1 10 12 1 1 10 12 1 1 10 12 1 1 10 12 1 10 12 1 1 10 8 1 10 12 1 10 12 1 10 12 1 10 12 1 10 12 1 1 10 12 1 10 12 1 10 12 1 10 10 7 12 1 1 10 12 1 1 1 1 1 1 1 1 1 1 1 1 1 100 1 1 1 1 1 1 1 1 1 1 1 1 1 1 1 1 1 1 1 1 1 1 1 1 1 1 1 1 1 1 1 1 1 1 1 1 1 1 1 1 1 1 1 1 1 1 1 1 1 1 1 1 1 1 1 1 1 1 1 1 1 1 1 100 1 1 1 1 1 1 1 1 1 1 1 1 1 1 1 1 1 1 1 1 1 1 1 1 1 1 1 1 1 1 1 1 1 1 1 100 1 1 1 1 1 1 1 1 1 1 1 1 1 1 1 1 1 1 1 1 1 1 1 1 1 1 1 1 1 1 1 1 1 1 100 1 1
staticfield java/lang/invoke/MethodHandleNatives $assertionsDisabled Z 1
ciInstanceKlass jdk/internal/foreign/abi/NativeEntryPoint 0 0 223 10 100 12 1 1 1 9 100 12 1 1 1 9 12 1 1 100 1 8 1 10 12 1 10 12 1 1 100 1 10 100 12 1 1 1 10 12 1 9 12 1 1 18 12 1 1 10 100 12 1 1 1 9 100 12 1 1 1 8 1 10 12 1 1 8 1 8 1 8 1 8 1 10 100 12 1 1 1 100 1 10 10 12 1 1 8 1 10 12 1 8 1 10 12 1 10 12 1 1 10 12 1 1 100 1 8 1 10 12 1 10 12 1 1 100 1 8 1 10 10 12 1 9 12 1 1 18 12 1 1 10 100 12 1 1 1 10 12 1 1 10 12 1 10 100 12 1 1 1 10 1 1 1 1 1 1 1 1 1 1 1 1 1 1 1 1 1 1 1 1 1 1 1 1 1 1 1 1 1 1 1 1 1 1 1 1 1 1 1 1 1 1 1 1 16 1 15 10 12 16 1 16 15 10 12 15 10 100 12 1 1 1 1 1 100 1 1 100 1 100 1 1
ciInstanceKlass jdk/internal/foreign/abi/ABIDescriptor 0 0 55 10 100 12 1 1 1 9 100 12 1 1 1 9 12 1 1 9 12 1 9 12 1 9 12 1 1 9 12 1 9 12 1 1 9 12 1 9 12 1 9 12 1 9 12 1 1 1 1 1 1 1 1 1 1
ciInstanceKlass jdk/internal/foreign/abi/VMStorage 0 0 111 10 100 12 1 1 1 9 100 12 1 1 1 9 12 1 1 9 12 1 1 9 12 1 1 100 1 10 8 1 10 12 1 1 10 12 1 10 12 1 1 10 12 1 100 1 10 100 12 1 1 1 10 100 12 1 1 10 100 12 1 1 10 100 12 1 1 1 18 12 1 1 1 1 1 1 1 1 1 1 1 1 1 1 1 1 1 1 1 1 1 1 8 1 15 15 15 15 15 10 100 12 1 1 1 1 100 1 100 1 1
ciInstanceKlass jdk/internal/foreign/abi/UpcallLinker$CallRegs 0 0 66 10 100 12 1 1 1 9 100 12 1 1 1 9 12 1 18 12 1 1 18 12 1 1 18 12 1 1 1 1 1 1 1 1 1 1 1 1 1 1 1 1 1 1 100 1 1 1 8 1 15 15 15 10 100 12 1 1 1 1 1 100 1 100 1 1
instanceKlass java/lang/StackFrameInfo
ciInstanceKlass java/lang/ClassFrameInfo 1 1 126 10 7 12 1 1 1 9 7 12 1 1 1 7 1 3 9 12 1 1 9 12 1 1 7 1 9 12 1 1 3 11 100 12 1 1 1 11 12 1 10 12 1 1 10 12 1 1 10 12 1 100 1 10 10 12 1 1 8 1 8 1 10 12 100 1 10 10 12 1 1 8 1 10 12 1 8 1 10 12 8 1 10 12 1 10 7 12 1 1 1 100 1 1 1 1 1 1 1 1 1 1 1 1 1 1 1 1 1 1 1 1 1 1 1 1 1 1 1 100 1 1 1 1 1 1
staticfield java/lang/ClassFrameInfo JLIA Ljdk/internal/access/JavaLangInvokeAccess; java/lang/invoke/MethodHandleImpl$1
ciInstanceKlass java/lang/StackWalker$StackFrame 1 1 41 100 1 10 12 1 1 100 1 100 1 1 1 1 1 1 1 1 1 1 1 1 1 1 1 1 1 1 1 1 1 1 1 1 1 1 1 100 1 1 1
ciInstanceKlass java/lang/StackWalker 1 1 236 9 7 12 1 1 1 10 7 12 1 1 1 7 1 10 7 12 1 1 1 10 12 1 1 11 7 12 1 1 1 10 12 1 1 10 12 1 1 100 1 8 1 10 12 1 10 12 1 10 12 1 10 7 12 1 1 9 12 1 1 9 12 1 1 9 12 1 1 9 12 1 1 10 12 1 1 9 12 1 1 9 12 1 1 9 12 1 1 9 12 1 1 10 12 1 1 10 7 12 1 1 1 10 7 12 1 1 1 18 12 1 1 100 1 8 1 10 8 1 10 12 1 1 10 100 12 1 1 1 10 12 1 1 10 12 1 11 12 1 1 9 7 12 1 1 11 100 12 1 1 1 10 12 1 1 1 1 1 1 1 1 1 1 1 1 1 1 1 1 1 1 1 1 1 1 1 1 1 1 1 1 1 1 1 1 1 1 1 1 1 1 1 1 1 1 1 1 1 1 1 1 1 1 1 1 1 1 1 100 1 1 16 15 10 12 16 1 15 10 100 12 1 1 1 1 1 1 1 1 1 100 1 100 1 1
staticfield java/lang/StackWalker DEFAULT_EMPTY_OPTION Ljava/util/EnumSet; java/util/RegularEnumSet
staticfield java/lang/StackWalker DEFAULT_WALKER Ljava/lang/StackWalker; java/lang/StackWalker
instanceKlass java/lang/LiveStackFrameInfo
ciInstanceKlass java/lang/StackFrameInfo 1 1 150 10 7 12 1 1 1 9 7 12 1 1 1 9 12 1 1 11 7 12 1 1 1 10 12 1 1 10 7 12 1 1 1 9 12 1 1 10 12 1 1 9 12 1 1 100 1 10 12 10 12 1 9 12 1 100 1 100 1 10 12 1 1 11 12 1 1 10 12 1 10 12 1 10 12 1 1 9 12 1 1 10 12 1 1 10 100 12 1 1 10 12 1 1 9 12 1 10 100 12 1 1 1 9 12 1 1 10 100 1 10 12 1 9 12 1 1 10 12 1 1 10 12 1 1 1 1 1 1 1 1 1 1 1 1 1 1 1 1 100 1 100 1 1 1 1 1 1 1 1
staticfield java/lang/StackFrameInfo $assertionsDisabled Z 1
ciInstanceKlass java/lang/LiveStackFrameInfo 0 0 97 10 100 12 1 1 1 9 100 12 1 1 1 9 12 1 9 12 1 9 12 1 9 12 1 1 100 1 10 12 1 1 10 12 1 8 1 10 12 1 1 8 1 8 1 8 1 10 100 1 10 12 1 100 1 10 12 1 100 1 100 1 1 1 3 1 3 1 1 1 1 1 1 1 1 1 1 1 1 1 1 1 1 1 1 1 1 1 1 1 1 1 1 1 100 1 1
ciInstanceKlass java/lang/LiveStackFrame 0 0 112 100 1 10 100 12 1 1 1 11 100 12 1 1 1 11 12 1 9 100 12 1 1 1 10 100 12 1 1 1 10 100 12 1 1 1 11 12 1 10 12 1 100 1 100 1 1 1 1 1 1 1 1 1 1 1 1 1 1 1 1 1 1 1 1 1 1 1 1 1 100 1 1 1 1 1 1 1 100 1 8 1 1 12 10 1 1 1 8 1 1 1 8 1 1 1 8 1 1 1 8 1 1 8 1 1 1 8 1 1 8 1
instanceKlass java/lang/StackStreamFactory$StackFrameTraverser
ciInstanceKlass java/lang/StackStreamFactory$AbstractStackWalker 1 1 364 7 1 100 1 3 10 7 12 1 1 1 10 7 12 1 1 10 7 12 1 1 1 9 12 1 1 9 12 1 1 9 12 1 1 9 12 1 9 12 1 10 7 12 1 1 1 10 12 1 1 10 100 12 1 1 9 12 1 1 9 12 1 1 10 12 1 1 9 12 1 1 10 7 12 1 1 1 10 12 1 1 9 12 1 1 9 100 12 1 1 1 100 1 10 8 1 10 12 1 1 10 12 1 8 1 10 12 1 1 10 100 12 1 1 1 100 1 8 1 10 12 1 8 1 10 12 10 7 12 1 1 9 12 1 1 8 1 5 0 8 1 8 1 9 12 1 1 10 12 1 1 18 12 1 1 10 100 12 1 1 1 10 12 1 1 10 12 1 10 12 1 9 7 12 1 1 1 10 12 1 1 9 12 1 10 12 1 10 12 1 10 12 1 10 12 1 10 12 1 10 12 1 1 8 1 10 12 1 10 12 1 10 12 1 10 12 1 1 8 1 10 12 1 1 10 12 1 1 10 12 1 1 10 12 1 10 12 1 10 12 1 9 12 1 8 1 10 12 1 8 1 10 12 1 10 12 1 1 10 12 1 10 12 1 10 12 1 1 10 12 1 10 12 1 10 12 1 10 12 1 10 12 1 10 12 1 1 10 12 1 10 12 1 10 12 1 10 12 1 8 1 1 1 1 1 1 1 1 1 1 1 1 1 100 1 1 1 1 1 1 100 1 1 1 1 100 1 1 1 1 1 1 1 1 1 1 1 1 1 1 1 1 1 1 16 15 15 10 100 12 1 1 1 1 1 1 1 1 100 1 100 1 1
ciInstanceKlass jdk/internal/module/Modules 1 1 481 10 100 12 1 1 1 9 7 12 1 1 1 11 7 12 1 1 1 11 12 1 1 11 12 1 1 11 12 1 1 11 12 1 11 12 1 11 12 1 11 12 1 11 12 1 11 12 1 1 10 100 12 1 1 1 10 12 1 1 10 100 12 1 1 10 100 12 1 1 1 10 100 12 1 1 10 12 1 1 11 12 1 9 12 1 1 11 7 12 1 1 1 10 12 1 1 10 10 12 1 10 100 1 9 12 1 1 10 100 12 1 1 10 12 1 1 10 100 12 1 1 1 100 1 11 100 12 1 1 1 10 100 12 1 1 1 11 100 12 1 1 10 12 1 1 10 100 12 1 1 10 100 12 1 1 1 10 12 1 1 10 12 1 1 11 12 1 1 18 12 1 1 11 100 12 1 1 10 100 12 1 1 1 11 100 12 1 1 1 100 1 11 12 1 1 11 100 12 1 1 1 11 12 1 1 10 12 1 1 10 100 12 1 1 18 12 1 1 11 12 1 1 18 12 1 1 11 12 1 1 10 12 1 18 18 10 12 1 1 9 12 1 1 11 100 12 1 1 1 100 1 10 11 12 1 11 12 1 1 10 100 1 10 12 1 1 10 100 12 1 1 10 12 1 1 11 12 10 12 1 1 100 1 10 18 12 1 10 12 1 1 100 1 8 1 10 12 1 10 100 12 1 1 18 12 1 11 11 12 10 12 1 10 10 100 1 18 12 1 10 10 10 7 12 1 1 10 7 12 1 1 1 10 12 1 1 1 1 1 1 1 1 1 1 1 1 1 1 1 1 1 1 1 1 1 1 1 1 1 1 1 1 1 1 1 1 1 1 1 1 1 1 1 1 1 1 1 1 1 1 1 1 1 1 1 1 1 1 1 1 1 1 1 1 1 1 1 1 100 1 1 1 1 1 1 1 1 1 1 1 1 1 1 1 1 1 1 1 1 1 1 1 16 15 10 12 1 16 1 16 1 15 10 12 1 16 1 16 1 15 10 12 16 1 15 10 16 1 15 10 12 16 1 16 15 10 12 16 15 10 12 16 15 10 12 15 10 100 12 1 1 1 1 1 1 100 1 100 1 1
staticfield jdk/internal/module/Modules JLA Ljdk/internal/access/JavaLangAccess; java/lang/System$1
staticfield jdk/internal/module/Modules JLMA Ljdk/internal/access/JavaLangModuleAccess; java/lang/module/ModuleDescriptor$1
staticfield jdk/internal/module/Modules $assertionsDisabled Z 1
ciInstanceKlass jdk/internal/loader/ClassLoaders 1 1 185 10 100 12 1 1 1 10 7 12 1 1 1 10 12 1 1 10 100 12 1 1 1 9 7 12 1 1 1 9 12 1 1 9 12 1 1 7 1 11 100 12 1 1 1 100 1 11 12 1 1 11 12 1 1 10 100 12 1 1 1 10 100 12 1 1 1 100 1 100 1 10 7 12 1 1 1 9 12 1 1 8 1 10 7 12 1 1 1 10 12 1 1 7 1 10 12 1 10 12 1 1 7 1 10 12 1 1 10 12 1 1 10 12 1 7 1 10 12 10 12 1 8 1 10 7 12 1 1 8 1 8 1 10 12 1 7 1 10 10 12 1 10 12 1 1 1 1 1 1 1 1 1 1 1 1 1 1 1 1 1 1 1 1 100 1 1 1 1 1 1 1 1 1 1 1 1 1 1 1 1 1 1 1 1
staticfield jdk/internal/loader/ClassLoaders JLA Ljdk/internal/access/JavaLangAccess; java/lang/System$1
staticfield jdk/internal/loader/ClassLoaders BOOT_LOADER Ljdk/internal/loader/ClassLoaders$BootClassLoader; jdk/internal/loader/ClassLoaders$BootClassLoader
staticfield jdk/internal/loader/ClassLoaders PLATFORM_LOADER Ljdk/internal/loader/ClassLoaders$PlatformClassLoader; jdk/internal/loader/ClassLoaders$PlatformClassLoader
staticfield jdk/internal/loader/ClassLoaders APP_LOADER Ljdk/internal/loader/ClassLoaders$AppClassLoader; jdk/internal/loader/ClassLoaders$AppClassLoader
instanceKlass org/jsoup/select/Elements
instanceKlass org/jsoup/helper/ChangeNotifyingArrayList
instanceKlass org/jsoup/parser/ParseErrorList
instanceKlass org/eclipse/sisu/bean/BeanScheduler$Pending
instanceKlass org/apache/maven/artifact/versioning/ComparableVersion$ListItem
ciInstanceKlass java/util/ArrayList 1 1 514 10 7 12 1 1 1 7 1 9 7 12 1 1 1 9 12 1 100 1 100 1 10 8 1 10 12 1 1 10 12 1 10 12 1 1 10 12 1 9 12 1 11 7 12 1 1 1 9 12 1 1 11 12 1 1 7 10 7 12 1 1 1 9 12 1 10 12 1 10 12 1 1 10 7 12 1 1 1 10 7 12 1 1 1 10 12 1 1 10 12 1 1 10 12 1 1 10 12 1 10 12 1 1 100 1 100 1 10 12 1 10 10 7 12 1 1 1 10 7 12 1 1 10 12 1 100 1 10 10 12 10 12 1 1 10 12 1 1 10 12 1 10 12 10 12 1 1 7 1 10 12 1 1 10 12 1 1 10 12 1 100 1 10 11 12 1 1 11 7 12 1 1 1 11 12 1 10 12 1 10 12 1 10 12 1 1 100 1 10 12 1 1 10 10 12 1 1 10 12 1 8 1 8 1 8 1 8 1 10 12 1 1 10 12 1 1 11 12 1 100 1 10 100 12 1 1 10 12 1 10 12 1 1 10 100 12 1 1 10 12 1 10 100 12 1 1 1 11 100 12 1 1 1 10 12 1 100 1 8 1 10 7 1 10 12 1 7 1 10 12 1 10 12 1 1 7 1 10 12 1 10 12 1 1 11 7 12 1 1 7 1 10 12 1 10 12 1 1 11 7 12 1 1 10 12 1 1 10 12 1 1 10 12 1 1 10 12 1 1 11 100 12 1 1 10 12 1 1 10 12 1 1 100 1 100 1 100 1 1 1 1 5 0 1 3 1 1 1 1 1 1 1 1 1 1 1 1 1 1 1 1 1 1 1 1 1 1 1 1 1 1 1 1 1 1 1 1 1 1 1 1 1 1 1 1 1 1 1 1 1 1 1 1 1 1 1 1 1 1 1 1 1 1 1 1 1 1 1 1 1 1 1 1 1 1 1 1 1 1 1 1 1 1 1 1 1 1 1 1 1 1 1 1 1 1 1 1 1 1 1 1 1 1 1 1 1 1 1 1 100 1 1 1 1 100 1 1 1 1 1 1 1 1 1 1 1 1 1 1 1 1 1 1 1 1 1 1 1 1 1 1 1 1 1 100 1 1 1 1 1 1 1 1 1 1 1 1 1 1 1 1 1 1 1 100 1 100 1 1 1 1 1 1
staticfield java/util/ArrayList EMPTY_ELEMENTDATA [Ljava/lang/Object; 0 [Ljava/lang/Object;
staticfield java/util/ArrayList DEFAULTCAPACITY_EMPTY_ELEMENTDATA [Ljava/lang/Object; 0 [Ljava/lang/Object;
ciInstanceKlass java/util/List 1 1 251 10 100 12 1 1 1 11 100 12 1 1 1 11 100 12 1 1 1 11 12 1 1 11 100 12 1 1 11 12 1 1 11 12 1 1 10 100 12 1 1 1 7 1 7 1 10 12 1 1 100 1 10 7 12 1 1 1 11 12 1 1 11 12 1 11 12 1 100 1 10 12 1 11 12 1 1 11 12 1 1 11 12 1 10 100 12 1 1 1 9 7 12 1 1 1 7 1 10 12 10 12 1 7 1 10 12 1 1 10 12 1 10 12 1 1 11 12 1 1 100 1 1 1 1 1 1 1 1 1 1 1 1 1 1 1 1 1 1 1 1 1 1 1 1 1 1 1 1 1 1 1 1 1 1 1 1 1 1 1 1 1 1 1 1 100 1 100 1 1 1 1 1 1 1 1 1 1 1 1 1 1 1 1 1 1 1 1 1 1 1 1 1 1 1 1 1 1 1 1 1 1 1 1 1 1 1 1 1 1 1 1 1 1 1 1 1 1 1 1 1 1 1 1 1 1 1 1 1 1 1 1 1 1 1 1 1 1 1 1 1 1 1 1 100 1 1 100 1 1 1
ciInstanceKlass java/util/SequencedCollection 1 1 104 100 1 10 12 1 1 11 100 12 1 1 1 11 100 12 1 1 1 11 12 1 1 11 12 1 100 1 100 1 1 1 1 1 1 1 1 1 1 1 1 1 1 1 1 1 1 1 1 1 1 1 1 1 1 1 1 1 100 1 8 1 12 10 1 1 8 1 1 1 8 1 1 8 1 1 1 8 1 1 8 1 1 1 8 1 1 8 1 8 1 1 8 1 1 1 8 1 1 8 1 1 8 1
ciInstanceKlass java/lang/Iterable 1 1 62 10 7 12 1 1 1 11 7 12 1 1 1 11 7 12 1 1 1 11 12 1 1 11 7 12 1 1 1 10 100 12 1 1 1 100 1 1 1 1 1 1 1 1 1 1 1 1 1 1 1 1 1 1 1 1 1 1 1 1 1 1
ciInstanceKlass java/util/RandomAccess 1 0 7 100 1 100 1 1 1
instanceKlass java/util/Hashtable$ValueCollection
instanceKlass org/eclipse/sisu/inject/MildElements
instanceKlass org/eclipse/sisu/inject/MildValues$1
instanceKlass com/google/common/collect/AbstractMapBasedMultimap$WrappedCollection
instanceKlass com/google/common/collect/Maps$Values
instanceKlass com/google/common/collect/AbstractMultimap$Values
instanceKlass com/google/common/collect/ImmutableCollection
instanceKlass org/apache/felix/resolver/util/ArrayMap$1
instanceKlass org/apache/felix/resolver/util/OpenHashMap$AbstractObjectCollection
instanceKlass com/sun/jna/Structure$StructureSet
instanceKlass java/util/AbstractMap$2
instanceKlass java/util/TreeMap$Values
instanceKlass java/util/IdentityHashMap$Values
instanceKlass org/eclipse/osgi/internal/container/NamespaceList$Builder
instanceKlass java/util/AbstractQueue
instanceKlass java/util/LinkedHashMap$LinkedValues
instanceKlass java/util/HashMap$Values
instanceKlass java/util/ArrayDeque
instanceKlass java/util/AbstractSet
instanceKlass java/util/ImmutableCollections$AbstractImmutableCollection
instanceKlass java/util/AbstractList
ciInstanceKlass java/util/AbstractCollection 1 1 160 10 7 12 1 1 1 10 7 12 1 1 1 10 12 1 1 11 7 12 1 1 1 11 12 1 1 10 12 1 1 10 100 12 1 1 1 10 12 1 1 10 12 1 1 10 7 12 1 1 10 7 12 1 1 1 7 1 10 100 12 1 1 1 10 100 12 1 1 1 100 1 10 11 12 1 11 7 1 10 12 1 10 12 1 10 100 12 1 1 1 11 8 1 7 1 10 10 12 1 1 8 1 10 12 1 10 12 1 1 1 1 1 1 1 1 1 1 1 1 1 1 1 1 1 1 1 1 1 1 1 1 1 1 1 1 1 1 1 1 1 1 1 1 1 1 1 1 1 1 1 1 1 1 1 1 1 1 1 1
instanceKlass java/util/AbstractList$SubList
instanceKlass org/eclipse/jdt/core/dom/ASTNode$NodeList
instanceKlass com/google/common/collect/Lists$TransformingRandomAccessList
instanceKlass org/eclipse/osgi/internal/container/InternalUtils$CopyOnFirstWriteList
instanceKlass org/eclipse/osgi/internal/weaving/DynamicImportList
instanceKlass java/util/AbstractSequentialList
instanceKlass java/util/Collections$CopiesList
instanceKlass java/util/Collections$SingletonList
instanceKlass java/util/Vector
instanceKlass sun/security/jca/ProviderList$2
instanceKlass java/util/Arrays$ArrayList
instanceKlass java/util/ArrayList$SubList
instanceKlass java/util/Collections$EmptyList
instanceKlass java/util/ArrayList
ciInstanceKlass java/util/AbstractList 1 1 218 10 7 12 1 1 1 9 7 12 1 1 1 10 12 1 1 10 12 1 1 100 1 10 10 12 1 1 11 7 12 1 1 1 11 12 1 1 11 12 1 10 7 12 1 1 1 10 12 1 11 12 1 11 12 1 11 12 1 10 12 1 1 10 12 1 1 11 100 12 1 1 1 11 7 1 11 7 1 10 12 1 7 1 10 12 1 10 12 1 1 7 1 7 1 10 12 1 7 1 10 100 1 100 1 10 8 1 10 12 1 1 10 12 1 10 12 1 1 10 12 1 8 1 100 1 8 1 8 1 8 1 10 7 1 11 10 10 12 1 11 12 1 10 12 1 1 8 1 8 1 1 1 1 1 1 1 1 1 1 1 1 1 1 1 1 1 1 1 1 1 1 1 1 1 1 1 1 1 1 1 1 1 1 1 1 1 1 1 1 1 1 1 1 1 1 1 1 1 1 1 1 1 1 1 1 1 1 100 1 100 1 1 1 1 1 1 1
ciInstanceKlass java/lang/annotation/Annotation 1 0 17 100 1 100 1 1 1 1 1 1 1 1 1 1 1 1 1
ciMethod java/lang/Math unsignedMultiplyHigh (JJ)J 742 0 8239 0 -1
ciMethod java/lang/Math max (II)I 172 0 264772 0 -1
ciInstanceKlass java/lang/AssertionError 0 0 79 10 100 12 1 1 1 10 12 1 10 100 12 1 1 1 10 100 1 100 1 10 12 1 1 10 12 1 10 12 1 10 12 1 10 12 1 10 12 1 10 12 1 10 12 1 1 1 1 5 0 1 1 1 1 1 1 1 1 1 1 100 1 1 1 1 1 1 1 1 1 1 1 1 1 1 1 1 1
ciInstanceKlass sun/security/util/math/intpoly/IntegerPolynomial25519 1 1 112 7 1 9 12 1 1 10 7 12 1 1 1 5 0 10 7 12 1 1 1 10 12 1 1 5 0 10 12 1 1 5 0 5 0 10 12 1 1 10 12 1 10 12 1 1 10 12 1 9 12 1 1 1 1 1 3 1 3 1 3 1 1 1 3 1 1 1 1 1 1 1 1 1 1 1 1 1 1 1 1 1 1 1 1 1 1 1 1 1 1 1 1 1 1 1 1 1 1 1 1 1 1 1 1 1 1 1 1 1 1 1
staticfield sun/security/util/math/intpoly/IntegerPolynomial25519 MODULUS Ljava/math/BigInteger; java/math/BigInteger
staticfield sun/security/util/math/intpoly/IntegerPolynomial25519 ONE Lsun/security/util/math/intpoly/IntegerPolynomial25519; sun/security/util/math/intpoly/IntegerPolynomial25519
ciInstanceKlass sun/security/util/math/intpoly/IntegerPolynomial$ImmutableElement 1 1 51 10 7 12 1 1 1 10 7 12 1 1 1 10 12 1 10 12 1 10 7 12 1 1 1 100 1 1 1 1 1 1 1 1 1 1 1 1 1 1 1 1 1 1 1 1 7 1 1 1 1
ciInstanceKlass sun/security/util/math/intpoly/IntegerPolynomial$Limb 1 1 28 10 7 12 1 1 1 9 7 12 1 1 1 100 1 1 1 1 1 1 1 1 1 1 100 1 1 1
ciInstanceKlass sun/security/util/math/intpoly/IntegerPolynomial$MutableElement 1 1 195 10 7 12 1 1 1 9 7 12 1 1 1 10 7 12 1 1 1 7 1 9 12 1 1 10 7 12 1 1 9 12 1 1 10 9 12 1 1 11 100 12 1 1 1 100 1 10 12 1 9 10 7 12 1 1 1 9 11 100 1 10 12 1 10 7 12 1 1 1 10 12 1 1 10 12 1 9 12 1 10 12 1 1 10 12 1 1 7 1 9 12 1 10 12 1 1 9 12 1 10 7 12 1 1 1 10 12 1 1 10 12 1 1 10 12 1 1 10 12 1 1 10 12 1 10 12 1 10 12 1 10 12 1 10 12 1 1 10 12 1 10 12 10 7 12 1 1 1 1 1 1 1 1 1 1 1 1 1 1 1 1 1 1 1 1 1 1 1 1 1 1 1 1 1 1 1 1 1 1 1 1 1 1 1 1 1 1 1 1 1 1 1 1 1
staticfield sun/security/util/math/intpoly/IntegerPolynomial$MutableElement $assertionsDisabled Z 1
ciInstanceKlass sun/security/ec/ECOperations 1 1 429 10 7 12 1 1 1 10 7 12 1 1 1 7 1 10 7 12 1 1 1 5 0 10 7 12 1 1 1 10 12 1 1 10 12 1 10 12 1 1 10 12 1 1 9 7 12 1 1 1 11 7 12 1 1 1 7 1 9 12 1 10 12 1 10 12 1 11 12 1 1 10 12 1 1 10 12 1 1 10 7 12 1 1 11 7 12 1 1 1 9 12 1 1 9 12 1 1 11 12 1 11 12 1 1 9 12 1 1 9 12 1 9 12 1 9 12 1 7 1 11 12 1 11 12 1 10 12 1 9 12 1 1 11 7 1 100 1 10 12 1 1 11 12 1 10 12 1 1 11 12 1 1 10 12 1 1 100 1 100 1 10 8 1 10 12 1 1 10 12 1 8 1 10 12 1 1 10 12 1 11 12 1 11 12 1 100 1 10 10 7 1 9 7 12 1 1 1 10 7 1 9 12 1 1 7 1 10 12 1 11 7 12 1 1 1 10 12 1 1 10 12 1 1 10 7 12 1 1 11 7 12 1 1 1 11 12 1 1 10 12 1 10 11 12 1 11 12 1 11 12 1 11 12 1 11 7 1 11 12 1 10 12 1 10 12 1 10 12 11 12 1 10 100 12 1 1 10 12 1 10 12 1 10 12 1 1 10 100 12 1 1 10 12 1 1 9 7 12 1 1 1 9 7 12 1 1 1 9 7 1 9 12 1 9 7 1 9 12 1 11 12 1 9 7 1 9 12 1 9 7 1 9 12 1 9 7 1 9 12 1 1 1 1 1 1 1 1 1 1 1 1 1 1 1 1 1 1 1 1 1 1 1 1 1 1 1 1 1 1 1 1 1 1 1 1 1 1 1 1 1 1 1 1 1 1 1 100 1 1 1 1 1 1 1 1 1 1 1 1 1 1 1 1 1 1 1 1 1 1 1 1 1 1 1 1 1 1 1 1 1 1 1 1 1 1 1 1 1
staticfield sun/security/ec/ECOperations fields Ljava/util/Map; java/util/ImmutableCollections$MapN
staticfield sun/security/ec/ECOperations orderFields Ljava/util/Map; java/util/ImmutableCollections$MapN
ciInstanceKlass sun/security/util/math/intpoly/MontgomeryIntegerPolynomialP256 1 1 290 7 1 9 12 1 1 10 7 12 1 1 1 9 7 12 1 1 1 5 0 10 7 12 1 1 1 10 12 1 1 10 12 1 10 12 1 1 10 12 1 7 1 9 12 1 1 10 12 1 9 12 1 10 12 1 1 9 12 1 10 12 1 1 10 12 1 1 9 12 1 1 11 100 12 1 1 1 9 12 1 100 1 10 12 1 10 12 1 1 10 12 1 1 9 12 1 10 12 1 1 10 7 12 1 1 1 5 0 5 0 5 0 5 0 10 7 12 1 1 1 5 0 9 12 1 10 12 1 1 10 12 1 1 10 12 1 10 12 1 1 10 12 1 10 7 12 1 1 1 10 12 1 1 10 5 0 5 0 5 0 5 0 5 0 5 0 5 0 5 0 5 0 5 0 5 0 5 0 100 1 1 1 1 3 1 3 1 3 1 1 1 1 1 1 1 1 1 1 1 1 1 1 1 1 1 1 1 1 1 1 1 1 1 1 1 1 1 1 1 1 1 1 1 1 1 1 1 1 1 1 1 1 1 1 1 1 1 1 1 1 1 1 1 1 1 1 1 1 1 1 1 1 1 1 1 1 1 1 1 1 1 1 1 1 1 1 1 1 1 1 1 1 1 1 1 1 1 1 1 1 1 1 1 1 1 1 1 1 1
staticfield sun/security/util/math/intpoly/MontgomeryIntegerPolynomialP256 MODULUS Ljava/math/BigInteger; java/math/BigInteger
staticfield sun/security/util/math/intpoly/MontgomeryIntegerPolynomialP256 ONE Lsun/security/util/math/intpoly/MontgomeryIntegerPolynomialP256; sun/security/util/math/intpoly/MontgomeryIntegerPolynomialP256
staticfield sun/security/util/math/intpoly/MontgomeryIntegerPolynomialP256 h [J 5
staticfield sun/security/util/math/intpoly/MontgomeryIntegerPolynomialP256 oneActual [J 5
staticfield sun/security/util/math/intpoly/MontgomeryIntegerPolynomialP256 oneMont [J 5
staticfield sun/security/util/math/intpoly/MontgomeryIntegerPolynomialP256 zero [J 5
staticfield sun/security/util/math/intpoly/MontgomeryIntegerPolynomialP256 modulus [J 5
staticfield sun/security/util/math/intpoly/MontgomeryIntegerPolynomialP256 $assertionsDisabled Z 1
ciInstanceKlass sun/security/ec/point/ProjectivePoint$Mutable 1 1 132 10 7 12 1 1 1 11 7 12 1 1 1 11 7 12 1 1 1 100 1 8 1 10 12 1 10 7 12 1 1 1 9 12 1 1 7 1 9 11 12 1 9 12 1 9 9 12 1 9 10 7 12 1 1 1 11 12 1 1 10 12 1 11 12 1 1 11 12 1 10 12 1 10 12 1 10 12 1 1 10 12 1 10 12 1 10 12 1 100 1 1 1 1 1 1 1 1 1 1 1 1 1 1 1 1 1 1 1 1 1 1 1 1 1 1 1 1 1 1 1 1 1 1 1 1 1 1 1 100 1 1
ciMethod sun/security/util/math/MutableIntegerModuloP setValue (Lsun/security/util/math/IntegerModuloP;)Lsun/security/util/math/MutableIntegerModuloP; 0 0 1 0 -1
ciMethod sun/security/util/math/MutableIntegerModuloP setSquare ()Lsun/security/util/math/MutableIntegerModuloP; 0 0 1 0 -1
ciMethod sun/security/util/math/MutableIntegerModuloP setSum (Lsun/security/util/math/IntegerModuloP;)Lsun/security/util/math/MutableIntegerModuloP; 0 0 1 0 -1
ciMethod sun/security/util/math/MutableIntegerModuloP setDifference (Lsun/security/util/math/IntegerModuloP;)Lsun/security/util/math/MutableIntegerModuloP; 0 0 1 0 -1
ciMethod sun/security/util/math/MutableIntegerModuloP setProduct (Lsun/security/util/math/IntegerModuloP;)Lsun/security/util/math/MutableIntegerModuloP; 0 0 1 0 -1
ciMethod sun/security/util/math/MutableIntegerModuloP setProduct (Lsun/security/util/math/SmallValue;)Lsun/security/util/math/MutableIntegerModuloP; 0 0 1 0 -1
ciInstanceKlass sun/security/util/math/MutableIntegerModuloP 1 0 67 100 1 100 1 100 1 1 1 1 1 1 1 1 1 1 1 1 1 1 1 1 1 1 1 100 1 8 1 1 12 10 1 1 1 8 1 1 1 8 1 1 1 8 1 1 8 1 1 8 1 1 1 8 1 1 1 8 1 1 8 1 1 1 8 1 1
ciMethod sun/security/util/math/intpoly/IntegerPolynomial$MutableElement setValue (Lsun/security/util/math/IntegerModuloP;)Lsun/security/util/math/intpoly/IntegerPolynomial$MutableElement; 540 0 28236 0 304
ciMethod sun/security/util/math/intpoly/IntegerPolynomial$MutableElement setProduct (Lsun/security/util/math/IntegerModuloP;)Lsun/security/util/math/intpoly/IntegerPolynomial$MutableElement; 950 0 30263 0 536
ciMethod sun/security/util/math/intpoly/IntegerPolynomial$MutableElement setProduct (Lsun/security/util/math/SmallValue;)Lsun/security/util/math/intpoly/IntegerPolynomial$MutableElement; 518 0 27114 0 808
ciMethod sun/security/util/math/intpoly/IntegerPolynomial$MutableElement setSum (Lsun/security/util/math/IntegerModuloP;)Lsun/security/util/math/intpoly/IntegerPolynomial$MutableElement; 470 4700 9875 0 528
ciMethod sun/security/util/math/intpoly/IntegerPolynomial$MutableElement setDifference (Lsun/security/util/math/IntegerModuloP;)Lsun/security/util/math/intpoly/IntegerPolynomial$MutableElement; 616 6160 7459 0 520
ciMethod sun/security/util/math/intpoly/IntegerPolynomial$MutableElement setSquare ()Lsun/security/util/math/intpoly/IntegerPolynomial$MutableElement; 980 0 11747 0 304
ciMethod sun/security/util/math/intpoly/IntegerPolynomial$MutableElement setProduct (Lsun/security/util/math/SmallValue;)Lsun/security/util/math/MutableIntegerModuloP; 518 0 45035 0 0
ciMethod sun/security/util/math/intpoly/IntegerPolynomial$MutableElement setProduct (Lsun/security/util/math/IntegerModuloP;)Lsun/security/util/math/MutableIntegerModuloP; 928 0 82087 0 536
ciMethod sun/security/util/math/intpoly/IntegerPolynomial$MutableElement setDifference (Lsun/security/util/math/IntegerModuloP;)Lsun/security/util/math/MutableIntegerModuloP; 816 0 55371 0 520
ciMethod sun/security/util/math/intpoly/IntegerPolynomial$MutableElement setSum (Lsun/security/util/math/IntegerModuloP;)Lsun/security/util/math/MutableIntegerModuloP; 928 0 46822 0 528
ciMethod sun/security/util/math/intpoly/IntegerPolynomial$MutableElement setSquare ()Lsun/security/util/math/MutableIntegerModuloP; 968 0 19273 0 304
ciMethod sun/security/util/math/intpoly/IntegerPolynomial$MutableElement setValue (Lsun/security/util/math/IntegerModuloP;)Lsun/security/util/math/MutableIntegerModuloP; 528 0 68925 0 304
ciMethodData sun/security/util/math/intpoly/IntegerPolynomial$MutableElement setValue (Lsun/security/util/math/IntegerModuloP;)Lsun/security/util/math/MutableIntegerModuloP; 2 68857 orig 80 0 0 0 0 0 0 0 0 0 0 0 0 0 0 0 0 0 0 0 0 0 0 0 0 0 0 0 0 0 0 0 0 0 0 0 0 0 0 0 0 0 0 0 0 0 0 0 0 0 0 0 0 0 0 0 0 0 0 0 0 0 0 0 0 0 0 0 0 0 0 0 0 0 0 0 0 0 0 0 0 data 16 0x20005 0x0 0x21aac9e5640 0x10cf8 0x0 0x0 0x0 0x0 0x0 0x0 0x0 0x0 0x9 0x2 0x0 0x0 oops 1 2 sun/security/util/math/intpoly/IntegerPolynomial$MutableElement methods 0
ciMethodData sun/security/util/math/intpoly/IntegerPolynomial$MutableElement setValue (Lsun/security/util/math/IntegerModuloP;)Lsun/security/util/math/intpoly/IntegerPolynomial$MutableElement; 2 27966 orig 80 0 0 0 0 0 0 0 0 0 0 0 0 0 0 0 0 0 0 0 0 0 0 0 0 0 0 0 0 0 0 0 0 0 0 0 0 0 0 0 0 0 0 0 0 0 0 0 0 0 0 0 0 0 0 0 0 0 0 0 0 0 0 0 0 0 0 0 0 0 0 0 0 0 0 0 0 0 0 0 0 data 34 0x30007 0x6d3e 0x80 0x0 0xb0005 0x0 0x0 0x0 0x0 0x0 0x100007 0x0 0x30 0x0 0x170002 0x0 0x1c0004 0x0 0x21aac9e5640 0x6d11 0x21aab254e08 0x2d 0x2f0002 0x6d3e 0x0 0x0 0x0 0x0 0x0 0x0 0x9 0x2 0x0 0x0 oops 2 18 sun/security/util/math/intpoly/IntegerPolynomial$MutableElement 20 sun/security/util/math/intpoly/IntegerPolynomial$ImmutableElement methods 0
ciMethodData sun/security/util/math/intpoly/IntegerPolynomial$MutableElement setSum (Lsun/security/util/math/IntegerModuloP;)Lsun/security/util/math/intpoly/IntegerPolynomial$MutableElement; 2 9640 orig 80 0 0 0 0 0 0 0 0 0 0 0 0 0 0 0 0 0 0 0 0 0 0 0 0 0 0 0 0 0 0 0 0 0 0 0 0 0 0 0 0 0 0 0 0 0 0 0 0 0 0 0 0 0 0 0 0 0 0 0 0 0 0 0 0 0 0 0 0 0 0 0 0 0 0 0 0 0 0 0 0 data 67 0x30007 0x25a8 0x80 0x0 0xb0005 0x0 0x0 0x0 0x0 0x0 0x100007 0x0 0x30 0x0 0x170002 0x0 0x1c0004 0x0 0x21aac9e5640 0x259a 0x21aab254e08 0xe 0x2b0007 0x25a8 0x50 0x0 0x360005 0x0 0x0 0x0 0x0 0x0 0x490007 0x25a8 0x50 0x0 0x540005 0x0 0x0 0x0 0x0 0x0 0x640007 0x25a8 0x38 0xcb9d 0x7d0003 0xcb9d 0xffffffffffffffe0 0x890002 0x25a8 0x0 0x0 0x0 0x0 0x0 0x0 0x0 0x0 0x0 0x0 0x0 0x0 0x9 0x2 0x0 0x0 oops 2 18 sun/security/util/math/intpoly/IntegerPolynomial$MutableElement 20 sun/security/util/math/intpoly/IntegerPolynomial$ImmutableElement methods 0
ciMethodData sun/security/util/math/intpoly/IntegerPolynomial$MutableElement setDifference (Lsun/security/util/math/IntegerModuloP;)Lsun/security/util/math/intpoly/IntegerPolynomial$MutableElement; 2 7151 orig 80 0 0 0 0 0 0 0 0 0 0 0 0 0 0 0 0 0 0 0 0 0 0 0 0 0 0 0 0 0 0 0 0 0 0 0 0 0 0 0 0 0 0 0 0 0 0 0 0 0 0 0 0 0 0 0 0 0 0 0 0 0 0 0 0 0 0 0 0 0 0 0 0 0 0 0 0 0 0 0 0 data 67 0x30007 0x1bef 0x80 0x0 0xb0005 0x0 0x0 0x0 0x0 0x0 0x100007 0x0 0x30 0x0 0x170002 0x0 0x1c0004 0x0 0x21aac9e5640 0x1bef 0x0 0x0 0x2b0007 0x1bef 0x50 0x0 0x360005 0x0 0x0 0x0 0x0 0x0 0x490007 0x1bef 0x50 0x0 0x540005 0x0 0x0 0x0 0x0 0x0 0x640007 0x1bef 0x38 0x9993 0x7d0003 0x9993 0xffffffffffffffe0 0x890002 0x1bef 0x0 0x0 0x0 0x0 0x0 0x0 0x0 0x0 0x0 0x0 0x0 0x0 0x9 0x2 0x0 0x0 oops 1 18 sun/security/util/math/intpoly/IntegerPolynomial$MutableElement methods 0
ciMethodData sun/security/util/math/intpoly/IntegerPolynomial$MutableElement setProduct (Lsun/security/util/math/IntegerModuloP;)Lsun/security/util/math/MutableIntegerModuloP; 2 81679 orig 80 0 0 0 0 0 0 0 0 0 0 0 0 0 0 0 0 0 0 0 0 0 0 0 0 0 0 0 0 0 0 0 0 0 0 0 0 0 0 0 0 0 0 0 0 0 0 0 0 0 0 0 0 0 0 0 0 0 0 0 0 0 0 0 0 0 0 0 0 0 0 0 0 0 0 0 0 0 0 0 0 data 16 0x20005 0x0 0x21aac9e5640 0x13f0c 0x0 0x0 0x0 0x0 0x0 0x0 0x0 0x0 0x9 0x2 0x0 0x0 oops 1 2 sun/security/util/math/intpoly/IntegerPolynomial$MutableElement methods 0
ciMethodData sun/security/util/math/intpoly/IntegerPolynomial$MutableElement setProduct (Lsun/security/util/math/IntegerModuloP;)Lsun/security/util/math/intpoly/IntegerPolynomial$MutableElement; 2 29788 orig 80 0 0 0 0 0 0 0 0 0 0 0 0 0 0 0 0 0 0 0 0 0 0 0 0 0 0 0 0 0 0 0 0 0 0 0 0 0 0 0 0 0 0 0 0 0 0 0 0 0 0 0 0 0 0 0 0 0 0 0 0 0 0 0 0 0 0 0 0 0 0 0 0 0 0 0 0 0 0 0 0 data 62 0x30007 0x745c 0x80 0x0 0xb0005 0x0 0x0 0x0 0x0 0x0 0x100007 0x0 0x30 0x0 0x170002 0x0 0x1c0004 0x0 0x21aac9e5640 0x5edb 0x21aab254e08 0x1581 0x2b0007 0x4691 0x50 0x2dcb 0x360005 0x0 0x21ab94e7fa8 0x2dcb 0x0 0x0 0x490007 0x3431 0x50 0x402b 0x540005 0x0 0x21ab94e7fa8 0x402b 0x0 0x0 0x6c0005 0x0 0x21ab94e8030 0x41e 0x21ab94e7fa8 0x703e 0x0 0x0 0x0 0x0 0x0 0x0 0x0 0x0 0x0 0x0 0x9 0x2 0x0 0x0 oops 6 18 sun/security/util/math/intpoly/IntegerPolynomial$MutableElement 20 sun/security/util/math/intpoly/IntegerPolynomial$ImmutableElement 28 sun/security/util/math/intpoly/MontgomeryIntegerPolynomialP256 38 sun/security/util/math/intpoly/MontgomeryIntegerPolynomialP256 44 sun/security/util/math/intpoly/IntegerPolynomial25519 46 sun/security/util/math/intpoly/MontgomeryIntegerPolynomialP256 methods 0
ciMethodData sun/security/util/math/intpoly/IntegerPolynomial$MutableElement setDifference (Lsun/security/util/math/IntegerModuloP;)Lsun/security/util/math/MutableIntegerModuloP; 2 54996 orig 80 0 0 0 0 0 0 0 0 0 0 0 0 0 0 0 0 0 0 0 0 0 0 0 0 0 0 0 0 0 0 0 0 0 0 0 0 0 0 0 0 0 0 0 0 0 0 0 0 0 0 0 0 0 0 0 0 0 0 0 0 0 0 0 0 0 0 0 0 0 0 0 0 0 0 0 0 0 0 0 0 data 16 0x20005 0x0 0x21aac9e5640 0xd6d4 0x0 0x0 0x0 0x0 0x0 0x0 0x0 0x0 0x9 0x2 0x0 0x0 oops 1 2 sun/security/util/math/intpoly/IntegerPolynomial$MutableElement methods 0
ciMethodData sun/security/util/math/intpoly/IntegerPolynomial$MutableElement setSum (Lsun/security/util/math/IntegerModuloP;)Lsun/security/util/math/MutableIntegerModuloP; 2 46387 orig 80 0 0 0 0 0 0 0 0 0 0 0 0 0 0 0 0 0 0 0 0 0 0 0 0 0 0 0 0 0 0 0 0 0 0 0 0 0 0 0 0 0 0 0 0 0 0 0 0 0 0 0 0 0 0 0 0 0 0 0 0 0 0 0 0 0 0 0 0 0 0 0 0 0 0 0 0 0 0 0 0 data 16 0x20005 0x0 0x21aac9e5640 0xb533 0x0 0x0 0x0 0x0 0x0 0x0 0x0 0x0 0x9 0x2 0x0 0x0 oops 1 2 sun/security/util/math/intpoly/IntegerPolynomial$MutableElement methods 0
ciMethodData sun/security/util/math/intpoly/IntegerPolynomial$MutableElement setSquare ()Lsun/security/util/math/MutableIntegerModuloP; 2 18804 orig 80 0 0 0 0 0 0 0 0 0 0 0 0 0 0 0 0 0 0 0 0 0 0 0 0 0 0 0 0 0 0 0 0 0 0 0 0 0 0 0 0 0 0 0 0 0 0 0 0 0 0 0 0 0 0 0 0 0 0 0 0 0 0 0 0 0 0 0 0 0 0 0 0 0 0 0 0 0 0 0 0 data 15 0x10005 0x0 0x21aac9e5640 0x4976 0x0 0x0 0x0 0x0 0x0 0x0 0x0 0x0 0x9 0x1 0x0 oops 1 2 sun/security/util/math/intpoly/IntegerPolynomial$MutableElement methods 0
ciMethodData sun/security/util/math/intpoly/IntegerPolynomial$MutableElement setSquare ()Lsun/security/util/math/intpoly/IntegerPolynomial$MutableElement; 2 11257 orig 80 0 0 0 0 0 0 0 0 0 0 0 0 0 0 0 0 0 0 0 0 0 0 0 0 0 0 0 0 0 0 0 0 0 0 0 0 0 0 0 0 0 0 0 0 0 0 0 0 0 0 0 0 0 0 0 0 0 0 0 0 0 0 0 0 0 0 0 0 0 0 0 0 0 0 0 0 0 0 0 0 data 25 0xb0007 0x1148 0x50 0x1ab1 0x160005 0x0 0x21ab94e7fa8 0x1ab1 0x0 0x0 0x2a0005 0x0 0x21ab94e8030 0x80c 0x21ab94e7fa8 0x23ed 0x0 0x0 0x0 0x0 0x0 0x0 0x9 0x1 0x0 oops 3 6 sun/security/util/math/intpoly/MontgomeryIntegerPolynomialP256 12 sun/security/util/math/intpoly/IntegerPolynomial25519 14 sun/security/util/math/intpoly/MontgomeryIntegerPolynomialP256 methods 0
ciMethodData sun/security/util/math/intpoly/IntegerPolynomial multByInt ([JJ)V 2 10146 orig 80 0 0 0 0 0 0 0 0 0 0 0 0 0 0 0 0 0 0 0 0 0 0 0 0 0 0 0 0 0 0 0 0 0 0 0 0 0 0 0 0 0 0 0 0 0 0 0 0 0 0 0 0 0 0 0 0 0 0 0 0 0 0 0 0 0 0 0 0 0 0 0 0 0 0 0 0 0 0 0 0 data 25 0x70007 0x27a2 0x38 0xc6bb 0x150003 0xc6bb 0xffffffffffffffe0 0x1a0005 0x0 0x21ab94e8030 0x1d 0x21ab94e7fa8 0x2785 0x0 0x0 0x0 0x0 0x0 0x0 0x9 0x4 0x0 0x0 0x0 0x0 oops 2 9 sun/security/util/math/intpoly/IntegerPolynomial25519 11 sun/security/util/math/intpoly/MontgomeryIntegerPolynomialP256 methods 0
ciMethod sun/security/ec/ECOperations setDouble (Lsun/security/ec/point/ProjectivePoint$Mutable;Lsun/security/util/math/MutableIntegerModuloP;Lsun/security/util/math/MutableIntegerModuloP;Lsun/security/util/math/MutableIntegerModuloP;Lsun/security/util/math/MutableIntegerModuloP;Lsun/security/util/math/MutableIntegerModuloP;)V 566 0 5410 0 -1
ciMethod sun/security/util/math/intpoly/MontgomeryIntegerPolynomialP256 square ([J[J)V 582 0 9197 0 104
ciMethod sun/security/util/math/intpoly/MontgomeryIntegerPolynomialP256 mult ([J[J[J)V 558 0 62559 0 -1
ciMethod sun/security/util/math/intpoly/MontgomeryIntegerPolynomialP256 reduce ([J)V 524 0 4890 0 -1
ciInstanceKlass sun/security/ec/point/MutablePoint 1 0 14 100 1 100 1 100 1 1 1 1 1 1 1 1
ciMethodData sun/security/util/math/intpoly/IntegerPolynomial$MutableElement setProduct (Lsun/security/util/math/SmallValue;)Lsun/security/util/math/MutableIntegerModuloP; 2 44806 orig 80 0 0 0 0 0 0 0 0 0 0 0 0 0 0 0 0 0 0 0 0 0 0 0 0 0 0 0 0 0 0 0 0 0 0 0 0 0 0 0 0 0 0 0 0 0 0 0 0 0 0 0 0 0 0 0 0 0 0 0 0 0 0 0 0 0 0 0 0 0 0 0 0 0 0 0 0 0 0 0 0 data 16 0x20005 0x0 0x21aac9e5640 0xaf05 0x0 0x0 0x0 0x0 0x0 0x0 0x0 0x0 0x9 0x2 0x0 0x0 oops 1 2 sun/security/util/math/intpoly/IntegerPolynomial$MutableElement methods 0
ciMethodData sun/security/util/math/intpoly/IntegerPolynomial$MutableElement setProduct (Lsun/security/util/math/SmallValue;)Lsun/security/util/math/intpoly/IntegerPolynomial$MutableElement; 2 26855 orig 80 0 0 0 0 0 0 0 0 0 0 0 0 0 0 0 0 0 0 0 0 0 0 0 0 0 0 0 0 0 0 0 0 0 0 0 0 0 0 0 0 0 0 0 0 0 0 0 0 0 0 0 0 0 0 0 0 0 0 0 0 0 0 0 0 0 0 0 0 0 0 0 0 0 0 0 0 0 0 0 0 data 32 0xb0007 0x43c3 0x50 0x2524 0x160005 0x0 0x21ab94e7fa8 0x2524 0x0 0x0 0x1f0004 0x0 0x21aad3e9298 0x68e7 0x0 0x0 0x300005 0x0 0x21ab94e7fa8 0x67e9 0x21ab94e8030 0xff 0x0 0x0 0x0 0x0 0x0 0x0 0x9 0x2 0x0 0x0 oops 4 6 sun/security/util/math/intpoly/MontgomeryIntegerPolynomialP256 12 sun/security/util/math/intpoly/IntegerPolynomial$Limb 18 sun/security/util/math/intpoly/MontgomeryIntegerPolynomialP256 20 sun/security/util/math/intpoly/IntegerPolynomial25519 methods 0
ciMethodData sun/security/util/math/intpoly/MontgomeryIntegerPolynomialP256 square ([J[J)V 2 8906 orig 80 0 0 0 0 0 0 0 0 0 0 0 0 0 0 0 0 0 0 0 0 0 0 0 0 0 0 0 0 0 0 0 0 0 0 0 0 0 0 0 0 0 0 0 0 0 0 0 0 0 0 0 0 0 0 0 0 0 0 0 0 0 0 0 0 0 0 0 0 0 0 0 0 0 0 0 0 0 0 0 0 data 17 0x40005 0x63 0x21ab94e7fa8 0x2267 0x0 0x0 0x0 0x0 0x0 0x0 0x0 0x0 0x9 0x3 0x0 0x0 0x0 oops 1 2 sun/security/util/math/intpoly/MontgomeryIntegerPolynomialP256 methods 0
ciMethodData sun/security/ec/ECOperations setDouble (Lsun/security/ec/point/ProjectivePoint$Mutable;Lsun/security/util/math/MutableIntegerModuloP;Lsun/security/util/math/MutableIntegerModuloP;Lsun/security/util/math/MutableIntegerModuloP;Lsun/security/util/math/MutableIntegerModuloP;Lsun/security/util/math/MutableIntegerModuloP;)V 2 5133 orig 80 0 0 0 0 0 0 0 0 0 0 0 0 0 0 0 0 0 0 0 0 0 0 0 0 0 0 0 0 0 0 0 0 0 0 0 0 0 0 0 0 0 0 0 0 0 0 0 0 0 0 0 0 0 0 0 0 0 0 0 0 0 0 0 0 0 0 0 0 0 0 0 0 0 0 0 0 0 0 0 0 data 531 0x20005 0x0 0x21aac9e4308 0x140d 0x0 0x0 0x50005 0x0 0x21aac9e5640 0x140d 0x0 0x0 0xa0005 0x0 0x21aac9e5640 0x140d 0x0 0x0 0x120005 0x0 0x21aac9e4308 0x140d 0x0 0x0 0x150005 0x0 0x21aac9e5640 0x140d 0x0 0x0 0x1a0005 0x0 0x21aac9e5640 0x140d 0x0 0x0 0x230005 0x0 0x21aac9e4308 0x140d 0x0 0x0 0x260005 0x0 0x21aac9e5640 0x140d 0x0 0x0 0x2b0005 0x0 0x21aac9e5640 0x140d 0x0 0x0 0x340005 0x0 0x21aac9e4308 0x140d 0x0 0x0 0x370005 0x0 0x21aac9e5640 0x140d 0x0 0x0 0x3d0005 0x0 0x21aac9e4308 0x140d 0x0 0x0 0x400005 0x0 0x21aac9e5640 0x140d 0x0 0x0 0x490005 0x0 0x21aac9e4308 0x140d 0x0 0x0 0x4c0005 0x0 0x21aac9e5640 0x140d 0x0 0x0 0x520005 0x0 0x21aac9e4308 0x140d 0x0 0x0 0x550005 0x0 0x21aac9e5640 0x140d 0x0 0x0 0x5f0005 0x0 0x21aac9e5640 0x140d 0x0 0x0 0x660005 0x0 0x21aac9e4308 0x140d 0x0 0x0 0x690004 0x0 0x21aac9e5640 0x140d 0x0 0x0 0x6d0005 0x0 0x21aac9e4308 0x140d 0x0 0x0 0x700005 0x0 0x21aac9e5640 0x140d 0x0 0x0 0x770005 0x0 0x21aac9e4308 0x140d 0x0 0x0 0x7a0004 0x0 0x21aac9e5640 0x140d 0x0 0x0 0x810005 0x0 0x21aac9e5640 0x140d 0x0 0x0 0x880005 0x0 0x21aac9e4308 0x140d 0x0 0x0 0x8b0004 0x0 0x21aac9e5640 0x140d 0x0 0x0 0x900005 0x0 0x21aac9e5640 0x140d 0x0 0x0 0x990005 0x0 0x21aac9e5640 0x140d 0x0 0x0 0xa00005 0x0 0x21aac9e4308 0x140d 0x0 0x0 0xa30004 0x0 0x21aac9e5640 0x140d 0x0 0x0 0xa70005 0x0 0x21aac9e4308 0x140d 0x0 0x0 0xaa0005 0x0 0x21aac9e5640 0x140d 0x0 0x0 0xb10005 0x0 0x21aac9e4308 0x140d 0x0 0x0 0xb40004 0x0 0x21aac9e5640 0x140d 0x0 0x0 0xbb0005 0x0 0x21aac9e5640 0x140d 0x0 0x0 0xc20005 0x0 0x21aac9e4308 0x140d 0x0 0x0 0xc50004 0x0 0x21aac9e5640 0x140d 0x0 0x0 0xc90005 0x0 0x21aac9e5640 0x140d 0x0 0x0 0xcf0005 0x0 0x21aac9e4308 0x140d 0x0 0x0 0xd20005 0x0 0x21aac9e5640 0x140d 0x0 0x0 0xd90005 0x0 0x21aac9e4308 0x140d 0x0 0x0 0xdc0004 0x0 0x21aac9e5640 0x140d 0x0 0x0 0xe00005 0x0 0x21aac9e5640 0x140d 0x0 0x0 0xe70005 0x0 0x21aac9e4308 0x140d 0x0 0x0 0xea0004 0x0 0x21aac9e5640 0x140d 0x0 0x0 0xee0005 0x0 0x21aac9e4308 0x140d 0x0 0x0 0xf10005 0x0 0x21aac9e5640 0x140d 0x0 0x0 0xf80005 0x0 0x21aac9e4308 0x140d 0x0 0x0 0xfb0004 0x0 0x21aac9e5640 0x140d 0x0 0x0 0x1000005 0x0 0x21aac9e5640 0x140d 0x0 0x0 0x10c0005 0x0 0x21aac9e5640 0x140c 0x0 0x0 0x1130005 0x0 0x21aac9e4308 0x140c 0x0 0x0 0x1160004 0x0 0x21aac9e5640 0x140c 0x0 0x0 0x11d0005 0x0 0x21aac9e5640 0x140c 0x0 0x0 0x1240005 0x0 0x21aac9e4308 0x140c 0x0 0x0 0x1270004 0x0 0x21aac9e5640 0x140c 0x0 0x0 0x12c0005 0x0 0x21aac9e5640 0x140c 0x0 0x0 0x1330005 0x0 0x21aac9e4308 0x140c 0x0 0x0 0x1360004 0x0 0x21aac9e5640 0x140c 0x0 0x0 0x13a0005 0x0 0x21aac9e5640 0x140c 0x0 0x0 0x1410005 0x0 0x21aac9e4308 0x140c 0x0 0x0 0x1440004 0x0 0x21aac9e5640 0x140c 0x0 0x0 0x14b0005 0x0 0x21aac9e5640 0x140c 0x0 0x0 0x1560005 0x0 0x21aac9e5640 0x140c 0x0 0x0 0x15f0005 0x0 0x21aac9e5640 0x140c 0x0 0x0 0x1670005 0x0 0x21aac9e4308 0x140c 0x0 0x0 0x16a0005 0x0 0x21aac9e5640 0x140c 0x0 0x0 0x1710005 0x0 0x21aac9e4308 0x140c 0x0 0x0 0x1740004 0x0 0x21aac9e5640 0x140c 0x0 0x0 0x1780005 0x0 0x21aac9e5640 0x140c 0x0 0x0 0x1820005 0x0 0x21aac9e5640 0x140c 0x0 0x0 0x1890005 0x0 0x21aac9e4308 0x140c 0x0 0x0 0x18c0004 0x0 0x21aac9e5640 0x140c 0x0 0x0 0x1910005 0x0 0x21aac9e5640 0x140c 0x0 0x0 0x1980005 0x0 0x21aac9e4308 0x140c 0x0 0x0 0x19b0004 0x0 0x21aac9e5640 0x140c 0x0 0x0 0x19f0005 0x0 0x21aac9e4308 0x140c 0x0 0x0 0x1a20005 0x0 0x21aac9e5640 0x140c 0x0 0x0 0x1a90005 0x0 0x21aac9e4308 0x140c 0x0 0x0 0x1ac0004 0x0 0x21aac9e5640 0x140c 0x0 0x0 0x1b10005 0x0 0x21aac9e5640 0x140c 0x0 0x0 0x1b70005 0x0 0x21aac9e5640 0x140c 0x0 0x0 0x1be0005 0x0 0x21aac9e4308 0x140c 0x0 0x0 0x1c10004 0x0 0x21aac9e5640 0x140c 0x0 0x0 0x1c80005 0x0 0x21aac9e5640 0x140c 0x0 0x0 0x0 0x0 0x0 0x0 0x0 0x0 0x9 0x7 0x0 0x0 0x0 0x0 0x0 0x0 0x0 oops 86 2 sun/security/ec/point/ProjectivePoint$Mutable 8 sun/security/util/math/intpoly/IntegerPolynomial$MutableElement 14 sun/security/util/math/intpoly/IntegerPolynomial$MutableElement 20 sun/security/ec/point/ProjectivePoint$Mutable 26 sun/security/util/math/intpoly/IntegerPolynomial$MutableElement 32 sun/security/util/math/intpoly/IntegerPolynomial$MutableElement 38 sun/security/ec/point/ProjectivePoint$Mutable 44 sun/security/util/math/intpoly/IntegerPolynomial$MutableElement 50 sun/security/util/math/intpoly/IntegerPolynomial$MutableElement 56 sun/security/ec/point/ProjectivePoint$Mutable 62 sun/security/util/math/intpoly/IntegerPolynomial$MutableElement 68 sun/security/ec/point/ProjectivePoint$Mutable 74 sun/security/util/math/intpoly/IntegerPolynomial$MutableElement 80 sun/security/ec/point/ProjectivePoint$Mutable 86 sun/security/util/math/intpoly/IntegerPolynomial$MutableElement 92 sun/security/ec/point/ProjectivePoint$Mutable 98 sun/security/util/math/intpoly/IntegerPolynomial$MutableElement 104 sun/security/util/math/intpoly/IntegerPolynomial$MutableElement 110 sun/security/ec/point/ProjectivePoint$Mutable 116 sun/security/util/math/intpoly/IntegerPolynomial$MutableElement 122 sun/security/ec/point/ProjectivePoint$Mutable 128 sun/security/util/math/intpoly/IntegerPolynomial$MutableElement 134 sun/security/ec/point/ProjectivePoint$Mutable 140 sun/security/util/math/intpoly/IntegerPolynomial$MutableElement 146 sun/security/util/math/intpoly/IntegerPolynomial$MutableElement 152 sun/security/ec/point/ProjectivePoint$Mutable 158 sun/security/util/math/intpoly/IntegerPolynomial$MutableElement 164 sun/security/util/math/intpoly/IntegerPolynomial$MutableElement 170 sun/security/util/math/intpoly/IntegerPolynomial$MutableElement 176 sun/security/ec/point/ProjectivePoint$Mutable 182 sun/security/util/math/intpoly/IntegerPolynomial$MutableElement 188 sun/security/ec/point/ProjectivePoint$Mutable 194 sun/security/util/math/intpoly/IntegerPolynomial$MutableElement 200 sun/security/ec/point/ProjectivePoint$Mutable 206 sun/security/util/math/intpoly/IntegerPolynomial$MutableElement 212 sun/security/util/math/intpoly/IntegerPolynomial$MutableElement 218 sun/security/ec/point/ProjectivePoint$Mutable 224 sun/security/util/math/intpoly/IntegerPolynomial$MutableElement 230 sun/security/util/math/intpoly/IntegerPolynomial$MutableElement 236 sun/security/ec/point/ProjectivePoint$Mutable 242 sun/security/util/math/intpoly/IntegerPolynomial$MutableElement 248 sun/security/ec/point/ProjectivePoint$Mutable 254 sun/security/util/math/intpoly/IntegerPolynomial$MutableElement 260 sun/security/util/math/intpoly/IntegerPolynomial$MutableElement 266 sun/security/ec/point/ProjectivePoint$Mutable 272 sun/security/util/math/intpoly/IntegerPolynomial$MutableElement 278 sun/security/ec/point/ProjectivePoint$Mutable 284 sun/security/util/math/intpoly/IntegerPolynomial$MutableElement 290 sun/security/ec/point/ProjectivePoint$Mutable 296 sun/security/util/math/intpoly/IntegerPolynomial$MutableElement 302 sun/security/util/math/intpoly/IntegerPolynomial$MutableElement 308 sun/security/util/math/intpoly/IntegerPolynomial$MutableElement 314 sun/security/ec/point/ProjectivePoint$Mutable 320 sun/security/util/math/intpoly/IntegerPolynomial$MutableElement 326 sun/security/util/math/intpoly/IntegerPolynomial$MutableElement 332 sun/security/ec/point/ProjectivePoint$Mutable 338 sun/security/util/math/intpoly/IntegerPolynomial$MutableElement 344 sun/security/util/math/intpoly/IntegerPolynomial$MutableElement 350 sun/security/ec/point/ProjectivePoint$Mutable 356 sun/security/util/math/intpoly/IntegerPolynomial$MutableElement 362 sun/security/util/math/intpoly/IntegerPolynomial$MutableElement 368 sun/security/ec/point/ProjectivePoint$Mutable 374 sun/security/util/math/intpoly/IntegerPolynomial$MutableElement 380 sun/security/util/math/intpoly/IntegerPolynomial$MutableElement 386 sun/security/util/math/intpoly/IntegerPolynomial$MutableElement 392 sun/security/util/math/intpoly/IntegerPolynomial$MutableElement 398 sun/security/ec/point/ProjectivePoint$Mutable 404 sun/security/util/math/intpoly/IntegerPolynomial$MutableElement 410 sun/security/ec/point/ProjectivePoint$Mutable 416 sun/security/util/math/intpoly/IntegerPolynomial$MutableElement 422 sun/security/util/math/intpoly/IntegerPolynomial$MutableElement 428 sun/security/util/math/intpoly/IntegerPolynomial$MutableElement 434 sun/security/ec/point/ProjectivePoint$Mutable 440 sun/security/util/math/intpoly/IntegerPolynomial$MutableElement 446 sun/security/util/math/intpoly/IntegerPolynomial$MutableElement 452 sun/security/ec/point/ProjectivePoint$Mutable 458 sun/security/util/math/intpoly/IntegerPolynomial$MutableElement 464 sun/security/ec/point/ProjectivePoint$Mutable 470 sun/security/util/math/intpoly/IntegerPolynomial$MutableElement 476 sun/security/ec/point/ProjectivePoint$Mutable 482 sun/security/util/math/intpoly/IntegerPolynomial$MutableElement 488 sun/security/util/math/intpoly/IntegerPolynomial$MutableElement 494 sun/security/util/math/intpoly/IntegerPolynomial$MutableElement 500 sun/security/ec/point/ProjectivePoint$Mutable 506 sun/security/util/math/intpoly/IntegerPolynomial$MutableElement 512 sun/security/util/math/intpoly/IntegerPolynomial$MutableElement methods 0
ciMethod sun/security/util/math/intpoly/IntegerPolynomial25519 carryReduce ([JJJJJJJJJJJJJJJJJJJJ)V 570 0 2805 0 -1
ciMethod sun/security/util/math/intpoly/IntegerPolynomial25519 carryReduce ([JJJJJJJJJJJ)V 692 0 510 0 0
ciMethod sun/security/util/math/intpoly/IntegerPolynomial25519 mult ([J[J[J)V 540 0 3059 0 -1
ciMethod sun/security/util/math/intpoly/IntegerPolynomial25519 reduce ([J)V 510 0 255 0 0
ciMethod sun/security/util/math/intpoly/IntegerPolynomial25519 square ([J[J)V 1024 0 2550 0 -1
ciInstanceKlass sun/security/util/math/IntegerFieldModuloP 1 1 27 11 7 12 1 1 1 100 1 1 1 1 1 1 1 1 1 1 1 1 1 1 1 1 1 1 1
ciMethod sun/security/util/math/intpoly/IntegerPolynomial reduce ([J)V 0 0 1 0 -1
ciMethod sun/security/util/math/intpoly/IntegerPolynomial multByInt ([JJ)V 452 4520 10372 0 536
ciMethod sun/security/util/math/intpoly/IntegerPolynomial mult ([J[J[J)V 0 0 1 0 -1
ciMethod sun/security/util/math/intpoly/IntegerPolynomial square ([J[J)V 0 0 1 0 -1
instanceKlass sun/security/util/math/intpoly/P521OrderField
instanceKlass sun/security/util/math/intpoly/P384OrderField
instanceKlass sun/security/util/math/intpoly/IntegerPolynomialP521
instanceKlass sun/security/util/math/intpoly/IntegerPolynomialP384
instanceKlass sun/security/util/math/intpoly/MontgomeryIntegerPolynomialP256
instanceKlass sun/security/util/math/intpoly/P256OrderField
instanceKlass sun/security/util/math/intpoly/IntegerPolynomialP256
instanceKlass sun/security/util/math/intpoly/Curve448OrderField
instanceKlass sun/security/util/math/intpoly/IntegerPolynomial448
instanceKlass sun/security/util/math/intpoly/Curve25519OrderField
instanceKlass sun/security/util/math/intpoly/IntegerPolynomial25519
ciInstanceKlass sun/security/util/math/intpoly/IntegerPolynomial 1 1 351 10 7 12 1 1 1 10 7 12 1 1 1 9 12 1 1 9 12 1 1 9 12 1 9 12 1 9 12 1 10 12 1 1 9 12 1 1 10 12 1 1 7 1 10 12 1 10 12 1 10 7 12 1 1 1 100 1 100 1 10 8 1 10 12 1 1 10 12 1 10 12 1 1 10 12 1 7 1 10 12 1 10 12 1 1 10 12 1 1 10 7 12 1 1 10 12 1 1 10 12 1 10 7 12 1 1 1 10 12 1 10 7 12 1 1 1 10 7 12 1 1 1 10 12 1 1 9 7 12 1 1 1 10 12 1 1 10 12 1 10 12 1 10 12 1 9 7 12 1 1 10 12 1 1 10 12 1 1 10 12 1 1 10 12 1 10 12 1 1 10 12 1 1 10 12 10 12 1 1 10 12 1 10 12 1 10 12 1 1 10 7 12 1 1 10 12 1 10 12 1 1 10 12 1 1 10 12 1 1 10 12 1 10 12 1 1 10 12 1 5 0 9 12 1 100 1 1 1 1 1 1 1 1 1 1 1 1 1 1 1 1 1 1 1 1 1 1 1 1 1 1 1 1 1 1 1 1 1 1 1 1 1 1 1 1 1 1 1 1 1 1 1 1 1 1 1 1 1 1 1 1 1 1 1 1 1 1 1 1 1 100 1 1 1 1 1 1 1 1 1 1 1 1 1 1 1 1 1 1 1 1 1 1 1 100 1 100 1 1 100 1 100 1 100 1 100 1 100 1 100 1 100 1 100 1 100 1 100 1 100 1 100 1 100 1 1 1 1 1 1
staticfield sun/security/util/math/intpoly/IntegerPolynomial TWO Ljava/math/BigInteger; java/math/BigInteger
ciMethod sun/security/util/math/IntegerModuloP getField ()Lsun/security/util/math/IntegerFieldModuloP; 0 0 1 0 -1
ciInstanceKlass sun/security/util/math/IntegerModuloP 1 1 115 11 7 12 1 1 1 11 12 1 1 11 12 1 1 11 7 12 1 1 1 11 7 12 1 1 1 11 12 1 1 11 12 1 1 11 12 1 11 12 1 11 12 1 11 100 12 1 1 1 11 10 100 12 1 1 1 10 12 1 1 11 100 12 1 1 1 11 12 1 11 12 1 100 1 1 1 1 1 1 1 1 1 1 1 1 1 1 1 1 1 1 1 1 1 1 1 1 1 1 1 1 1 1 100 1 100 1 100 1 1 1 1 1 1
ciInstanceKlass sun/security/util/math/ImmutableIntegerModuloP 1 0 53 100 1 100 1 100 1 1 1 1 100 1 8 1 1 12 10 1 1 1 8 1 1 1 8 1 1 1 8 1 1 8 1 1 1 8 1 1 1 8 1 1 1 8 1 1 8 1 1 1 8 1 1
instanceKlass sun/security/util/math/intpoly/IntegerPolynomial$MutableElement
instanceKlass sun/security/util/math/intpoly/IntegerPolynomial$ImmutableElement
ciInstanceKlass sun/security/util/math/intpoly/IntegerPolynomial$Element 1 1 185 10 7 12 1 1 1 9 7 12 1 1 1 10 7 12 1 1 1 9 7 12 1 1 1 9 12 1 1 10 12 1 1 9 12 1 10 12 1 1 10 12 1 1 7 1 10 7 12 1 1 10 12 1 9 12 1 1 11 100 12 1 1 1 100 1 10 9 12 1 10 12 1 1 10 100 12 1 1 1 7 1 10 10 12 1 1 10 100 12 1 1 1 9 12 1 10 12 1 1 10 12 1 10 12 1 1 10 12 1 1 10 12 1 10 12 1 1 10 12 1 10 12 1 10 12 1 1 10 7 12 1 1 1 1 1 1 1 1 1 1 1 1 1 1 1 1 1 1 1 1 1 1 1 1 1 1 1 1 1 1 1 1 1 1 1 1 1 1 1 1 1 1 1 1 1 1 1 100 1 8 1 12 10 1
staticfield sun/security/util/math/intpoly/IntegerPolynomial$Element $assertionsDisabled Z 1
ciInstanceKlass sun/security/util/math/SmallValue 1 0 7 100 1 100 1 1 1
ciInstanceKlass sun/security/ec/point/Point 1 0 17 100 1 100 1 1 1 1 1 1 1 1 1 1 1 1 1
ciInstanceKlass sun/security/util/math/IntegerMontgomeryFieldModuloP 1 0 41 100 1 100 1 100 1 1 1 1 1 1 1 1 100 1 8 1 1 12 10 1 1 1 8 1 1 1 8 1 1 8 1 1 1 8 1 1 8 1 1
ciMethod sun/security/ec/point/ProjectivePoint getX ()Lsun/security/util/math/IntegerModuloP; 276 0 138 0 0
ciMethod sun/security/ec/point/ProjectivePoint getY ()Lsun/security/util/math/IntegerModuloP; 286 0 143 0 0
ciMethod sun/security/ec/point/ProjectivePoint getZ ()Lsun/security/util/math/IntegerModuloP; 284 0 142 0 0
instanceKlass sun/security/ec/point/ProjectivePoint$Mutable
instanceKlass sun/security/ec/point/ProjectivePoint$Immutable
ciInstanceKlass sun/security/ec/point/ProjectivePoint 1 1 137 10 7 12 1 1 1 9 7 12 1 1 1 9 12 1 9 12 1 11 7 12 1 1 1 7 1 11 12 1 1 10 12 1 7 1 11 12 1 1 10 12 1 11 12 1 7 1 11 12 1 1 10 12 1 10 12 1 1 10 12 1 11 100 12 1 1 1 11 12 1 1 10 100 12 1 1 1 10 12 1 10 12 1 1 10 12 1 1 11 100 1 10 10 12 1 10 12 1 1 1 1 1 1 1 1 1 1 1 1 1 1 1 1 1 1 1 1 1 1 1 1 1 1 1 1 1 1 1 1 1 1 1 1 1 1 1
compile sun/security/ec/ECOperations setDouble (Lsun/security/ec/point/ProjectivePoint$Mutable;Lsun/security/util/math/MutableIntegerModuloP;Lsun/security/util/math/MutableIntegerModuloP;Lsun/security/util/math/MutableIntegerModuloP;Lsun/security/util/math/MutableIntegerModuloP;Lsun/security/util/math/MutableIntegerModuloP;)V -1 4 inline 121 0 -1 0 sun/security/ec/ECOperations setDouble (Lsun/security/ec/point/ProjectivePoint$Mutable;Lsun/security/util/math/MutableIntegerModuloP;Lsun/security/util/math/MutableIntegerModuloP;Lsun/security/util/math/MutableIntegerModuloP;Lsun/security/util/math/MutableIntegerModuloP;Lsun/security/util/math/MutableIntegerModuloP;)V 1 2 0 sun/security/ec/point/ProjectivePoint getX ()Lsun/security/util/math/IntegerModuloP; 1 5 0 sun/security/util/math/intpoly/IntegerPolynomial$MutableElement setValue (Lsun/security/util/math/IntegerModuloP;)Lsun/security/util/math/MutableIntegerModuloP; 2 2 0 sun/security/util/math/intpoly/IntegerPolynomial$MutableElement setValue (Lsun/security/util/math/IntegerModuloP;)Lsun/security/util/math/intpoly/IntegerPolynomial$MutableElement; 1 10 0 sun/security/util/math/intpoly/IntegerPolynomial$MutableElement setSquare ()Lsun/security/util/math/MutableIntegerModuloP; 2 1 0 sun/security/util/math/intpoly/IntegerPolynomial$MutableElement setSquare ()Lsun/security/util/math/intpoly/IntegerPolynomial$MutableElement; 3 42 0 sun/security/util/math/intpoly/MontgomeryIntegerPolynomialP256 square ([J[J)V 1 18 0 sun/security/ec/point/ProjectivePoint getY ()Lsun/security/util/math/IntegerModuloP; 1 21 0 sun/security/util/math/intpoly/IntegerPolynomial$MutableElement setValue (Lsun/security/util/math/IntegerModuloP;)Lsun/security/util/math/MutableIntegerModuloP; 2 2 0 sun/security/util/math/intpoly/IntegerPolynomial$MutableElement setValue (Lsun/security/util/math/IntegerModuloP;)Lsun/security/util/math/intpoly/IntegerPolynomial$MutableElement; 1 26 0 sun/security/util/math/intpoly/IntegerPolynomial$MutableElement setSquare ()Lsun/security/util/math/MutableIntegerModuloP; 2 1 0 sun/security/util/math/intpoly/IntegerPolynomial$MutableElement setSquare ()Lsun/security/util/math/intpoly/IntegerPolynomial$MutableElement; 3 42 0 sun/security/util/math/intpoly/MontgomeryIntegerPolynomialP256 square ([J[J)V 1 35 0 sun/security/ec/point/ProjectivePoint getZ ()Lsun/security/util/math/IntegerModuloP; 1 38 0 sun/security/util/math/intpoly/IntegerPolynomial$MutableElement setValue (Lsun/security/util/math/IntegerModuloP;)Lsun/security/util/math/MutableIntegerModuloP; 2 2 0 sun/security/util/math/intpoly/IntegerPolynomial$MutableElement setValue (Lsun/security/util/math/IntegerModuloP;)Lsun/security/util/math/intpoly/IntegerPolynomial$MutableElement; 1 43 0 sun/security/util/math/intpoly/IntegerPolynomial$MutableElement setSquare ()Lsun/security/util/math/MutableIntegerModuloP; 2 1 0 sun/security/util/math/intpoly/IntegerPolynomial$MutableElement setSquare ()Lsun/security/util/math/intpoly/IntegerPolynomial$MutableElement; 3 42 0 sun/security/util/math/intpoly/MontgomeryIntegerPolynomialP256 square ([J[J)V 1 52 0 sun/security/ec/point/ProjectivePoint getX ()Lsun/security/util/math/IntegerModuloP; 1 55 0 sun/security/util/math/intpoly/IntegerPolynomial$MutableElement setValue (Lsun/security/util/math/IntegerModuloP;)Lsun/security/util/math/MutableIntegerModuloP; 2 2 0 sun/security/util/math/intpoly/IntegerPolynomial$MutableElement setValue (Lsun/security/util/math/IntegerModuloP;)Lsun/security/util/math/intpoly/IntegerPolynomial$MutableElement; 1 61 0 sun/security/ec/point/ProjectivePoint getY ()Lsun/security/util/math/IntegerModuloP; 1 64 0 sun/security/util/math/intpoly/IntegerPolynomial$MutableElement setProduct (Lsun/security/util/math/IntegerModuloP;)Lsun/security/util/math/MutableIntegerModuloP; 2 2 0 sun/security/util/math/intpoly/IntegerPolynomial$MutableElement setProduct (Lsun/security/util/math/IntegerModuloP;)Lsun/security/util/math/intpoly/IntegerPolynomial$MutableElement; 1 73 0 sun/security/ec/point/ProjectivePoint getY ()Lsun/security/util/math/IntegerModuloP; 1 76 0 sun/security/util/math/intpoly/IntegerPolynomial$MutableElement setValue (Lsun/security/util/math/IntegerModuloP;)Lsun/security/util/math/MutableIntegerModuloP; 2 2 0 sun/security/util/math/intpoly/IntegerPolynomial$MutableElement setValue (Lsun/security/util/math/IntegerModuloP;)Lsun/security/util/math/intpoly/IntegerPolynomial$MutableElement; 1 82 0 sun/security/ec/point/ProjectivePoint getZ ()Lsun/security/util/math/IntegerModuloP; 1 85 0 sun/security/util/math/intpoly/IntegerPolynomial$MutableElement setProduct (Lsun/security/util/math/IntegerModuloP;)Lsun/security/util/math/MutableIntegerModuloP; 2 2 0 sun/security/util/math/intpoly/IntegerPolynomial$MutableElement setProduct (Lsun/security/util/math/IntegerModuloP;)Lsun/security/util/math/intpoly/IntegerPolynomial$MutableElement; 1 95 0 sun/security/util/math/intpoly/IntegerPolynomial$MutableElement setSum (Lsun/security/util/math/IntegerModuloP;)Lsun/security/util/math/MutableIntegerModuloP; 2 2 0 sun/security/util/math/intpoly/IntegerPolynomial$MutableElement setSum (Lsun/security/util/math/IntegerModuloP;)Lsun/security/util/math/intpoly/IntegerPolynomial$MutableElement; 1 102 0 sun/security/ec/point/ProjectivePoint getZ ()Lsun/security/util/math/IntegerModuloP; 1 109 0 sun/security/ec/point/ProjectivePoint getX ()Lsun/security/util/math/IntegerModuloP; 1 112 0 sun/security/util/math/intpoly/IntegerPolynomial$MutableElement setProduct (Lsun/security/util/math/IntegerModuloP;)Lsun/security/util/math/MutableIntegerModuloP; 2 2 0 sun/security/util/math/intpoly/IntegerPolynomial$MutableElement setProduct (Lsun/security/util/math/IntegerModuloP;)Lsun/security/util/math/intpoly/IntegerPolynomial$MutableElement; 1 119 0 sun/security/ec/point/ProjectivePoint getZ ()Lsun/security/util/math/IntegerModuloP; 1 129 0 sun/security/util/math/intpoly/IntegerPolynomial$MutableElement setProduct (Lsun/security/util/math/SmallValue;)Lsun/security/util/math/MutableIntegerModuloP; 2 2 0 sun/security/util/math/intpoly/IntegerPolynomial$MutableElement setProduct (Lsun/security/util/math/SmallValue;)Lsun/security/util/math/intpoly/IntegerPolynomial$MutableElement; 3 48 0 sun/security/util/math/intpoly/IntegerPolynomial multByInt ([JJ)V 4 26 0 sun/security/util/math/intpoly/IntegerPolynomial25519 reduce ([J)V 1 136 0 sun/security/ec/point/ProjectivePoint getY ()Lsun/security/util/math/IntegerModuloP; 1 144 0 sun/security/util/math/intpoly/IntegerPolynomial$MutableElement setValue (Lsun/security/util/math/IntegerModuloP;)Lsun/security/util/math/MutableIntegerModuloP; 2 2 0 sun/security/util/math/intpoly/IntegerPolynomial$MutableElement setValue (Lsun/security/util/math/IntegerModuloP;)Lsun/security/util/math/intpoly/IntegerPolynomial$MutableElement; 1 153 0 sun/security/util/math/intpoly/IntegerPolynomial$MutableElement setProduct (Lsun/security/util/math/IntegerModuloP;)Lsun/security/util/math/MutableIntegerModuloP; 2 2 0 sun/security/util/math/intpoly/IntegerPolynomial$MutableElement setProduct (Lsun/security/util/math/IntegerModuloP;)Lsun/security/util/math/intpoly/IntegerPolynomial$MutableElement; 1 160 0 sun/security/ec/point/ProjectivePoint getY ()Lsun/security/util/math/IntegerModuloP; 1 167 0 sun/security/ec/point/ProjectivePoint getZ ()Lsun/security/util/math/IntegerModuloP; 1 170 0 sun/security/util/math/intpoly/IntegerPolynomial$MutableElement setDifference (Lsun/security/util/math/IntegerModuloP;)Lsun/security/util/math/MutableIntegerModuloP; 2 2 0 sun/security/util/math/intpoly/IntegerPolynomial$MutableElement setDifference (Lsun/security/util/math/IntegerModuloP;)Lsun/security/util/math/intpoly/IntegerPolynomial$MutableElement; 1 177 0 sun/security/ec/point/ProjectivePoint getY ()Lsun/security/util/math/IntegerModuloP; 1 187 0 sun/security/util/math/intpoly/IntegerPolynomial$MutableElement setProduct (Lsun/security/util/math/SmallValue;)Lsun/security/util/math/MutableIntegerModuloP; 2 2 0 sun/security/util/math/intpoly/IntegerPolynomial$MutableElement setProduct (Lsun/security/util/math/SmallValue;)Lsun/security/util/math/intpoly/IntegerPolynomial$MutableElement; 3 48 0 sun/security/util/math/intpoly/IntegerPolynomial multByInt ([JJ)V 4 26 0 sun/security/util/math/intpoly/IntegerPolynomial25519 reduce ([J)V 1 194 0 sun/security/ec/point/ProjectivePoint getX ()Lsun/security/util/math/IntegerModuloP; 1 201 0 sun/security/util/math/intpoly/IntegerPolynomial$MutableElement setValue (Lsun/security/util/math/IntegerModuloP;)Lsun/security/util/math/MutableIntegerModuloP; 2 2 0 sun/security/util/math/intpoly/IntegerPolynomial$MutableElement setValue (Lsun/security/util/math/IntegerModuloP;)Lsun/security/util/math/intpoly/IntegerPolynomial$MutableElement; 1 207 0 sun/security/ec/point/ProjectivePoint getY ()Lsun/security/util/math/IntegerModuloP; 1 210 0 sun/security/util/math/intpoly/IntegerPolynomial$MutableElement setDifference (Lsun/security/util/math/IntegerModuloP;)Lsun/security/util/math/MutableIntegerModuloP; 2 2 0 sun/security/util/math/intpoly/IntegerPolynomial$MutableElement setDifference (Lsun/security/util/math/IntegerModuloP;)Lsun/security/util/math/intpoly/IntegerPolynomial$MutableElement; 1 217 0 sun/security/ec/point/ProjectivePoint getY ()Lsun/security/util/math/IntegerModuloP; 1 224 0 sun/security/util/math/intpoly/IntegerPolynomial$MutableElement setSum (Lsun/security/util/math/IntegerModuloP;)Lsun/security/util/math/MutableIntegerModuloP; 2 2 0 sun/security/util/math/intpoly/IntegerPolynomial$MutableElement setSum (Lsun/security/util/math/IntegerModuloP;)Lsun/security/util/math/intpoly/IntegerPolynomial$MutableElement; 1 231 0 sun/security/ec/point/ProjectivePoint getY ()Lsun/security/util/math/IntegerModuloP; 1 238 0 sun/security/ec/point/ProjectivePoint getX ()Lsun/security/util/math/IntegerModuloP; 1 241 0 sun/security/util/math/intpoly/IntegerPolynomial$MutableElement setProduct (Lsun/security/util/math/IntegerModuloP;)Lsun/security/util/math/MutableIntegerModuloP; 2 2 0 sun/security/util/math/intpoly/IntegerPolynomial$MutableElement setProduct (Lsun/security/util/math/IntegerModuloP;)Lsun/security/util/math/intpoly/IntegerPolynomial$MutableElement; 1 248 0 sun/security/ec/point/ProjectivePoint getX ()Lsun/security/util/math/IntegerModuloP; 1 256 0 sun/security/util/math/intpoly/IntegerPolynomial$MutableElement setProduct (Lsun/security/util/math/IntegerModuloP;)Lsun/security/util/math/MutableIntegerModuloP; 2 2 0 sun/security/util/math/intpoly/IntegerPolynomial$MutableElement setProduct (Lsun/security/util/math/IntegerModuloP;)Lsun/security/util/math/intpoly/IntegerPolynomial$MutableElement; 1 268 0 sun/security/util/math/intpoly/IntegerPolynomial$MutableElement setProduct (Lsun/security/util/math/SmallValue;)Lsun/security/util/math/MutableIntegerModuloP; 2 2 0 sun/security/util/math/intpoly/IntegerPolynomial$MutableElement setProduct (Lsun/security/util/math/SmallValue;)Lsun/security/util/math/intpoly/IntegerPolynomial$MutableElement; 3 48 0 sun/security/util/math/intpoly/IntegerPolynomial multByInt ([JJ)V 4 26 0 sun/security/util/math/intpoly/IntegerPolynomial25519 reduce ([J)V 1 275 0 sun/security/ec/point/ProjectivePoint getZ ()Lsun/security/util/math/IntegerModuloP; 1 285 0 sun/security/util/math/intpoly/IntegerPolynomial$MutableElement setProduct (Lsun/security/util/math/IntegerModuloP;)Lsun/security/util/math/MutableIntegerModuloP; 2 2 0 sun/security/util/math/intpoly/IntegerPolynomial$MutableElement setProduct (Lsun/security/util/math/IntegerModuloP;)Lsun/security/util/math/intpoly/IntegerPolynomial$MutableElement; 1 292 0 sun/security/ec/point/ProjectivePoint getZ ()Lsun/security/util/math/IntegerModuloP; 1 300 0 sun/security/util/math/intpoly/IntegerPolynomial$MutableElement setDifference (Lsun/security/util/math/IntegerModuloP;)Lsun/security/util/math/MutableIntegerModuloP; 2 2 0 sun/security/util/math/intpoly/IntegerPolynomial$MutableElement setDifference (Lsun/security/util/math/IntegerModuloP;)Lsun/security/util/math/intpoly/IntegerPolynomial$MutableElement; 1 307 0 sun/security/ec/point/ProjectivePoint getZ ()Lsun/security/util/math/IntegerModuloP; 1 314 0 sun/security/util/math/intpoly/IntegerPolynomial$MutableElement setDifference (Lsun/security/util/math/IntegerModuloP;)Lsun/security/util/math/MutableIntegerModuloP; 2 2 0 sun/security/util/math/intpoly/IntegerPolynomial$MutableElement setDifference (Lsun/security/util/math/IntegerModuloP;)Lsun/security/util/math/intpoly/IntegerPolynomial$MutableElement; 1 321 0 sun/security/ec/point/ProjectivePoint getZ ()Lsun/security/util/math/IntegerModuloP; 1 331 0 sun/security/util/math/intpoly/IntegerPolynomial$MutableElement setProduct (Lsun/security/util/math/SmallValue;)Lsun/security/util/math/MutableIntegerModuloP; 2 2 0 sun/security/util/math/intpoly/IntegerPolynomial$MutableElement setProduct (Lsun/security/util/math/SmallValue;)Lsun/security/util/math/intpoly/IntegerPolynomial$MutableElement; 3 48 0 sun/security/util/math/intpoly/IntegerPolynomial multByInt ([JJ)V 4 26 0 sun/security/util/math/intpoly/IntegerPolynomial25519 reduce ([J)V 1 342 0 sun/security/util/math/intpoly/IntegerPolynomial$MutableElement setProduct (Lsun/security/util/math/SmallValue;)Lsun/security/util/math/MutableIntegerModuloP; 2 2 0 sun/security/util/math/intpoly/IntegerPolynomial$MutableElement setProduct (Lsun/security/util/math/SmallValue;)Lsun/security/util/math/intpoly/IntegerPolynomial$MutableElement; 3 48 0 sun/security/util/math/intpoly/IntegerPolynomial multByInt ([JJ)V 4 26 0 sun/security/util/math/intpoly/IntegerPolynomial25519 reduce ([J)V 1 351 0 sun/security/util/math/intpoly/IntegerPolynomial$MutableElement setDifference (Lsun/security/util/math/IntegerModuloP;)Lsun/security/util/math/MutableIntegerModuloP; 2 2 0 sun/security/util/math/intpoly/IntegerPolynomial$MutableElement setDifference (Lsun/security/util/math/IntegerModuloP;)Lsun/security/util/math/intpoly/IntegerPolynomial$MutableElement; 1 359 0 sun/security/ec/point/ProjectivePoint getZ ()Lsun/security/util/math/IntegerModuloP; 1 362 0 sun/security/util/math/intpoly/IntegerPolynomial$MutableElement setProduct (Lsun/security/util/math/IntegerModuloP;)Lsun/security/util/math/MutableIntegerModuloP; 2 2 0 sun/security/util/math/intpoly/IntegerPolynomial$MutableElement setProduct (Lsun/security/util/math/IntegerModuloP;)Lsun/security/util/math/intpoly/IntegerPolynomial$MutableElement; 1 369 0 sun/security/ec/point/ProjectivePoint getY ()Lsun/security/util/math/IntegerModuloP; 1 376 0 sun/security/util/math/intpoly/IntegerPolynomial$MutableElement setSum (Lsun/security/util/math/IntegerModuloP;)Lsun/security/util/math/MutableIntegerModuloP; 2 2 0 sun/security/util/math/intpoly/IntegerPolynomial$MutableElement setSum (Lsun/security/util/math/IntegerModuloP;)Lsun/security/util/math/intpoly/IntegerPolynomial$MutableElement; 1 386 0 sun/security/util/math/intpoly/IntegerPolynomial$MutableElement setSum (Lsun/security/util/math/IntegerModuloP;)Lsun/security/util/math/MutableIntegerModuloP; 2 2 0 sun/security/util/math/intpoly/IntegerPolynomial$MutableElement setSum (Lsun/security/util/math/IntegerModuloP;)Lsun/security/util/math/intpoly/IntegerPolynomial$MutableElement; 1 393 0 sun/security/ec/point/ProjectivePoint getZ ()Lsun/security/util/math/IntegerModuloP; 1 401 0 sun/security/util/math/intpoly/IntegerPolynomial$MutableElement setProduct (Lsun/security/util/math/IntegerModuloP;)Lsun/security/util/math/MutableIntegerModuloP; 2 2 0 sun/security/util/math/intpoly/IntegerPolynomial$MutableElement setProduct (Lsun/security/util/math/IntegerModuloP;)Lsun/security/util/math/intpoly/IntegerPolynomial$MutableElement; 1 408 0 sun/security/ec/point/ProjectivePoint getX ()Lsun/security/util/math/IntegerModuloP; 1 415 0 sun/security/ec/point/ProjectivePoint getZ ()Lsun/security/util/math/IntegerModuloP; 1 418 0 sun/security/util/math/intpoly/IntegerPolynomial$MutableElement setDifference (Lsun/security/util/math/IntegerModuloP;)Lsun/security/util/math/MutableIntegerModuloP; 2 2 0 sun/security/util/math/intpoly/IntegerPolynomial$MutableElement setDifference (Lsun/security/util/math/IntegerModuloP;)Lsun/security/util/math/intpoly/IntegerPolynomial$MutableElement; 1 425 0 sun/security/ec/point/ProjectivePoint getZ ()Lsun/security/util/math/IntegerModuloP; 1 433 0 sun/security/util/math/intpoly/IntegerPolynomial$MutableElement setValue (Lsun/security/util/math/IntegerModuloP;)Lsun/security/util/math/MutableIntegerModuloP; 2 2 0 sun/security/util/math/intpoly/IntegerPolynomial$MutableElement setValue (Lsun/security/util/math/IntegerModuloP;)Lsun/security/util/math/intpoly/IntegerPolynomial$MutableElement; 1 439 0 sun/security/util/math/intpoly/IntegerPolynomial$MutableElement setProduct (Lsun/security/util/math/IntegerModuloP;)Lsun/security/util/math/MutableIntegerModuloP; 2 2 0 sun/security/util/math/intpoly/IntegerPolynomial$MutableElement setProduct (Lsun/security/util/math/IntegerModuloP;)Lsun/security/util/math/intpoly/IntegerPolynomial$MutableElement; 1 446 0 sun/security/ec/point/ProjectivePoint getZ ()Lsun/security/util/math/IntegerModuloP; 1 456 0 sun/security/util/math/intpoly/IntegerPolynomial$MutableElement setProduct (Lsun/security/util/math/SmallValue;)Lsun/security/util/math/MutableIntegerModuloP; 2 2 0 sun/security/util/math/intpoly/IntegerPolynomial$MutableElement setProduct (Lsun/security/util/math/SmallValue;)Lsun/security/util/math/intpoly/IntegerPolynomial$MutableElement; 3 48 0 sun/security/util/math/intpoly/IntegerPolynomial multByInt ([JJ)V 4 26 0 sun/security/util/math/intpoly/IntegerPolynomial25519 reduce ([J)V
